Date,Close,High,Low,Open,Volume,Daily_Return,Log_Return,Intraday_Range_Pct,Volume_Change_Pct,Rolling_Volatility_20D,Year,Log_Volume,Return_Outlier_IQR,Return_ZScore,Return_Outlier_Z
2020-01-02,72.27153778076172,72.3316938789073,71.02991503384398,71.28256770874596,135480400,,,1.801233078798347,,,2020,18.724337545755937,False,,False
2020-01-03,71.56893157958984,72.32689716209705,71.34515259353762,71.50155702432866,146322800,-0.009721755240676533,-0.009769320029699,1.3717468556417722,0.08002928836938783,,2020,18.801325704837964,False,-0.5464045974722449,False
2020-01-06,72.13916778564453,72.17766855781666,70.44276927666618,70.69302062414934,118387200,0.007967650116734504,0.007936075996020881,2.404933872131133,-0.19091761502650306,,2020,18.589471174908827,False,0.340030785131304,False
2020-01-07,71.7999267578125,72.40388908002937,71.5809576466451,72.14882777323544,108872000,-0.004702591369504794,-0.004713683339963708,1.1461452268051608,-0.08037355389771872,,2020,18.50568344740739,False,-0.2948888253703841,False
2020-01-08,72.95491790771484,73.25569843032547,71.50395296037216,71.50395296037216,132079200,0.016086244123872495,0.01595823150237528,2.401134180109964,0.21316040855316332,,2020,18.698912308193826,False,0.7468623794960746,False
2020-01-09,74.50453186035156,74.6970284371342,73.6791919560673,73.92943603722999,170108400,0.021240705864365772,0.02101826640585648,1.366140361736233,0.2879272436538076,,2020,18.95194644474146,False,1.0051580752943097,False
2020-01-10,74.67298126220703,75.23604892918155,74.17248564445511,74.73795456246773,140644800,0.0022609282636820716,0.002258376211322971,1.4242946601955546,-0.17320485055411727,,2020,18.761748128121678,False,0.05406073317004738,False
2020-01-13,76.26829528808594,76.29476778625667,74.87026834030729,74.98817927043977,121532000,0.021364006082429166,0.02113899482432335,1.8677478506221499,-0.1358941105536785,,2020,18.615688168781787,False,1.011336783609586,False
2020-01-14,75.23844146728516,76.4150983993522,75.11572800719021,76.2057563300334,161954400,-0.013503039721954546,-0.013595034843985752,1.727003333431589,0.3326070499950631,,2020,18.902825378266407,False,-0.7358888841495392,False
2020-01-15,74.916015625,75.91701422144251,74.48529580198468,75.03873644474652,121923600,-0.00428538704413961,-0.0042945956328597976,1.9110979241400858,-0.2471732784042916,,2020,18.618905185227593,False,-0.27398226190447295,False
2020-01-16,75.85442352294922,75.9651160195382,75.09645823135983,75.45739478385697,108829200,0.012526131964178733,0.012448329012838698,1.1451643132131397,-0.10739840359044517,,2020,18.505290247919667,False,0.5684612789148417,False
2020-01-17,76.69420623779297,76.69660748800922,75.7966747158336,76.10226501476049,137816400,0.011070978801779097,0.011010144103920932,1.17340385450414,0.26635498561047943,,2020,18.74143292978078,False,0.49554196793765953,False
2020-01-21,76.17447662353516,76.76400206376488,76.03731893774885,76.32366259336249,110843200,-0.006776647673311542,-0.006799713414818662,0.9539719315793875,-0.19571836153026778,,2020,18.523627157007944,False,-0.3988220473221319,False
2020-01-22,76.44638061523438,76.99740524586852,76.35253356734525,76.65812393494353,101832400,0.0035694894635509566,0.0035631339554916056,0.843560772051466,-0.08129321419807445,,2020,18.43883889238309,False,0.11963416113041503,False
2020-01-23,76.81454467773438,76.89394751401544,75.95310504727735,76.49932724037184,104472000,0.0048159776766021345,0.004804417955493601,1.2248233335044483,0.025921023171407098,,2020,18.46442966045432,False,0.18209704406638214,False
2020-01-24,76.59317016601562,77.80110229414466,76.40307478925112,77.05998219911793,146537600,-0.00288193482949739,-0.0028860955996465485,1.8252639260959047,0.40264951374530966,,2020,18.80279261560535,False,-0.20365374176962472,False
2020-01-27,74.34089660644531,75.01945169928203,73.36155372985573,74.60798611282112,161940000,-0.029405670958500774,-0.029846684762997122,2.23012910135195,0.10510885943266435,,2020,18.902736460397367,False,-1.5327870681048954,False
2020-01-28,76.44396209716797,76.6148033558296,75.12052796860432,75.2191848484719,162234000,0.028289482461532733,0.027896725117002072,1.9547330439595711,0.001815487217488032,,2020,18.904550301598647,False,1.3583799532235696,False
2020-01-29,78.04413604736328,78.8887302471814,77.33188970578509,78.07060855632155,216229200,0.020932640149673665,0.020716562617948162,1.9948206492432685,0.3328229594289729,,2020,19.191849518803817,False,0.9897205665622412,False
2020-01-30,77.9310302734375,77.9839679399373,76.69903440937786,77.12975418029563,126743200,-0.0014492539690251771,-0.001450305153303289,1.6488086017225505,-0.41384789843369907,,2020,18.657673557971194,False,-0.13186054233517305,False
2020-01-31,74.47564697265625,77.64466563733676,74.18208496382785,77.2235730132215,199588400,-0.04433899165271271,-0.04535202259296378,4.649279078811087,0.5747464163757898,0.282352076898623,2020,19.11176780893067,True,-2.281112044307071,False
2020-02-03,74.27113342285156,75.4333461257712,72.7215115901091,73.22200714636392,173788400,-0.0027460459642569823,-0.002749823265155232,3.65126316333786,-0.1292660294886877,0.27972269685424894,2020,18.97334903093905,False,-0.19684420262361396,False
2020-02-04,76.72310638427734,76.91320175349885,75.4670464773754,75.8712937858949,136616400,0.0330138083051168,0.03248055723607702,1.8849018819444012,-0.21389229660897968,0.2996596721785376,2020,18.73268756377943,False,1.5951210704113659,False
2020-02-05,77.34871673583984,78.14518291668757,76.74715573258482,77.84680366564679,118826800,0.008154132191012353,0.008121066879454722,1.8074342317498038,-0.13021569884728335,0.29869382679907525,2020,18.593177537092593,False,0.3493756051250374,False
2020-02-06,78.25344848632812,78.25585707985009,77.06236227335305,77.61820397472934,105425600,0.011696790698908499,0.011628912038166916,1.5251657653215904,-0.11277927201607718,0.2967304287101198,2020,18.47351605831577,False,0.5269020841915021,False
2020-02-07,77.18978881835938,78.00261640454451,76.70016229061778,77.75418535570422,117684000,-0.013592495775500368,-0.013685719471869832,1.6873399109714151,0.11627536385849346,0.29513101289541366,2020,18.58351363265979,False,-0.7403716244932033,False
2020-02-10,77.55638885498047,77.55638885498047,75.69918842968313,75.77877968419138,109348800,0.004749333328061933,0.004738090826736273,2.394645306101138,-0.07082696033445501,0.2953165970206934,2020,18.510053340234986,False,0.1787574231236212,False
2020-02-11,77.08848571777344,78.12321641331339,76.87141125259707,78.05086071182195,94323200,-0.006033070184352507,-0.006051342682186729,1.6238549104457256,-0.137409829828951,0.2874836863562385,2020,18.362237751276552,False,-0.3615605689059203,False
2020-02-12,78.91915893554688,78.92398019498478,77.53710627398911,77.53710627398911,113730400,0.023747686839713955,0.023470096685362554,1.7573348977633252,0.20575213733206676,0.2933676008507372,2020,18.549341302049076,False,1.1307856243928753,False
2020-02-13,78.35717010498047,78.68278545723169,77.99055564537478,78.19315895415963,94747600,-0.007121069688862058,-0.007146545521114507,0.8834288054679321,-0.16691051820797254,0.29440208771734766,2020,18.366727082345058,False,-0.41608140991589465,False
2020-02-14,78.37650299072266,78.62493413204714,77.8699908243287,78.32584662159003,80113600,0.00024672771765854584,0.00024669728538077005,0.9632265780061796,-0.1544524610649769,0.29196948396483685,2020,18.198956197873844,False,-0.046873051520833556,False
2020-02-18,76.94136047363281,77.12225708916644,75.88250875090567,76.0634053664393,152531200,-0.018310877142090898,-0.018480596249384258,1.611289858444366,0.9039364102973777,0.29811201196906406,2020,18.842879729805997,False,-0.976814857459813,False
2020-02-19,78.05567932128906,78.28481796940162,77.18255286966328,77.18255286966328,93984000,0.01448270268158458,0.014378830046297654,1.4121523370531968,-0.3838375361893174,0.3010180740033026,2020,18.358635123620594,False,0.6665071700814393,False
2020-02-20,77.25492095947266,78.30412292796458,76.75082321347557,77.8169106346844,100566000,-0.010258809721203743,-0.010311793991513569,2.010615887244081,0.07003319713993861,0.3036035012750228,2020,18.42632479628117,False,-0.5733169828411312,False
2020-02-21,75.5062484741211,77.29110106607291,74.891202892234,76.84970917824121,129554000,-0.022635095132242822,-0.022895201412638497,3.178410028756023,0.2882485134140764,0.314164071455391,2020,18.679608348324134,False,-1.1935061340241528,False
2020-02-24,71.9196548461914,73.36682749250087,69.76096006520021,71.69775916241636,222195200,-0.04750062015276724,-0.048665823060513695,5.013744066225339,0.7150778825817805,0.35716615145027514,2020,19.219066837276806,True,-2.4395446943860613,False
2020-02-25,69.48360443115234,72.96888275320897,69.0132775682206,72.58779705787798,230673600,-0.03387183128518678,-0.03445877374180989,5.692861240248083,0.038157439944697336,0.3620801740854753,2020,19.256514286600705,False,-1.7565912298596082,False
2020-02-26,70.58586883544922,71.8473240795573,69.10251783059799,69.10975340191128,198054800,0.01586366184254384,0.015739149052000533,3.8886058842146416,-0.14140673228319145,0.3505399892533658,2020,19.104054323091578,False,0.7357085387804694,False
2020-02-27,65.97179412841797,68.98191678336323,65.83672522986622,67.80006024068396,320605600,-0.0653682498091459,-0.06760267733601429,4.767479185687621,0.618772178205224,0.4040893585985626,2020,19.58572226835518,True,-3.3349110908621844,True
2020-02-28,65.93318939208984,67.15123091808199,61.83528075907565,62.0499482580576,426510000,-0.0005851703267759634,-0.0005853416057531423,8.062631594224241,0.330326107840911,0.4042983386148291,2020,19.8711463736246,False,-0.08856036923479516,False
2020-03-02,72.07164764404297,72.7059931705142,66.98483395876607,68.08468516851758,341397200,0.09310118786229338,0.08901878300839279,7.93815515361124,-0.19955639961548377,0.5090191339572252,2020,19.648557169696982,True,4.606165150821651,True
2020-03-03,69.78266143798828,73.3234084754312,68.93364883952992,73.24381722467581,319475600,-0.03175987064094654,-0.03227515494953633,6.290616530586456,-0.06421142294078563,0.5205316815236616,2020,19.582191462668636,False,-1.6507585800958102,False
2020-03-04,73.01951599121094,73.17870588852956,70.70163100181635,71.4999874378904,219178400,0.04638479654575889,0.045341172320290786,3.392346351640248,-0.3139432244590823,0.5340234810013345,2020,19.205396572599245,True,2.2651558645383187,False
2020-03-05,70.65098571777344,72.25010562325896,70.28677817477744,71.27808809920204,187572800,-0.032436948414210076,-0.03297468660393047,2.778910199957216,-0.14420034090950573,0.5430571350451462,2020,19.049677600016672,False,-1.6846876852787478,False
2020-03-06,69.71273040771484,70.14447238483373,67.83140857783133,68.01712645055636,226176800,-0.01328014465087013,-0.013369114336652532,3.3179934188123976,0.20580809157830982,0.5404356347338102,2020,19.23682755670499,False,-0.724719369198355,False
2020-03-09,64.19902038574219,67.07406711242609,63.4344272820737,63.61532393782106,286744800,-0.07909186729203876,-0.08239499503312996,5.669307426318164,0.2677905072491962,0.6049517025088408,2020,19.474103183033453,True,-4.02261652065812,True
2020-03-10,68.8227310180664,69.08804757078283,64.9708381447339,66.84493210656007,285290000,0.07202151379479749,0.0695461312856643,5.982339504905925,-0.005073500896964789,0.6654869109313767,2020,19.469016768250945,True,3.5498397080135713,True
2020-03-11,66.4324722290039,67.82899618098686,65.57140256073914,66.9052206904251,255598800,-0.03473065880566473,-0.035348106541170446,3.3983284747636864,-0.10407374951803428,0.673608091911179,2020,19.359119589533332,False,-1.799628012969244,False
2020-03-12,59.87195587158203,65.12278275616039,59.81648193899176,61.731574731862445,418474000,-0.09875466225021212,-0.10397776348952056,8.862748410207267,0.6372299087476154,0.7442553918830074,2020,19.852125321710727,True,-5.007940607004599,True
2020-03-13,67.04511260986328,67.51544677339488,61.01040024313374,63.89027874713733,370732000,0.11980829144227045,0.11315750230091273,9.702491765677433,-0.11408594082308576,0.8703699138014075,2020,19.730989990265073,True,5.944487219982174,True
2020-03-16,58.41995620727539,62.488918914128035,57.88691260105301,58.35724302986641,322423600,-0.12864705668820087,-0.13770816800571128,7.877455944586805,-0.1303054497588555,0.983824698155396,2020,19.591376770011752,True,-6.505881072791564,True
2020-03-17,60.98868560791016,62.1343603897057,57.50099755431687,59.69828839419459,324056000,0.04397006720650154,0.04303081779127831,7.5970859007787634,0.005062904824584713,1.004691747200829,2020,19.596426901413636,True,2.144151145471726,False
2020-03-18,59.49569320678711,60.298874658885616,57.19227545874743,57.83144573834236,300233600,-0.02447982582738939,-0.024784438279295155,5.221553078372724,-0.07351321993729476,1.0008617071262413,2020,19.520071399614274,False,-1.2859475997779846,False
2020-03-19,59.03982925415039,60.98386423258545,58.51643550459872,59.66934960367585,271857200,-0.007662133644737779,-0.007691638601307378,4.179261287096749,-0.09451440478347528,1.0010182443665818,2020,19.42078749007792,False,-0.4431947144645264,False
2020-03-20,55.291656494140625,60.74026183260014,54.99257275597992,59.6187005747609,401693200,-0.06348549457815844,-0.06559026824641276,10.395219534125033,0.4775889695031068,1.0176976584969546,2020,19.81119917361993,True,-3.2405641741734335,True
2020-03-23,54.117034912109375,55.11317353712298,51.280577065059646,55.01187186548029,336752800,-0.021244101850262487,-0.02147300548865334,7.082051849824729,-0.1616666650070253,1.0105244713819124,2020,19.63485969096329,False,-1.123801944584307,False
2020-03-24,59.54634475708008,59.74171251843163,56.51210499986582,57.008967128821915,287531200,0.1003253384777707,0.09560589832781072,5.423687267020387,-0.1461653770956025,1.0791131506040186,2020,19.476841937530637,True,4.968175211953154,True
2020-03-25,59.21831130981445,62.28872853386047,58.92405254951491,60.47976255514235,303602000,-0.005508876298013554,-0.005524106115587277,5.681816839967743,0.05589236924549401,1.0756170261157951,2020,19.53122819437312,False,-0.3352926419289042,False
2020-03-26,62.33455276489258,62.392437317540725,59.42091128360293,59.45950343893536,252087200,0.052622936827340094,0.05128508433982128,4.767060806781602,-0.16967872411907692,1.0721649326968397,2020,19.345285621333435,True,2.57775587315994,False
2020-03-27,59.7537727355957,61.71468959022156,59.58734725663957,60.962160830090674,204216800,-0.041402078218653604,-0.042283560231680596,3.560180782216486,-0.1898961946501052,1.0811830590767797,2020,19.134692737489495,True,-2.1339401111079153,False
2020-03-30,61.45901870727539,61.63026911474741,60.154150297630075,60.477355032834254,167976400,0.028537879595071258,0.028138259374401054,2.4017936637549973,-0.17746042441170362,1.0314805036840151,2020,18.93933405726257,False,1.3708274043196913,False
2020-03-31,61.333587646484375,63.31138954512221,60.78125170077987,61.64955676864546,197002000,-0.0020408894158957525,-0.002042974868635095,4.125207641407829,0.1727957022534119,1.0276051540898576,2020,19.098724444011083,False,-0.16150803941674235,False
2020-04-01,58.10639953613281,59.990135502333565,57.67707190892179,59.45468128316464,176218400,-0.05261697927981135,-0.05405181062882118,3.9807381146949634,-0.10549943655394356,1.0217096995729233,2020,18.987234698476772,True,-2.695931026695328,False
2020-04-02,59.07601165771485,59.12907496179199,57.13921209995254,57.96892520332119,165934000,0.016686838787508984,0.016549143184708695,3.3683094135885105,-0.05836166938299292,1.022976478590304,2020,18.92710068292586,False,0.7769588326946675,False
2020-04-03,58.22700500488281,59.26173205327884,57.638487411525155,58.56226659383969,129880000,-0.014371428080676263,-0.014475697256868304,2.7877865976750202,-0.21727915918377183,1.0230474712939808,2020,18.682121512898334,False,-0.7794047712841768,False
2020-04-06,63.30656814575195,63.46092940152983,60.14932068380105,60.51593510688668,201820400,0.08723723881115264,0.08363983530201424,5.231066561852475,0.5538989836772406,1.0347617367907078,2020,19.12288875591772,True,4.312316272598171,True
2020-04-07,62.573341369628906,65.53281460871749,62.46962908019549,65.31573278898928,202887200,-0.011582159602064102,-0.011649755255247557,4.895352336112852,0.005285887848800241,1.001250635886126,2020,19.128160722471254,False,-0.6396314877245503,False
2020-04-08,64.17487335205078,64.48842448399525,63.00748829000569,63.371688404036405,168895200,0.025594477574106378,0.025272422589142127,2.307657369053821,-0.1675413727430809,0.9998092959652121,2020,18.94478896811208,False,1.2233303209586073,False
2020-04-09,64.63797760009766,65.13966834587349,63.84444973045493,64.80923169926753,161834800,0.007216286123485904,0.007190373318906281,2.003804363174566,-0.04180343787153218,0.9240203453414945,2020,18.90208662598745,False,0.3023791164984286,False
2020-04-13,65.90667724609375,66.01521817669068,64.11700321080237,64.71517076301717,131022800,0.01962777446171482,0.019437633695800104,2.8801557675263028,-0.1903916833709437,0.83228060310711,2020,18.690881919455,False,0.9243323247315203,False
2020-04-14,69.23513793945312,69.52457536922498,67.0643792982631,67.53471328146745,194994800,0.05050263239536412,0.04926874714972047,3.5533923152046567,0.4882508998433861,0.6741161085106353,2020,19.088483454634133,True,2.471505107098593,False
2020-04-15,68.60324096679688,69.0615109892011,67.68670092198845,68.11361434863234,131154400,-0.009126824780920528,-0.009168729411900025,2.0040016300075982,-0.3273953972105923,0.6640339582417103,2020,18.69188582070994,False,-0.5165919837036664,False
2020-04-16,69.1483383178711,69.51254587742164,68.10155073366812,69.3147638013278,157125200,0.007945650138279081,0.007914249681909543,2.040533696221676,0.19801699371122883,0.6540743470866868,2020,18.872553504110144,False,0.33892834223255325,False
2020-04-17,68.21006774902344,69.21103471741856,66.7773662410789,68.66593066550611,215250000,-0.013568953234052827,-0.013661852803776957,3.5679021538202544,0.36992665721348317,0.6562552837944053,2020,19.187310705917874,False,-0.7391918820816379,False
2020-04-20,66.79425811767578,67.93993657233999,66.77496571925322,67.04028220194732,130015200,-0.02075660790364664,-0.020975054382013626,1.744118260935493,-0.39598048780487805,0.6079337213832194,2020,18.68316193235322,False,-1.0993730915870359,False
2020-04-21,64.7296371459961,66.87145442951221,64.02052176535352,66.63749449289608,180991600,-0.030910156499415087,-0.03139795363853419,4.404369914400235,0.3920803106098363,0.615601879510922,2020,19.013961184838514,False,-1.6081784783380924,False
2020-04-22,66.59406280517578,67.02821165517099,65.65340205638569,65.99348115115153,116862400,0.028803276850981385,0.028396259615684077,2.064462717656044,-0.354321416021517,0.5304673517567389,2020,18.57650774083192,False,1.3841267500767303,False
2020-04-23,66.33599090576172,67.95682478512697,66.29739874664567,66.53859422059466,124814400,-0.0038752989161972007,-0.0038828273432732073,2.50154707244626,0.06804583852462387,0.5300429658659792,2020,18.64233839987059,False,-0.253432298847546,False
2020-04-24,68.25106811523438,68.26071799300543,66.81113116713207,66.85937319528729,126161200,0.028869354076481057,0.02846048482287129,2.1239035020314803,0.010790421618018353,0.5097989645771924,2020,18.653071020231323,False,1.3874379518658082,False
2020-04-27,68.29933166503906,68.62976831599522,67.5226818754922,67.96888765338052,117087600,0.0007071471720150324,0.0007068972612624358,1.620933050900875,-0.07192068559905895,0.4793667368442784,2020,18.578432939101905,False,-0.023800930839873467,False
2020-04-28,67.19224548339844,68.94091302319053,67.10059736775176,68.76001638114307,112004800,-0.016209326718892636,-0.016342134965584506,2.738881015508656,-0.04341023302211333,0.478964515469719,2020,18.534052294412074,False,-0.8715038752187996,False
2020-04-29,69.39917755126953,69.86709736755677,68.47298779881385,68.67559111709774,137280800,0.03284504115011866,0.032317170317926164,2.0088272194767773,0.22566889990428973,0.4882174420113738,2020,18.737539028477112,False,1.5866639643306906,False
2020-04-30,70.86323547363281,71.0393108397726,69.54872440544703,69.93704563014794,183064000,0.021096185488389763,0.020876741883796356,2.1034693439593086,0.33350038752687916,0.435185107643018,2020,19.02534638190407,False,0.9979160017376296,False
2020-05-01,69.72238159179688,72.11745102481503,68.94573182479387,69.04220854800435,240616800,-0.016099376132217902,-0.016230379034205957,4.549068932542494,0.31438622558231,0.44403138509202106,2020,19.298716188659565,False,-0.8659941314825202,False
2020-05-04,70.70886993408203,70.83670324791197,69.05909368437592,69.74650229526233,133568000,0.014148804440742513,0.014049644343832742,2.513983839924487,-0.4448932909090304,0.43611257385822516,2020,18.710121276905834,False,0.649775165308453,False
2020-05-05,71.77010345458984,72.59981622891917,71.0223962339129,71.16711494770513,147751200,0.01500849216650102,0.014896979125253763,2.197878948306556,0.10618711068519415,0.339010044148146,2020,18.811040342813044,False,0.6928550542422577,False
2020-05-06,72.51058197021484,73.1400984978459,72.0860756657677,72.46957550915792,142333600,0.010317367259941479,0.010264506504672205,1.4536124293019248,-0.036667045682200916,0.3325050961690348,2020,18.773684163085083,False,0.4577776721953266,False
2020-05-07,73.26072692871094,73.6056421260466,72.8338134962802,73.13530790467281,115215200,0.01034531702978514,0.010292170468640805,1.053536679369098,-0.19052704350905192,0.3259956164092001,2020,18.562312250646016,False,0.4591782656253746,False
2020-05-08,75.00444030761719,75.05764724717811,73.5920466345589,73.91854342819974,133838400,0.023801475251576942,0.02352263599711263,1.9540184642513374,0.16163839493400167,0.33148292080342384,2020,18.71214366747046,False,1.133481020336721,False
2020-05-11,76.18468475341797,76.67805029133442,74.30551752010811,74.51351103092436,145946400,0.01573566099500545,0.015613139118576277,3.114185979643188,0.09046730983036255,0.32992088289243404,2020,18.79874999583052,False,0.7292942767988627,False
2020-05-12,75.31401824951172,77.31652289559408,75.1930940380801,76.86668099114186,162301200,-0.01142836656375601,-0.011494172192561792,2.819433761294151,0.11206031803456606,0.2960333770157371,2020,18.90496443233421,False,-0.6319247509518933,False
2020-05-13,74.4046401977539,76.4119858446997,73.33083297953847,75.49295772589451,200622400,-0.012074485904404741,-0.012147974667785498,4.141076224509774,0.2361116245597692,0.2980012238477792,2020,19.11693509724751,False,-0.664302495334101,False
2020-05-14,74.86175537109375,74.92221747074527,72.92454733645849,73.6452582213304,158929200,0.00614363797909534,0.006124842776616307,2.6684788840232505,-0.2078192664428299,0.2977617774653733,2020,18.883969384289824,False,0.2486275488758639,False
2020-05-15,74.41918182373047,74.4651336180388,72.60531851354459,72.6391808380365,166348400,-0.005911877769488871,-0.005929422099666618,2.499107164197776,0.04668242210997109,0.29291471000292196,2020,18.929594948119263,False,-0.3554874849063337,False
2020-05-18,76.17256927490234,76.54501787394523,75.0503965474728,75.73966595706034,135178400,0.02356096114204731,0.023287685793513417,1.9621516520972604,-0.18737781667872966,0.28415285782070626,2020,18.722105952893642,False,1.1214285961655979,False
2020-05-19,75.73240661621094,77.03354472425552,75.70096514534589,76.18949622469526,101729600,-0.005778493004520935,-0.005795253091774268,1.7595896373170117,-0.24744189900161562,0.2514297122286642,2020,18.43782888061538,False,-0.3488034289542606,False
2020-05-20,77.20527648925781,77.2754072194724,76.54986193395195,76.58855856818843,111504800,0.0194483436992956,0.019261641479242565,0.939761268287673,0.09609002689482704,0.24349452582060596,2020,18.52957820623343,False,0.9153408536604314,False
2020-05-21,76.62965393066406,77.60672336639306,76.39263988211127,77.0673988694635,102688800,-0.007455741171704,-0.0074836741371621315,1.584352038677236,-0.07906386092796003,0.2460283641617187,2020,18.447213623188503,False,-0.4328521626882712,False
2020-05-22,77.123046875,77.20527445284804,76.26690139409212,76.368473598234,81803200,0.00643866857055575,0.0064180288914038935,1.2167219745309479,-0.20338732169428408,0.23286939448546987,2020,18.21982693283668,False,0.2634118533754718,False
2020-05-26,76.60063934326172,78.41691564137308,76.5450115593525,78.2379502036352,125522000,-0.006773688967255054,-0.006796734526290989,2.443718613929875,0.5344387505623251,0.2366709432121483,2020,18.647991607944583,False,-0.3986737833368704,False
2020-05-27,76.93439483642578,77.07950535982266,75.72031846461518,76.45796054995435,112945200,0.004357084954192736,0.00434762034166529,1.7666830266193996,-0.10019598158091814,0.2220139145235483,2020,18.542413312149183,False,0.15910142958731555,False
2020-05-28,76.96825408935547,78.22344788867842,76.3346124557575,76.61031579665872,133560800,0.00044010553409412623,0.00044000871605928314,2.4540447945306183,0.18252745579272078,0.20122434935320446,2020,18.710067370326325,False,-0.037182678371727285,False
2020-05-29,76.89328002929688,77.66961131806718,76.53776259003484,77.21010083931498,153532400,-0.0009740906942172778,-0.0009745654288723361,1.4719735295478302,0.14953189858102078,0.19340819715936525,2020,18.8494221841502,False,-0.1080495927417187,False
2020-06-01,77.83889770507812,77.9598218875062,76.71671774944491,76.84731793304262,80791200,0.01229779345374471,0.01222278988468481,1.5970217650964822,-0.47378403516130796,0.17965394577620808,2020,18.207378619046597,False,0.5570189872849023,False
2020-06-02,78.19926452636719,78.22345084365439,77.13271214546359,77.57287802595609,87642800,0.004629649595687235,0.004618965730342475,1.394819637751235,0.08480626602897345,0.17680177031330596,2020,18.288780032472925,False,0.17275994084790758,False
2020-06-03,78.62976837158203,78.89096883567885,77.94775395832036,78.51852014905218,104491200,0.005505216037801519,0.0054901177236303025,1.1995646138764127,0.1922394081430534,0.1729532881927001,2020,18.464613424867103,False,0.2166355295649268,False
2020-06-04,77.95256805419922,78.75066471951315,77.58011949942701,78.4531959492946,87560400,-0.0086125182791148,-0.00864982034558164,1.5016121332555434,-0.16203086958518997,0.17765266917156403,2020,18.287839410325216,False,-0.4908195243421281,False
2020-06-05,80.1727523803711,80.23321448623865,78.17266857529869,78.2016892052146,137250400,0.028481221101378074,0.028083171413683206,2.570132432480207,0.5674939812974815,0.19671850219807052,2020,18.73731756002542,False,1.3679881854471576,False
2020-06-08,80.64677429199219,80.68063661442805,79.16182879014318,79.87044290894595,95654400,0.005912506400829853,0.005895096126725105,1.8832840341336348,-0.3030665120101653,0.18363611492868873,2020,18.3762522642923,False,0.23704529357265258,False
2020-06-09,83.19342803955078,83.58522126328481,80.29608895604107,80.32753042867137,147712400,0.03157787487368191,0.0310895474062231,3.953596317343787,0.5442300615549311,0.20411034817504817,2020,18.810777704708315,False,1.5231648811009126,False
2020-06-10,85.33380889892578,85.80057465077022,83.7013318100298,84.1390769278612,166651600,0.025727763716593577,0.02540237403215959,2.4600364941249473,0.1282167238498595,0.20798468213074492,2020,18.93141596963257,False,1.2300094348306794,False
2020-06-11,81.23687744140625,84.90330013235034,81.13530524486026,84.48006542527774,201662400,-0.04801064795281984,-0.049201429077712945,4.638281290670999,0.21008379157475843,0.28042008540078023,2020,19.122105575037182,True,-2.465102743339282,False
2020-06-12,81.938232421875,84.11486795424553,80.83057003176687,83.36997815286581,200146000,0.008633455673805468,0.008596400518656183,4.008260643906508,-0.007519497933179409,0.28075961970593966,2020,19.114557663188265,False,0.37339502727494994,False
2020-06-15,82.9515609741211,83.60213360857718,80.43391883264572,80.5959604702638,138808800,0.012366980862227761,0.012291134441658056,3.8193552221637725,-0.3064622825337504,0.27921395767889357,2020,18.748608011807768,False,0.5604860437331467,False
2020-06-16,85.14997863769531,85.420855036557,83.36997801465319,85.00003381550317,165428800,0.026502426690440117,0.02615732151734972,2.408546725102649,0.1917745848966348,0.2818221988435843,2020,18.924051454778418,False,1.2688286407754836,False
2020-06-17,85.03146362304688,85.95290528003906,84.91053944359251,85.89244319031188,114406400,-0.0013918384542725981,-0.0013928079611163508,1.2258589844665773,-0.30842513516388925,0.27989398513142527,2020,18.555267588141874,False,-0.1289833883122562,False
2020-06-18,85.06531524658203,85.48129466685762,84.45827358020233,84.98792201010629,96820400,0.0003981070311247503,0.0003980278075462465,1.2026301009874836,-0.15371517677332736,0.27583253294954885,2020,18.388368284173506,False,-0.0392872691307851,False
2020-06-19,84.5792465209961,86.23348915637818,83.47399725092669,85.76914423098822,264476000,-0.005714064823917342,-0.005730452549156456,3.2626111238369524,1.7316144118388275,0.274861478587292,2020,19.39326107168674,False,-0.3455748626022622,False
2020-06-22,86.79212951660156,86.93481917934642,84.92505967255737,84.97101145656654,135445200,0.026163427632996727,0.025827020255883897,2.315601101139737,-0.48787337981518175,0.2847082325714968,2020,18.72407769581973,False,1.251841028523092,False
2020-06-23,88.64469909667969,90.05951379803278,87.61442248881565,88.03282290304573,212155600,0.02134490293528013,0.021120291085317502,2.7583051599627098,0.5663574641257128,0.2854332104866468,2020,19.17283053039538,False,1.01037950408493,False
2020-06-24,87.0799331665039,89.19127232771852,86.70748456883423,88.27466483721669,192623200,-0.01765210944502371,-0.01780976599794519,2.852307837828821,-0.0920663890088218,0.2989887333486162,2020,19.076246512170936,False,-0.9438032901517034,False
2020-06-25,88.2359619140625,88.27465854046778,86.47772685166568,87.23471346059793,137522400,0.013275489605029556,0.013188142494129935,2.0365071676242703,-0.2860548469758575,0.29915929901398747,2020,18.739297378165105,False,0.6060124070422888,False
2020-06-26,85.52482604980469,88.35203361567392,85.37729473069855,88.13195074987644,205256800,-0.03072597391637577,-0.031207914413718126,3.478216820041296,0.4925335799840609,0.32752610432677626,2020,19.13977244094883,False,-1.5989488883565972,False
2020-06-29,87.49589538574219,87.59021978453077,84.95648772182999,85.43292926447474,130646000,0.023046750598354482,0.022785185434931576,3.0101207046221785,-0.3634997719929376,0.33258571332371506,2020,18.688001940966465,False,1.0956609453696844,False
2020-06-30,88.22628021240234,88.51166689112543,87.06541101774955,87.08475563938902,140223200,0.008347646748914528,0.008312997836835732,1.6392574524212673,0.07330649235338238,0.3326632062929965,2020,18.758746003895027,False,0.3590728305380728,False
2020-07-01,88.05941009521484,88.84541733018017,88.01104484759307,88.30367932080465,110737200,-0.0018913878810912221,-0.0018931788137380866,0.9475108698603912,-0.21027904084345528,0.3338530326825938,2020,18.522670393619762,False,-0.15401635456207027,False
2020-07-02,88.05941009521484,89.59756962987294,87.94574844202161,88.96392805520118,114041600,0.0,0.0,1.8758031493343899,0.02984001762731947,0.33032788301765115,2020,18.552073860843908,False,-0.05923684636766966,False
2020-07-06,90.4150161743164,90.88178176519018,89.45245698793732,89.48389845748481,118655600,0.026750191450914285,0.026398660317541803,1.5808488874206248,0.04045892025366182,0.32889173302002617,2020,18.591735745800143,False,1.2812444029681105,False
2020-07-07,90.13445281982422,91.56861161548748,90.02320465691763,90.79228055894066,112424400,-0.0031030614865042994,-0.003107885964819152,1.7145574308406502,-0.05251500982675916,0.3304826888118108,2020,18.53779156261041,False,-0.21473463956394442,False
2020-07-08,92.23371124267578,92.2651527115249,91.0220485529992,91.10911780370648,117092000,0.0232902997375255,0.02302321967301665,1.3477763626522452,0.0415176776571633,0.3233826398710141,2020,18.57847051709728,False,1.107865458184095,False
2020-07-09,92.63035583496094,93.17692818708905,91.58556900054664,93.12372124513384,125642800,0.004300429712098985,0.004291209289313056,1.717967260514169,0.07302633826392912,0.3144120912696381,2020,18.648953526241677,False,0.15626237365597356,False
2020-07-10,92.79237365722656,92.85042228036532,91.6169942125863,92.22644940084874,90257200,0.0017490791307581688,0.001747551273158471,1.3292343100687114,-0.2816365123986412,0.2439725883035188,2020,18.318173941467936,False,0.02841141524152772,False
2020-07-13,92.36432647705078,96.695832354325,92.15149869689814,94.09354111984942,191649200,-0.004612956467273666,-0.004623628984845495,4.920009521810312,1.1233674432621443,0.24706693308266447,2020,19.071177180723968,False,-0.29039712272416746,False
2020-07-14,93.89280700683594,94.08386192882044,90.8164950630273,91.74760549870196,170989200,0.01654838602828912,0.016412953571481426,3.479890494226307,-0.10780112831151922,0.2488879604277875,2020,18.957110960425975,False,0.7700208140268914,False
2020-07-15,94.5385284423828,96.01138416249864,93.34379687777704,95.7622806311285,153198000,0.006877219417882108,0.006853679210242452,2.8216932595342716,-0.10404867675853213,0.23752576174817638,2020,18.847241766882764,False,0.2853881143229877,False
2020-07-16,93.37525939941406,94.22898406159878,92.7778934824319,93.41395603386724,110577600,-0.01230470858955346,-0.012381038305857342,1.5540418184647946,-0.2782046763012572,0.24468372865739949,2020,18.521228103938057,False,-0.6758392050126047,False
2020-07-17,93.18661499023438,93.97987752001936,92.71500761457771,93.82509836770012,92186800,-0.0020202825715617267,-0.0020223260951901926,1.3573514882734998,-0.1663157818581702,0.2453953368510245,2020,18.339327522096784,False,-0.1604754079872279,False
2020-07-20,95.1504135131836,95.2882688714802,92.9302469895083,93.27367496235873,90318000,0.02107382614075015,0.02085484424793531,2.478204555196365,-0.020271882742431635,0.24873255357486437,2020,18.318847345142686,False,0.9967955504573732,False
2020-07-21,93.837158203125,96.01379331608408,93.58805470208917,95.93882091931,103433200,-0.01380188757536649,-0.013898019182349492,2.5850512317775265,0.14521136429061765,0.24645746575141406,2020,18.454436561342654,False,-0.7508644758060716,False
2020-07-22,94.10079956054688,94.78039302096887,93.4526475751938,93.53970946249736,89001600,0.0028095624640633865,0.0028056230204605644,1.41098210852159,-0.13952580022661965,0.23791339319281646,2020,18.304164916298664,False,0.08155339092186117,False
2020-07-23,89.81766510009766,93.91215697447912,89.00989228366163,93.8347637107106,197004400,-0.045516451299580485,-0.04658487148040539,5.4580184035669825,1.2134927911408333,0.28793995445867354,2020,19.09873662655425,True,-2.3401158305555554,False
2020-07-24,89.59515380859375,89.93858177491317,86.23829692519554,88.0207257853986,185438800,-0.0024773666878996625,-0.0024804404383402096,4.13000557778239,-0.058707318212182114,0.28489416355030184,2020,19.03823547183162,False,-0.18338039124480662,False
2020-07-27,91.71858215332033,91.81048572351438,90.43195431248508,90.65445070078177,121214000,0.02370025893658223,0.023423767885416214,1.5030012225057008,-0.34633960098965266,0.2691420711551759,2020,18.61306814472957,False,1.1284089604740375,False
2020-07-28,90.2118682861328,91.46706199244387,90.20702659484036,91.29051001469016,103625600,-0.016427574781616716,-0.01656400358128216,1.396751249632646,-0.14510205091821082,0.2679791882782014,2020,18.45629497116166,False,-0.8824405235161519,False
2020-07-29,91.94109344482422,92.12490060025137,90.6568789640174,90.69315474979174,90329200,0.019168488487642188,0.018987087468902965,1.5966980391797942,-0.12831192292252103,0.274170468124343,2020,18.31897134374206,False,0.9013170039829939,False
2020-07-30,93.05359649658205,93.15758954142316,90.71008481567014,91.11638837269676,158130000,0.012100172078391314,0.012027550233839574,2.6302097048370614,0.7505967062699548,0.2759539583739551,2020,18.87892804382341,False,0.5471159647732589,False
2020-07-31,102.79524993896484,102.94519477180636,97.53746050279906,99.53029641393836,374336800,0.10468862901758569,0.09956351156673866,5.260684975442114,1.3672724973123378,0.44019142771397707,2020,19.7406664875714,True,5.186824456567299,True
2020-08-03,105.38542938232422,107.99738887948055,104.37450494640412,104.67197372398552,308151200,0.02519746238174725,0.024885240262565018,3.43774652180151,-0.17680762350909662,0.43937244618912463,2020,19.54610113281747,False,1.2034354569522916,False
2020-08-04,106.08921813964844,107.17753592025956,104.85336899973936,105.57407987592546,173071600,0.006678235895125173,0.0066560352636805264,2.190766376900646,-0.4383549374462926,0.43756174826953337,2020,18.969215945450642,False,0.275416833120313,False
2020-08-05,106.47376251220705,106.7930041847868,105.34674803582897,105.8111002305475,121776800,0.003624726237989817,0.003618172749466506,1.3583216323289207,-0.2963790708585349,0.4342216173766954,2020,18.617700427118447,False,0.12240213610154563,False
2020-08-06,110.18856048583984,110.68193335336008,106.21741336825394,106.80510328626325,202428800,0.03488932752993401,0.03429449107715155,4.051709147865549,0.6622936388540346,0.44451417518291164,2020,19.125898782685095,False,1.689105382944214,False
2020-08-07,107.68331146240234,110.16672672210422,106.88861887505507,109.71123083778318,198045600,-0.022736017354173965,-0.02299846625504979,3.04421158908518,-0.021653045416462513,0.4581031288279455,2020,19.104007870222784,False,-1.198563456562881,False
2020-08-10,109.24847412109376,110.263646482695,106.6051500806847,109.12490669471406,212403600,0.014534867450077371,0.014430248791282596,3.348784897402897,0.07249845490129547,0.4564371123830191,2020,19.173998801048985,False,0.6691212034863531,False
2020-08-11,105.99945831298828,109.01105257691336,105.74021214896972,108.5143723583924,187902400,-0.029739690501344618,-0.030190883179002932,3.0857142857142867,-0.11535209384398382,0.47517154099856823,2020,19.0514332423755,False,-1.549525151453401,False
2020-08-12,109.52225494384766,109.77907584610772,106.89346742029056,107.0872920051885,165598000,0.03323410031452689,0.032693786257943926,2.634723351246386,-0.11870204957467279,0.4845022462643494,2020,18.925073728586536,False,1.606160143104905,False
2020-08-13,111.46055603027344,112.46119213168998,110.41146007450844,110.89845425314836,210082000,0.017697782860840006,0.017543000635052045,1.8389752663936314,0.2686264326863852,0.47995656326173386,2020,19.163008493416278,False,0.8276183420635641,False
2020-08-14,111.36121368408205,111.4508577562041,109.55619139980416,111.28610608884811,165565200,-0.000891278042471022,-0.0008916754669068471,1.701370067476879,-0.21190201921154594,0.47963346508345434,2020,18.924875638944275,False,-0.10389976050304754,False
2020-08-17,111.0704574584961,112.50478464058328,110.4453668374708,112.48055471705383,119561600,-0.0026109290296600918,-0.002614343449358971,1.854154426150651,-0.2778579073380155,0.47911514463133925,2020,18.599342286056498,False,-0.19007334576349713,False
2020-08-18,111.99598693847656,112.41998472569632,110.48897736471524,110.8233310885238,105633600,0.008332814153811485,0.00829828792578054,1.7241754939325247,-0.11649225169285127,0.47225167511760147,2020,18.4754870699122,False,0.3583295530310276,False
2020-08-19,112.1365203857422,113.54661780572758,112.04203328527556,112.4030347872071,145538000,0.0012548078829184295,0.0012540212694706532,1.341743541957912,0.37776237863710027,0.47254687964924946,2020,18.795947785733233,False,0.003642944293170328,False
2020-08-20,114.62476348876952,114.73863746481582,112.16072762152712,112.17768930590152,126907200,0.022189408896119867,0.021946806210633225,2.248999051187819,-0.12801330236776653,0.4264421023507183,2020,18.658966676543525,False,1.052698618231654,False
2020-08-21,120.53168487548828,121.01382862104188,115.56969610018756,115.58180736652324,338054800,0.0515326811321839,0.050248796164727424,4.516764638674243,1.6637952771789148,0.44312535895496025,2020,19.63871857344123,True,2.5231219719775817,False
2020-08-24,121.9732666015625,124.81042301409434,120.1125236824484,124.7256145785102,345937600,0.011960188954160955,0.011889231113374086,3.8515811394902504,0.02331811292133712,0.44204887498788625,2020,19.661768972827442,False,0.5401012578468222,False
2020-08-25,120.97262573242188,121.31667291273054,119.25482982936344,120.84906568793242,211495600,-0.008203771998739007,-0.008237608119190498,1.7043881381294177,-0.3886307819676149,0.4352861778833264,2020,19.16971475717993,False,-0.47033680272927886,False
2020-08-26,122.6177215576172,123.07321745146164,121.22216092863566,122.28579308436116,163022400,0.013598909796618708,0.013507274448660051,1.509615820055983,-0.22919247492619232,0.43499989562240843,2020,18.90939817877633,False,0.6222193453469126,False
2020-08-27,121.15190887451172,123.55052326117902,120.01074388155708,123.21859477393856,155552400,-0.01195432980229294,-0.012026357406142206,2.9217693823449578,-0.045821923858316405,0.44500165934536995,2020,18.862493216740063,False,-0.6582813420960131,False
2020-08-28,120.95568084716795,122.54021598651188,120.73277587733192,122.1234863946809,187630000,-0.00161968580740246,-0.001620998916534169,1.4942994793801647,0.20621732612290145,0.3085570252457886,2020,19.049982501793195,False,-0.14040106751435885,False
2020-08-31,125.05755615234376,126.95707306517328,122.11138325352545,123.64262300855076,225702700,0.03391221707361303,0.03334987603514728,3.8747677155508002,0.20291371315887652,0.31602440028804896,2020,19.234729208929274,False,1.6401413129998308,False
2020-09-01,130.03887939453125,130.63975477764288,126.50153297923832,128.66270574189053,151948100,0.039832245211311346,0.039059397461173255,3.1822958008192357,-0.32677765928365055,0.3338663917370991,2020,18.8390495797169,False,1.9368003753727687,False
2020-09-02,127.3446807861328,133.7216082722021,123.08048105831436,133.34364518172669,200119000,-0.02071840837865413,-0.020936045918690537,8.356161520212085,0.3170220621383222,0.3511920197947449,2020,19.11442275256702,False,-1.097458871755004,False
2020-09-03,117.14937591552734,124.86371200273943,116.7811062092152,122.99328312594758,257599600,-0.08006070459847325,-0.08344759437525213,6.89940149519221,0.2872320969023432,0.46781879703949464,2020,19.36691700328023,True,-4.07116601404457,True
2020-09-04,117.22691345214844,119.88234909092412,107.46769559812108,116.36438135713809,332607200,0.0006618689687003521,0.0006616500300349671,10.59027583957557,0.2911790235699123,0.4577678853241007,2020,19.62247277512012,False,-0.02606987095786532,False
2020-09-08,109.3381118774414,115.3176895401304,109.20243319485355,110.43323478516716,231366600,-0.06729514018917859,-0.06966646278704788,5.592977819236098,-0.30438487200517605,0.5253025295308191,2020,19.259514027820888,True,-3.4314696679736403,True
2020-09-09,113.6992416381836,115.4630720645518,111.70282021985868,113.641095738678,176940500,0.03988663866475606,0.03911170592832122,3.3071916668178645,-0.2352374975471827,0.529983091268507,2020,18.9913240814838,False,1.9395260906097251,False
2020-09-10,109.98741912841795,116.7810754643198,109.02797501855584,116.64539679803356,182274400,-0.03264597420603288,-0.033190743193723955,7.04907934671299,0.0301451617916757,0.5334466272747516,2020,19.021023807408056,False,-1.6951621955296439,False
2020-09-11,108.5434341430664,111.6737525060593,106.6051585333688,111.03411800577044,180860300,-0.013128637773249241,-0.013215580133045161,4.669645854404987,-0.007758083417089834,0.5313618359599499,2020,19.01323547354593,False,-0.7171271944294798,False
2020-09-14,111.79975128173828,112.35215960156188,109.3187605672934,111.17950360312706,140150100,0.030000130034395944,0.029558928488522786,2.713243097137345,-0.2250919632445595,0.5425674636756062,2020,18.75822455623125,False,1.4441023675790947,False
2020-09-15,111.97419738769533,115.16266206661024,110.10376088589828,114.678093101315,184642000,0.0015603443116563032,0.0015591282393008835,4.517916894011041,0.31745892439605816,0.5424829369254341,2020,19.033929378530313,False,0.01895370774933763,False
2020-09-16,108.66943359375,112.42000005035004,108.58221472900694,111.67376709645096,154679000,-0.029513618950114284,-0.029957909392826877,3.5316143596462353,-0.16227618851615555,0.552013052399559,2020,18.85686256618756,False,-1.5381964596199764,False
2020-09-17,106.9346694946289,108.73726653223142,105.35497742143326,106.3338087447182,178011000,-0.015963680326211538,-0.016092472373459787,3.162949048033519,0.1508414199729764,0.5542914585424278,2020,18.997355909717395,False,-0.8591942667451477,False
2020-09-18,103.5426788330078,107.45799642585531,102.81582548420052,106.99281442322204,287104900,-0.0317202145726132,-0.03223419893556913,4.483340583781521,0.6128492059479471,0.5561219048627256,2020,19.475358215652662,False,-1.6487713712894447,False
2020-09-21,106.68268585205078,106.78929159662262,99.91810106836908,101.313661801721,195713800,0.030325727076340625,0.02987499212819556,6.440773845704081,-0.31831954104579896,0.5334768659843416,2020,19.09216395108573,False,1.46041839022764,False
2020-09-22,108.3592758178711,109.3768732848186,105.79106701888291,109.20242821602568,183055400,0.015715670752285194,0.015593458368751265,3.309182567778199,-0.0646781167194137,0.5352927536047846,2020,19.025299402694802,False,0.7282925439482643,False
2020-09-23,103.81405639648438,108.65005253506956,103.47485221017152,108.17517702574132,150718700,-0.041945826853127643,-0.0428509544400511,4.985067055980387,-0.1766498010984653,0.5511482998697561,2020,18.830925750124614,True,-2.16118794782721,False
2020-09-24,104.88008880615234,106.84743726159024,101.75946405865736,101.92421570211286,167743300,0.010268671186458578,0.010216306554196678,4.851228923286745,0.11295612289649526,0.5495944889832893,2020,18.937945398592436,False,0.4553374588779795,False
2020-09-25,108.81476593017578,108.96983149153748,104.34704111001956,105.0835877386218,149981400,0.037515959118759046,0.036829355287551456,4.248311653295534,-0.10588738864681924,0.5715488171661642,2020,18.82602185103939,False,1.8207287546944249,False
2020-09-28,111.41207122802734,111.76096139819124,109.2993507060056,111.46053107152444,137672400,0.02386905192185229,0.02358863945753569,2.209464975431127,-0.08207017670191108,0.580674299829878,2020,18.74038751514273,False,1.1368673609377917,False
2020-09-29,110.56893920898438,111.75128862730942,110.06499075546874,111.01474914862771,99382200,-0.0075676900155399185,-0.007596470273613828,1.5251099304239846,-0.2781254630557759,0.5635789285194635,2020,18.414483591206544,False,-0.4384620412688501,False
2020-09-30,112.23583984375,113.64109400987672,110.11343321080598,110.27818485285503,142675200,0.015075668145961396,0.014963159612544059,3.1430787206491306,0.4356212681949081,0.5440916075780289,2020,18.77608128318227,False,0.696221315789867,False
2020-10-01,113.1855926513672,114.0868910063814,112.25522134843862,114.00935821598722,116120400,0.008462116993461333,0.008426513991633907,1.6182887018002972,-0.18612064325124478,0.5443583250175951,2020,18.570138150438886,False,0.36480905925641455,False
2020-10-02,109.53192901611328,111.80940830617745,108.75662336739482,109.405943789104,144712000,-0.03228028894550106,-0.032812788330380545,2.7871187572470544,0.24622374707631045,0.47377596313785,2020,18.790256125273885,False,-1.6768373085545032,False
2020-10-05,112.90455627441406,113.04992842651572,110.04560265679896,110.394492864269,106243800,0.03079127053267383,0.03032673112679694,2.6609428962412784,-0.26582591630272545,0.488587620847871,2020,18.48124702053734,False,1.4837472802324367,False
2020-10-06,109.6676254272461,112.53627212533412,108.78570657319916,112.12922867288654,161498200,-0.028669621085092634,-0.02908862251100505,3.4199386897668327,0.5200717594814945,0.4318550831980815,2020,18.900004561246057,False,-1.4959028067084834,False
2020-10-07,111.52838134765624,111.98387730301256,110.6076959885073,111.08257884073628,96849000,0.016967230877489747,0.016824895187903303,1.2339292455213062,-0.4003091056123226,0.41197557613667135,2020,18.3886636328441,False,0.7910095859302463,False
2020-10-08,111.42178344726562,112.80765091391856,111.05350632008393,112.66227875286972,83477200,-0.0009557916926842269,-0.0009562487528235271,1.5743282323827195,-0.13806853968548982,0.3940305667337756,2020,18.240084110622185,False,-0.10713260983033909,False
2020-10-09,113.36003875732422,113.38911170550134,111.37330350063716,111.72219366663036,100506900,0.017395658641345957,0.01724608628649948,1.778235281993435,0.20400420713679912,0.39465130273099186,2020,18.425736949772624,False,0.8124785681316606,False
2020-10-12,120.5607452392578,121.31667154926016,115.59875698215504,116.3546832921574,240226800,0.06352067766445035,0.06158479850106476,4.742766441728348,1.390152317900562,0.4381093524145561,2020,19.297094039237603,True,3.123853544239144,True
2020-10-13,117.36257934570312,121.52018115565949,115.95733257416444,121.4038819645373,262330500,-0.026527423061360356,-0.02688562412120812,4.73988268876498,0.09201179885008659,0.4514469717655534,2020,19.385115720958968,False,-1.388554928901832,False
2020-10-14,117.4498062133789,119.23301612314904,115.92826024261022,117.26566767493782,150712000,0.0007432255507850982,0.0007429494954478801,2.813760181549257,-0.4254880770630941,0.43516604187645963,2020,18.830881295462518,False,-0.02199300395694066,False
2020-10-15,116.98463439941406,117.459509897586,114.50364375467132,115.0560520589753,112559200,-0.003960600949138526,-0.003968464899925987,2.526713151765418,-0.2531503795318223,0.42987987795200244,2020,18.538989872308825,False,-0.2577068766911435,False
2020-10-16,115.3467788696289,117.79870373934006,115.14326081684209,117.53703239008934,115393800,-0.01400060391002389,-0.014099536864500451,2.3021387753699583,0.025183192488930306,0.4138524017089397,2020,18.563861193091103,False,-0.7608223679218634,False
2020-10-19,112.40061950683594,116.70358685493456,112.09049566738796,116.25778429784908,120639300,-0.025541756706729313,-0.0258736103181327,4.104151033852659,0.045457381592425294,0.41741666761278007,2020,18.60831566810899,False,-1.3391621135678353,False
2020-10-20,113.88338470458984,115.30801845057066,112.06140091237076,112.6138091614312,124423700,0.013191788481768274,0.01310553457421533,2.8508263489195813,0.03136954541347636,0.4164827140717878,2020,18.639203242630284,False,0.6018180525276314,False
2020-10-21,113.26314544677734,115.04635557719844,112.8561019222811,113.06931343655648,89946000,-0.005446266454245174,-0.0054611514330310555,1.9337743502334108,-0.2770991378652138,0.38223902607354054,2020,18.31472005934029,False,-0.3321551944175711,False
2020-10-22,112.17772674560548,114.39705371708897,111.05352308398986,113.82525843569856,101988000,-0.00958315873085036,-0.009629372683911135,2.980565509837351,0.13388032819691809,0.38468680699365027,2020,18.44036572707384,False,-0.5394593753049092,False
2020-10-23,111.48961639404295,112.95301658165369,110.75306957595656,112.7979509803998,82572600,-0.006134108539416316,-0.006152999475524061,1.9732304019432183,-0.19036945523002702,0.3648362534731015,2020,18.22918847644247,False,-0.36662371100250285,False
2020-10-26,111.4993133544922,112.95302013932816,109.39627858637218,110.49140909640036,111850700,8.697635495469314e-05,8.697257273084031e-05,3.189922382434731,0.3545740354548603,0.3551286157827394,2020,18.53267551320308,False,-0.05487836642309511,False
2020-10-27,113.00145721435548,113.66047116286872,111.00503586765387,111.92571374848922,92276800,0.013472225206333732,0.013382281705916738,2.3499124353570746,-0.17500024586345908,0.35694896442444257,2020,18.340303324435737,False,0.6158710424508976,False
2020-10-28,107.76812744140624,111.86758385649746,107.67121513386326,111.49931413026005,143937800,-0.046312055631477445,-0.0474187633825646,3.8938866455815324,0.559848195862882,0.3917723152044249,2020,18.7848918267284,True,-2.3799844307767977,False
2020-10-29,111.76097869873048,113.32129125851726,108.73726588721904,108.90202494425338,146129200,0.03705039098406138,0.036380521108311636,4.101633168098139,0.015224631750659023,0.4136253849880151,2020,18.800001726701677,False,1.7973986280298875,False
2020-10-30,105.50035858154295,108.53375772487752,104.395541902172,107.63245912918693,190272600,-0.056017942846259716,-0.05764812026967024,3.9224661208208347,0.30208473049876416,0.4472773936230106,2020,19.063968343970977,True,-2.866357017808837,False
2020-11-02,105.4131317138672,107.26418875001484,104.0078846419992,105.74264246216924,122866900,-0.0008267921441076354,-0.0008271341252436186,3.0890877209250687,-0.35425857427711605,0.43089983754020644,2020,18.626612221746562,False,-0.10066830185119784,False
2020-11-03,107.03158569335938,108.04917599163862,105.3743608699318,106.27565935922766,107624400,0.01535343797474198,0.015236766634504184,2.4990895018317656,-0.12405700803064124,0.4245757079218196,2020,18.49415795507531,False,0.7101406646586339,False
2020-11-04,111.40239715576172,112.02264481194184,108.88264012828805,110.61739783333208,138235500,0.040836650546545394,0.04002486141875034,2.8186150063391153,0.28442527902594583,0.4451395187344432,2020,18.74446931764089,False,1.9871322214488851,False
2020-11-05,115.3564682006836,115.92826333290571,113.26313445106744,114.3097976289083,126387100,0.03549359031649324,0.034878211893729104,2.3103419542992545,-0.08571170213150747,0.4620321519328107,2020,18.65485998541904,False,1.719385649780448,False
2020-11-06,115.22541046142578,115.7205180962264,112.74013248938302,114.8662081910592,114457900,-0.0011361108856923208,-0.0011367567488924316,2.586569746124822,-0.09438621504884592,0.4584409005674679,2020,18.555717636492965,False,-0.11616860112656018,False
2020-11-09,112.92459106445312,118.4290806298261,112.66247568801708,116.98257616030648,154515300,-0.01996798612180173,-0.02017004062843025,5.106598029226123,0.349974968962387,0.4032347018603595,2020,18.855803684997078,False,-1.059854394559365,False
2020-11-10,112.58480834960938,114.1575154107118,110.7985145508788,112.1770700305599,138023400,-0.0030089346495822955,-0.0030134705946383592,2.983529402477011,-0.10673311963281307,0.3934785948203521,2020,18.74293380120946,False,-0.2100178411744914,False
2020-11-11,116.00206756591795,116.1379803531598,113.0411019505022,113.76920934216544,112295000,0.03035275599259335,0.029901225154333654,2.6696751770375244,-0.18640607317309965,0.40953624429849944,2020,18.536639904025076,False,1.461772838680584,False
2020-11-12,115.7302474975586,117.011716271587,115.10892975298069,116.1282831124838,103162300,-0.0023432346859240116,-0.0023459843565762487,1.6441566139798154,-0.08132775279398019,0.409400779257291,2020,18.4518140438857,False,-0.17665889043184388,False
2020-11-13,115.7787857055664,116.17681389575208,114.42936059587085,115.95353177622368,81581900,0.0004194081414095052,0.00041932021439897523,1.5093035302038198,-0.20918882188551435,0.4062541815211605,2020,18.217117993862164,False,-0.03821984727778107,False
2020-11-16,116.7884292602539,117.4582830279043,114.7011865774211,115.44870691157024,91183000,0.008720453825237895,0.008682650284824343,2.360761650744723,0.11768664372857218,0.39522167879791137,2020,18.328379045127452,False,0.3777545994647803,False
2020-11-17,115.90497589111328,117.1476111906652,115.4875274007928,116.0603090069026,74271000,-0.007564562471954472,-0.007593318886233618,1.4322800010173549,-0.1854731693407763,0.39427665219294117,2020,18.12323113740574,False,-0.43830531665099215,False
2020-11-18,114.58468627929688,116.32243681277676,114.55556316864666,115.14775777417243,76322100,-0.011391138315379523,-0.011456514276683344,1.541980609715505,0.027616431716282364,0.39612549488832016,2020,18.15047311355139,False,-0.6300592028497098,False
2020-11-19,115.17686462402344,115.58460292894434,113.40028105826616,114.1575114550308,74113000,0.0051680408958239,0.005154732405329133,1.8964936038227358,-0.028944434180925294,0.394544791503212,2020,18.121101526968165,False,0.19973931570445813,False
2020-11-20,113.91481018066406,115.30306839104708,113.8662741381708,115.17686579253606,73604300,-0.01095753428849755,-0.011018010251405167,1.2612883703160174,-0.0068638430504769365,0.396141527377094,2020,18.1142140194917,False,-0.6083308324663306,False
2020-11-23,110.52668762207033,114.18664449638574,110.42960812922888,113.75948583985478,127959300,-0.02974259934437251,-0.03019388118619727,3.399211944180837,0.7384758770887028,0.41143144266783516,2020,18.667222810386093,False,-1.5496709167479523,False
2020-11-24,111.80816650390624,112.46831748552104,109.30347536130688,110.58495144916895,113874200,0.011594293734900729,0.011527594966309082,2.83060014592368,-0.11007484411058832,0.4106570838076278,2020,18.55060489705436,False,0.5217658496109617,False
2020-11-25,112.64305877685548,113.34204301090116,111.808161764711,112.1770742252856,76499200,0.007467185081870387,0.007439443669924189,1.3617183897933405,-0.3282130631872716,0.37192373295894754,2020,18.152790854297777,False,0.31495193676438527,False
2020-11-27,113.18671417236328,114.06044449798334,112.82751927666312,113.1673012347678,46691300,0.00482635504940232,0.004814745537303844,1.0892844008552884,-0.3896498264034134,0.3496739259563764,2020,17.659068431198016,False,0.18261706552796836,False
2020-11-30,115.5749053955078,117.4388583652438,113.4002861907918,113.5556193082818,169410200,0.02109957198251844,0.0208800584063347,3.49433309993345,2.628303345591149,0.2802980502173761,2020,18.947833556787117,False,0.9980857026494457,False
2020-12-01,119.1377944946289,119.86590193418374,116.50690050184048,117.47771042124693,127728200,0.030827532040182737,0.030361908830325246,2.819425562301052,-0.24604185580325155,0.2938819518566096,2020,18.665415134523,False,1.4855643838960695,False
2020-12-02,119.48726654052734,119.76880225855712,117.36119080484524,118.45820316266558,89004200,0.002933343255017151,0.0029290493985451756,2.0149523237233593,-0.30317502321335466,0.29205943859125383,2020,18.304194128829614,False,0.08775618126846269,False
2020-12-03,119.35137176513672,120.16684852789926,118.64267727747634,119.91443587941438,78967600,-0.0011373159611491879,-0.001137963195733618,1.2770454397643916,-0.11276546500052809,0.2625927182568735,2020,18.18454821238753,False,-0.11622898877114692,False
2020-12-04,118.68151092529295,119.27370556007313,117.97281643546545,119.02129291081638,78260400,-0.005612510605759402,-0.005628319924471577,1.0961177646504312,-0.008955571652171312,0.23633735667545294,2020,18.175552298679236,False,-0.34048587004378017,False
2020-12-07,120.1377182006836,120.9337819765336,118.68150343461473,118.73974965511624,86712000,0.012269874760082011,0.012195209978018514,1.874747228140757,0.10799331462655437,0.23914515255122462,2020,18.278102852010154,False,0.555619951116153,False
2020-12-08,120.74932098388672,121.33181279274314,119.49697544555106,120.73961821864586,82225500,0.005090847340561977,0.005077932789367641,1.5195425798186692,-0.051740243564904476,0.22431180197951311,2020,18.22497604305823,False,0.19587106251501651,False
2020-12-09,118.22522735595705,122.27350282433628,117.46799682595132,120.89495455654684,115089200,-0.020903584445551404,-0.02112515758841991,4.064704383199329,0.39967771555052867,0.23980441840546765,2020,18.561218046527664,False,-1.1067382462954451,False
2020-12-10,119.64259338378906,120.25420827611856,116.64279476467264,116.98257670113864,81312200,0.01198869361075161,0.011917398481471265,3.0185015296862034,-0.2934854008890495,0.22018859190170426,2020,18.21380663705883,False,0.5415296572565477,False
2020-12-11,118.8368148803711,119.1765967824479,117.03110830740296,118.8562278147655,86939800,-0.0067348799505975165,-0.006757661599969497,1.8054072529667942,0.06920978647730602,0.2217737547435981,2020,18.2807264945874,False,-0.3967290212132031,False
2020-12-14,118.22522735595705,119.74939858875337,117.99223505596105,119.02129117041068,79184500,-0.005146448304169993,-0.00515973688150179,1.4862847567226778,-0.08920310375685248,0.22295680699193016,2020,18.187291143189555,False,-0.3171309801376921,False
2020-12-15,124.14716339111328,124.16658373624205,120.50662638207584,120.71049556577894,157243700,0.050090290943795246,0.048876151847428745,2.9480797258620224,0.9857888854510668,0.27965669948919,2020,18.873307395508807,True,2.450842227538788,False
2020-12-16,124.0792007446289,124.62285187377786,122.86568846942772,123.69088274191743,98208600,-0.0005474361606657707,-0.0005475860585496174,1.4161627362241056,-0.3754369809410488,0.27720603629084445,2020,18.40260435604726,False,-0.08666946904356285,False
2020-12-17,124.94322204589844,125.79753943581208,124.3024840034632,125.13738104904724,94359800,0.006963466044948241,0.0069393330832041465,1.1965878643658336,-0.039190050565836354,0.2717607011521078,2020,18.362625703557057,False,0.28971002680771707,False
2020-12-18,122.96278381347656,125.33156230733624,122.43854558581786,125.1956495157238,192541500,-0.015850705624466332,-0.015977671512135687,2.3527579905045286,1.0405034771163142,0.2810994788489668,2020,19.0758222780664,False,-0.8535329813066251,False
2020-12-21,124.48695373535156,124.56462030770652,119.84648343417716,121.3706547348561,121251600,0.012395375857682467,0.012319182173148448,3.790065329704918,-0.37025732114894716,0.2775496351599056,2020,18.613378291818403,False,0.5619089479038273,False
2020-12-22,128.03038024902344,130.48652745671254,125.8654640830528,127.7682574980973,168904800,0.02846423988496727,0.028066660313381064,3.6093490971999085,0.39301089635105857,0.25745140204120753,2020,18.944845806477655,False,1.3671372381845421,False
2020-12-23,127.1372528076172,128.56432952785477,126.96249934769376,128.30222155804168,88223700,-0.006975902435570891,-0.007000347794929433,1.2599219699869364,-0.47767203773960243,0.26182756674403596,2020,18.295386203699447,False,-0.4088069206319035,False
2020-12-24,128.11778259277344,129.56429466422506,127.27318272727676,127.48676208852152,54930100,0.007712371972044663,0.007682783664641689,1.7882856622883272,-0.37737705401156374,0.2618415065650271,2020,17.821572044020918,False,0.32723851906659657,False
2020-12-28,132.7000274658203,133.33104806992824,129.6128438187215,130.0788433061159,124486200,0.03576587715080648,0.03514113099214096,2.8019619303880283,1.2662656721906567,0.28079282459918625,2020,18.639705432384982,False,1.733030239820398,False
2020-12-29,130.93310546875,134.7386778886634,130.41857748936,134.02028815847115,121047300,-0.01331515924158655,-0.013404600814199849,3.299471423852005,-0.02762474876733323,0.2861788288690695,2020,18.611691944528104,False,-0.7264739885024694,False
2020-12-30,129.81668090820312,132.02042318765425,129.50601467789232,131.62238763508643,96452100,-0.008526678998027282,-0.008563239097898225,1.9368916938647716,-0.2031866881789185,0.27582767464233404,2020,18.384557080386173,False,-0.4865180244083641,False
2020-12-31,128.81674194335938,130.80690479845464,127.8750553457784,130.1661668388547,99116600,-0.00770270012950669,-0.007732519147480211,2.275984789279459,0.02762511132468859,0.2791032623480499,2020,18.41180750292963,False,-0.445227545230765,False
2021-01-04,125.63250732421876,129.70990576661,123.05985971825432,129.62253643457043,143301900,-0.02471910538259625,-0.02502975243278313,5.293252670022714,0.4457911187429755,0.29697553565356094,2021,18.780464158586195,False,-1.2979381590864205,False
2021-01-05,127.18577575683594,127.89447751624492,124.68108490808068,125.12766389601812,97664900,0.012363586986357422,0.012287782019440271,2.5265345822223595,-0.31846751508528504,0.2972293690131861,2021,18.39705279965152,False,0.5603159729142103,False
2021-01-06,122.90452575683594,127.2246340413711,122.6909464043688,123.99183545726343,155088000,-0.03366138999840074,-0.034240978238222836,3.6887881948074956,0.5879604648138685,0.32365936538127416,2021,18.859503262162477,False,-1.7460457876133193,False
2021-01-07,127.09842681884766,127.78770834669253,124.1277509770645,124.61315591365346,109578200,0.03412324351919516,0.03355396000791831,2.8796244463706375,-0.2934450118642319,0.3434359688313011,2021,18.512149016710357,False,1.6507160781911714,False
2021-01-08,128.19546508789062,128.75853667263522,126.42858375506596,128.56436281946557,105158200,0.008631407142486225,0.008594369519795296,1.8175002649055065,-0.040336490287301685,0.3322698538874091,2021,18.470976450414504,False,0.37329237313779506,False
2021-01-11,125.2150421142578,126.37030813032683,124.74905756448756,125.41891868730954,100384500,-0.023249051529158682,-0.023523573999728202,1.2947730068723664,-0.04539541376706713,0.3447197356327685,2021,18.42451838079528,False,-1.2242721582406764,False
2021-01-12,125.04029846191406,125.90431854480056,123.1569251813032,124.74905257493836,91951100,-0.001395548405312863,-0.0013965230899072067,2.1972063385102945,-0.0840109777903959,0.343378986465028,2021,18.336767482841775,False,-0.12916929800245616,False
2021-01-13,127.06932830810548,127.61297957219368,124.73939008676004,125.00149813762587,88636800,0.016227007382019654,0.01609675666159269,2.261434386798707,-0.03604415825368046,0.3453380312715143,2021,18.300057690510553,False,0.7539161797833704,False
2021-01-14,125.14710998535156,127.17609915715047,125.0014796097368,126.9819401363812,90221800,-0.01512731945897372,-0.015242904498610035,1.7376506318589446,0.017881963247770694,0.3066994792912063,2021,18.317781652059622,False,-0.8172833121163655,False
2021-01-15,123.42877197265624,126.4188682877862,123.29285917712234,125.02089964036092,111598500,-0.013730544899490327,-0.0138256806789623,2.532642155231341,0.23693497580407397,0.3108378976823625,2021,18.530418175921636,False,-0.7472894165596763,False
2021-01-19,124.09862518310548,124.9529425933155,123.23460500719132,124.0500817278194,90757300,0.005427042655805181,0.005412369324401279,1.3846548127256042,-0.18675161404499163,0.3104156197106349,2021,18.323699479663794,False,0.21271817618988495,False
2021-01-20,128.176025390625,128.62260444676102,124.79761120554318,124.9044008833116,104319500,0.03285612714486863,0.03232790371433435,2.9841721410543953,0.14943370946469314,0.3251466261353451,2021,18.46296887277228,False,1.587219495610526,False
2021-01-21,132.87474060058594,135.59301116722563,129.69048544958548,129.89436203777117,120150900,0.03665830014342619,0.036002366889269,4.44217289980103,0.1517587795186901,0.34528618005774364,2021,18.60425901907827,False,1.7777505286556377,False
2021-01-22,135.01048278808594,135.76771300467377,131.0787013937247,132.30191601743337,114459400,0.016073349816877025,0.01594554125202871,3.4730722489963837,-0.04736959939542695,0.33630016606896374,2021,18.555730741662273,False,0.7462162317186904,False
2021-01-25,138.74815368652344,140.85480946109453,132.55438158085332,138.89378406433565,157611700,0.027684301405722644,0.02730802006829268,5.98236997012194,0.3770096645622816,0.34517012078925957,2021,18.875644977555893,False,1.3280536709143294,False
2021-01-26,138.98109436035156,140.08781661999487,137.24333702503608,139.40825291905207,98390600,0.0016788740436461946,0.0016774663100037222,2.0466665686079497,-0.37574050657406777,0.345063819632632,2021,18.404455839167635,False,0.024893361807993515,False
2021-01-27,137.9132080078125,140.08782682258447,136.31137810940206,139.2432124060488,140843800,-0.007683680700989681,-0.007713352264482049,2.7382792175847945,0.4314761776023319,0.3269366276789371,2021,18.763162039958527,False,-0.44427446093800715,False
2021-01-28,133.08831787109375,137.8452949915903,132.7097026247184,135.447393493419,142621100,-0.03498497501737052,-0.035611607834175246,3.8587852405243455,0.012618943822873208,0.34947454331099426,2021,18.775702028349528,False,-1.812372075523685,False
2021-01-29,128.10804748535156,132.7485164111063,126.40913060377332,131.8650760774745,177523800,-0.037420792939662495,-0.03813892315638372,4.948468056277141,0.2447232562362791,0.374850002946608,2021,18.99461524803131,False,-1.9344335664711387,False
2021-02-01,130.2244415283203,131.42825115687322,127.1081351803439,129.84582625364877,106239800,0.016520383258598503,0.016385406279313626,3.3174386665269853,-0.4015461588812317,0.37857427912011105,2021,18.481209370573172,False,0.7686175647167465,False
2021-02-02,131.0496368408203,132.33109823624255,130.68072432979122,131.7680267032869,83305400,0.006336716078913174,0.006316723507298627,1.2593502326572374,-0.2158739003650233,0.3666537802368198,2021,18.238023942970358,False,0.258302902898586,False
2021-02-03,130.0302734375,131.80685723730443,129.70990440998943,131.79713965825755,89880900,-0.007778452713749107,-0.007808862674665898,1.6126650908897064,0.0789324581599753,0.366194690017094,2021,18.31399602970824,False,-0.44902358979186735,False
2021-02-04,133.3795623779297,133.38926514344303,130.66129188255576,132.3213832150557,84183100,0.025757762803133355,0.025431620240484353,2.045270813797981,-0.06339277866599025,0.35073417927480305,2021,18.248504758356884,False,1.2315127217539736,False
2021-02-05,132.9663543701172,133.6080499269068,132.09132576396362,133.5399993993488,75693800,-0.0030979859316203617,-0.0031027946241126317,1.1406826712878917,-0.10084328089604688,0.3336091158009545,2021,18.14220682601892,False,-0.21448029797673085,False
2021-02-08,133.1121826171875,133.16079860710033,131.1773789685877,132.2565886683768,71297200,0.0010967304304996262,0.0010961294610418936,1.4900361480937274,-0.058084017449249514,0.3327805522369369,2021,18.08236762795197,False,-0.004278489140268982,False
2021-02-09,132.23712158203125,134.0552584795755,132.08157120488215,132.83020097423812,76774200,-0.006573861369795209,-0.006595564363721631,1.4925364762034805,0.07681928603086807,0.32085128534476215,2021,18.15637921720347,False,-0.3886602046308539,False
2021-02-10,131.63433837890625,133.1899609934861,130.67179521713933,132.69409868188646,73046600,-0.004558350907169939,-0.0045687718689924935,1.91300067091786,-0.048552769029179044,0.32158891621541585,2021,18.106608165304312,False,-0.28766077859134737,False
2021-02-11,131.381591796875,132.60663492557896,130.05931666495545,132.13022184665593,64280000,-0.0019200657301419177,-0.0019219114192873454,1.9388699937216793,-0.12001379941023949,0.3178753522516507,2021,17.978759114390524,False,-0.1554534328347353,False
2021-02-12,131.6149139404297,131.7704791984505,129.98152323777,130.62321880046613,60145100,0.0017759119855651484,0.0017743369183863184,1.3592349887416124,-0.06432638456751716,0.31154384940177504,2021,17.912270550683985,False,0.02975603884173288,False
2021-02-16,129.49539184570312,132.23715902657875,129.1064787039169,131.7315941955358,80576300,-0.016103965966090095,-0.01623504398152536,2.417599791035133,0.3396984958043132,0.31333266723833053,2021,18.204715131982834,False,-0.8662241330604353,False
2021-02-17,127.21055603027344,128.55228022303262,125.87856393692216,127.609186382545,97918500,-0.017644147663201215,-0.017801661181276168,2.101803788574098,0.2152270580803537,0.321110325755292,2021,18.399646068196084,False,-0.9434043165868247,False
2021-02-18,126.11192321777344,126.3938722513212,123.87572097237708,125.61606083959396,96856700,-0.008636333703616161,-0.008673842951269016,1.9967590808965034,-0.010843711862416172,0.3007997051096456,2021,18.38874313489205,False,-0.49201294122094286,False
2021-02-19,126.2674560546875,127.0841660828466,125.2271451192894,126.62720249840024,87668800,0.0012332920864706054,0.0012325322064904727,1.4707043458235973,-0.0948607582129063,0.26787852115559885,2021,18.289076647185173,False,0.00256476428254286,False
2021-02-22,122.5048370361328,126.12164769737448,122.1159313080217,124.4590755242555,103916400,-0.029798802764546717,-0.030251809162863207,3.269843449668276,0.1853293303889183,0.27565232471750123,2021,18.459097297317356,False,-1.5524873313904535,False
2021-02-23,122.36872100830078,123.19514104352083,115.10593306236852,120.32697521018063,158273000,-0.0011111073744122235,-0.0011117251118350911,6.610519350450341,0.5230800913041638,0.24881797049744617,2021,18.879831954398423,False,-0.11491564792433626,False
2021-02-24,121.87287139892578,122.07704524597304,118.83942290821224,121.47424838833642,111039900,-0.004052094401978512,-0.0040603263818649515,2.656557034061425,-0.298428032576624,0.2472122406066079,2021,18.525400163151765,False,-0.2622917133340527,False
2021-02-25,117.63379669189452,122.9520628532438,117.19628243074794,121.22144033722896,148199500,-0.03478275893866101,-0.03540208270809936,4.8929649338543015,0.3346508777475483,0.2676100511995243,2021,18.81406990374907,False,-1.8022388074189795,False
2021-02-26,117.89632415771484,121.38673620225252,117.83798347678476,119.18942513713463,164560400,0.0022317350387655033,0.002229248417090454,3.0100622312197363,0.11039780835967727,0.24878455200333108,2021,18.918788240107173,False,0.05259782885102186,False
2021-03-01,124.24518585205078,124.38130174579383,119.38388273905603,120.31725204661986,116307900,0.053851226827418275,0.052451289138798464,4.022223454749103,-0.29322060471413536,0.2970036751060795,2021,18.571751551552776,True,2.6393068238091244,False
2021-03-02,121.64923095703124,125.14936711599788,121.5422817134225,124.84796874824156,102260900,-0.020893806687293015,-0.021115171126126177,2.965152655876196,-0.12077425523115803,0.29683031952258526,2021,18.443037958451555,False,-1.1062482721720839,False
2021-03-03,118.67412567138672,122.2228783212872,118.46022715397076,121.34784230356716,112966300,-0.02445642493782285,-0.024760450452575668,3.1705741635167906,0.1046871287070621,0.30374700722439035,2021,18.54260011096088,False,-1.2847749556965662,False
2021-03-04,116.79766082763672,120.17140622773192,115.32955269233916,118.37272563793532,178155000,-0.01581191210075572,-0.015938253956928966,4.145505570131312,0.577063248066016,0.306119801317026,2021,18.998164521471676,False,-0.8515889955514144,False
2021-03-05,118.0518798828125,118.5574595470923,114.30867806869652,117.62409026429847,153766600,0.010738391901758071,0.010681144834414884,3.599079898273066,-0.13689427745502514,0.29051738542465244,2021,18.85094643280587,False,0.4788756758824802,False
2021-03-08,113.1322250366211,117.6435128706364,112.98638448752727,117.5754549367604,154376600,-0.04167366797610539,-0.042566920159679715,4.116535656928523,0.003967051362259388,0.3176197546374545,2021,18.85490563614294,True,-2.1475497698665755,False
2021-03-09,117.73101806640624,118.6741119196786,115.49482341109125,115.72816384952438,129525800,0.040649717870363755,0.0398452468130334,2.700468033661332,-0.1609751736986046,0.359485565710887,2021,18.67939065478034,False,1.9777648213026302,False
2021-03-10,116.65181732177734,118.7810627593394,116.13651302909358,118.31438187621302,111943300,-0.009166664506546351,-0.009208936905205242,2.267045461410163,-0.1357451565634028,0.35964919450220534,2021,18.533503060004666,False,-0.5185883957771311,False
2021-03-11,118.576904296875,119.79223007158603,117.89632483014076,119.1408172366033,103026500,0.016502845984708525,0.016368153870548043,1.598882390029845,-0.07965461086103409,0.3685318546678806,2021,18.450496804362324,False,0.767738752807788,False
2021-03-12,117.67268371582033,117.80879958845244,115.85456138090896,117.06016228897576,88105100,-0.007625604551041554,-0.00765482813320744,1.6607407478382754,-0.14483069889785638,0.36841252656386225,2021,18.294040989343767,False,-0.44136420176539787,False
2021-03-15,120.5505828857422,120.56030756816384,117.07961303714332,118.04215631738552,92403800,0.024456815966499068,0.02416253648241169,2.887331149878818,0.048790592145063094,0.3825823778101774,2021,18.341678672129472,False,1.1663208578343844,False
2021-03-16,122.08676147460938,123.6909929248944,121.26034146014726,122.21315268038276,115227900,0.012743020830709328,0.012662511771767726,1.9909214032617701,0.24700391109456543,0.38446299193727,2021,18.56242247308186,False,0.579329816409515,False
2021-03-17,121.29920959472656,122.3686945512962,118.94633378896354,120.60890560077928,111932600,-0.006450755760661231,-0.00647165179756421,2.8214204971055676,-0.02859810861779133,0.380741870505912,2021,18.53340747133333,False,-0.3824912483811402,False
2021-03-18,117.18655395507812,119.76304569936237,116.98238014530207,119.47136458953445,121229700,-0.03390504895612467,-0.034493156593977926,2.3728537619821317,0.08305980563303272,0.39708332420714915,2021,18.613197659333515,False,-1.7582558035551108,False
2021-03-19,116.6615219116211,118.0615792444134,116.36012356493978,116.57402203720062,185549500,-0.004480309606666122,-0.004490376272859093,1.4584548972047333,0.5305614053321916,0.3966655712496707,2021,19.03883225616519,False,-0.2837500439638548,False
2021-03-22,119.96721649169922,120.43390477213391,116.92404394954326,116.99210188442348,111912300,0.028335774520260593,0.027941742612122806,2.925683303516097,-0.3968601370523769,0.39927680737862453,2021,18.533226095748056,False,1.3606996987413433,False
2021-03-23,119.14080810546876,120.79364806529564,118.75190240381558,119.90889482634996,95467100,-0.006888618494267029,-0.006912454554735248,1.7137248722306968,-0.14694720776894055,0.39981990998319955,2021,18.37429225395331,False,-0.40443302720012575,False
2021-03-24,116.7587661743164,119.49082337056949,116.739324227083,119.41304074611716,88530500,-0.01999350154687274,-0.02019607626488527,2.3565675054998443,-0.07265958639154224,0.4053422332276231,2021,18.29885769466983,False,-1.0611330003195998,False
2021-03-25,117.24488067626952,118.28520644839448,115.69899016650164,116.22401168427892,98844700,0.004163409034550369,0.004154766028430953,2.205824482037521,0.1165044815063736,0.3861604305288651,2021,18.409060499669565,False,0.14939611816160675,False
2021-03-26,117.8477020263672,118.11021653249011,115.62122444554402,117.0115573482324,94071200,0.005141557965009591,0.00512838528861552,2.1120412567647793,-0.048292928199488716,0.3865358349151828,2021,18.359562510954973,False,0.19841222717691698,False
2021-03-29,118.022705078125,119.1796974818692,117.381016985914,118.275494892758,80819200,0.001484993332484752,0.0014838918202433715,1.5240122608311355,-0.14087202034203883,0.3334663829923305,2021,18.20772513139894,False,0.01517778805605622,False
2021-03-30,116.57405853271484,117.06018887904162,115.56290652222388,116.77823238804083,85671900,-0.012274303867643277,-0.012350255275703954,1.2844044169548612,0.06004390045929675,0.32841407503037107,2021,18.266035453492098,False,-0.6743155912587872,False
2021-03-31,118.76164245605467,120.09363482806864,117.78938178497404,118.27551212051436,118323800,0.018765615188098828,0.018591713247464857,1.940233391389182,0.3811273007835707,0.3248273727874175,2021,18.58893550059728,False,0.8811285838407726,False
2021-04-01,119.58805084228516,120.73531861862072,119.0921958715762,120.22974638293908,75089100,0.006958546287672673,0.0069344473356474385,1.3739857247205314,-0.36539309927504016,0.32001888631172476,2021,18.13418597970449,False,0.28946349240846675,False
2021-04-05,122.40760803222656,122.66039785902176,119.65610882120376,120.43392024929994,88651200,0.023577248479949686,0.02330359809276724,2.4543319538006583,0.18061343124368245,0.32802541879524605,2021,18.300220138052058,False,1.1222447724198799,False
2021-04-06,122.70899200439452,123.6034698490668,122.1645285194216,122.99094842847228,80171300,0.0024621343151203234,0.0024591082284974863,1.1726453833095387,-0.09565465554893782,0.28309115240587956,2021,18.19967616590293,False,0.06414338770733476,False
2021-04-07,124.35212707519533,124.37156902257613,121.66868585332092,122.33954801322936,83466700,0.013390502553732642,0.013301642152457003,2.1735721236362746,0.04110448502144792,0.25263335422500877,2021,18.239958319863877,False,0.6117758312574091,False
2021-04-08,126.7438735961914,126.77304022302052,124.95491791825974,125.37298279315496,88844600,0.019233659907962775,0.019051031102787074,1.4344853547346614,0.06443168353367268,0.25481792731690506,2021,18.30239934538381,False,0.9045828148872871,False
2021-04-09,129.3106689453125,129.34955284443396,125.87858997142516,126.199437772379,106686700,0.020251829743652694,0.02004948872893061,2.6842045604734484,0.20082368540125128,0.2574804609092853,2021,18.485407069328616,False,0.9556044150835347,False
2021-04-12,127.59950256347656,129.16484292014434,127.00642292932238,128.8439951014523,91420000,-0.013232986850911899,-0.01332132298752327,1.6915583113250865,-0.1430984368248338,0.2617300877797154,2021,18.3309748418064,False,-0.7223562404439335,False
2021-04-13,130.700927734375,130.92455825539042,128.27027730561244,128.76613948780823,91266500,0.024305934651708938,0.024015246304456846,2.03080498033825,-0.0016790636622183719,0.2615804449074335,2021,18.329294366955292,False,1.1587600307007757,False
2021-04-14,128.36756896972656,131.2551842091699,128.0078372862974,131.19685094542675,87222800,-0.017852656481448625,-0.01801393756694995,2.529725341794347,-0.04430650896002364,0.27067838232457514,2021,18.283976334057236,False,-0.9538529207283948,False
2021-04-15,130.76902770996094,131.2551579244961,129.93288314753977,130.10789773924117,89347100,0.018707674839590682,0.01853483854014246,1.0111528701498589,0.024354870515507443,0.2742065093902096,2021,18.308039353604062,False,0.8782251298263344,False
2021-04-16,130.43844604492188,130.93429345955573,129.58285222938275,130.57456189416538,84922400,-0.002527981363999121,-0.002531182104299959,1.0360758435496509,-0.04952259222739186,0.23585977345353606,2021,18.257248468068973,False,-0.18591674783040443,False
2021-04-19,131.09959411621094,131.71212294052938,129.64120345679902,129.80648595127033,94264200,0.005068659519765983,0.005055857107590975,1.5796536195944542,0.11000395655327688,0.23299041723222993,2021,18.3616120466823,False,0.19475920663184546,False
2021-04-20,129.41763305664062,131.77050236465828,128.15369107517074,131.2746547075029,94812300,-0.012829643531004131,-0.012912654169829887,2.794681995076064,0.005814508583322109,0.22661964758642278,2021,18.367409716191457,False,-0.7021442670689644,False
2021-04-21,129.79678344726562,130.03984858480732,127.65781320400242,128.68840701349623,68847100,0.0029296656233781526,0.0029253825163874964,1.8352037065484574,-0.27385898243160434,0.22312028285244648,2021,18.04739867622486,False,0.08757189113868595,False
2021-04-22,128.280029296875,130.4287163012516,127.76473251290152,129.349506750087,84566500,-0.011685606608324406,-0.011754419918054638,2.0766940910068663,0.22832334259540343,0.2126005861013641,2021,18.25304877689278,False,-0.6448153299578409,False
2021-04-23,130.5940399169922,131.37183646308597,128.49395363729542,128.49395363729542,78657500,0.018038744088231695,0.017877976429872527,2.2036861924325044,-0.06987400448168013,0.21764999700432272,2021,18.180613554821775,False,0.8447042807906849,False
2021-04-26,130.98297119140625,131.31353629033433,129.8551451456873,131.0899204687679,66905100,0.00297817017270674,0.0029737442092553955,1.1134204174647115,-0.1494123255887868,0.21781884980671193,2021,18.018785770323255,False,0.09000250697191325,False
2021-04-27,130.66207885742188,131.6537886519638,130.38984712331498,131.26487557787047,66015800,-0.0024498782633007865,-0.0024528841253876597,0.9673361542242292,-0.013291961300409105,0.2191737591682504,2021,18.005404680427826,False,-0.18200291632780696,False
2021-04-28,129.8745574951172,131.27461496858584,129.38842725213598,130.5843034959248,107760100,-0.006027160819659261,-0.006045397467160172,1.4523150283078097,0.6323380160507031,0.2135924534745372,2021,18.495418027333947,False,-0.36126444420037124,False
2021-04-29,129.77731323242188,133.26773932174638,128.77588621347985,132.68437715116124,151101000,-0.0007487552956549903,-0.000749035752906016,3.461200572261762,0.4021980306254356,0.20872990513996448,2021,18.833459051972845,False,-0.09675779032084193,False
2021-04-30,127.81336975097656,129.8551078660134,127.43418875564704,128.12448539137938,109839500,-0.015133180311169059,-0.015248855389268087,1.8941047521735284,-0.27307231586819414,0.2197678015169969,2021,18.514530776442076,False,-0.8175770058077694,False
2021-05-03,128.86338806152344,130.35096013574108,128.17309147912826,128.3772578570978,75135100,0.008215246281297883,0.008181684830666168,1.6900600623452742,-0.3159555533300862,0.20776316940935735,2021,18.134798397688083,False,0.3524380987990843,False
2021-05-04,124.3034896850586,127.84252433773976,123.18538875024454,127.55084325291588,137564700,-0.03538552295620079,-0.03602676312088974,3.7465847493861717,0.8308979425062322,0.24887988922828877,2021,18.739604917122957,False,-1.8324439693061016,False
2021-05-05,124.54659271240234,126.83139629296988,124.42019408305968,125.61607050473611,84000900,0.001955721661231591,0.001953811727417352,1.935984082260721,-0.38937169201110455,0.24444640704589696,2021,18.24633808294054,False,0.038766497668627595,False
2021-05-06,126.14108276367188,126.15080002789722,123.60347484441658,124.34239490228468,78128300,0.012802357869006187,0.012721100474778589,2.019425493796583,-0.0699111557138078,0.23889991251292195,2021,18.173862917928215,False,0.5823032600715543,False
2021-05-07,126.8130874633789,127.835683170004,126.1021210069998,127.43639054602404,78973300,0.0053274055128100795,0.005313265087016748,1.3670214941378402,0.010815543151457385,0.22776931573124803,2021,18.184620391283943,False,0.20772525035728287,False
2021-05-10,123.5407485961914,126.16056709673003,123.50179122048604,126.033968628817,88071200,-0.0258044254945885,-0.02614320031616199,2.1521448643107544,0.11520222657531098,0.2411419583482785,2021,18.293656147568417,False,-1.3523247328170132,False
2021-05-11,122.62527465820312,122.97587617421408,119.5671838636692,120.2781429577982,126142800,-0.007410299422586641,-0.007437892089144677,2.7797632421587006,0.4322820626947288,0.2218768313792848,2021,18.65292516443921,False,-0.4305750271118543,False
2021-05-12,119.56716918945312,121.38838724678816,119.0607382348264,120.18073848547932,112172300,-0.024938622786158438,-0.025254858977064757,1.9467292131618623,-0.11075146579907846,0.22964640517470014,2021,18.535546648917293,False,-1.308938415436658,False
2021-05-13,121.70978546142578,122.85900193405529,121.01830882379365,121.32996037075966,105861300,0.017919770840921112,0.01776110445377517,1.512362463940931,-0.056261661747151526,0.22867382537523417,2021,18.477640314135336,False,0.8387424016959103,False
2021-05-14,124.12508392333984,124.55360758966998,122.5668261780835,122.95639247198734,81918000,0.019844735185073237,0.01965039530268681,1.6006284538051325,-0.22617613802211012,0.2431337173246144,2021,18.221229317102274,False,0.9352044630501545,False
2021-05-17,122.97586822509766,123.61865372868073,121.90456648281832,123.51152281141688,74244600,-0.009258529073397859,-0.009301655652556782,1.393840328677249,-0.09367172050098882,0.2425718001053875,2021,18.12287561919859,False,-0.5231918293476445,False
2021-05-18,121.5928955078125,123.67706631560182,121.52472197411316,123.25828391420352,63342900,-0.011245886995924548,-0.011309600107079152,1.7701234373108305,-0.14683492132761167,0.24178581334250748,2021,17.964073398468017,False,-0.6227805009186244,False
2021-05-19,121.43707275390624,121.66106832172552,119.65481225870738,119.94698879018053,92612000,-0.0012815119934063146,-0.001282333832106738,1.652095210730125,0.46207388673395133,0.2408503550484321,2021,18.343929291650962,False,-0.1234548091105632,False
2021-05-20,123.9887466430664,124.38805416925352,121.8364018011778,121.96301512916868,76857100,0.021012313878243427,0.02079459971532734,2.0579709345891777,-0.17011726342158684,0.25314620148536343,2021,18.15745842446093,False,0.9937131039393441,False
2021-05-21,122.15777587890624,124.66072928690556,121.94351406158702,124.48542483913153,79295400,-0.014767233428297222,-0.014877354486843932,2.224348966546418,0.031725110627385034,0.24614981552662793,2021,18.18869068996744,False,-0.7992390086520216,False
2021-05-24,123.78421020507812,124.60230012567476,122.65447618088876,122.72264972174192,63092900,0.013314210368271295,0.013226355224853832,1.5735641416291781,-0.20433089435200524,0.2522519267556546,2021,17.96011881722043,False,0.6079527466911008,False
2021-05-25,123.58942413330078,124.97238470676444,123.02455343641832,124.4854213164092,72009500,-0.0015735938489621626,-0.0015748332481408341,1.5760501224160097,0.14132493513533229,0.25228842220520403,2021,18.092308626607927,False,-0.1380913492400894,False
2021-05-26,123.5407485961914,124.06666202267432,123.12196609530832,123.64787952179124,56575900,-0.0003938487249270928,-0.00039392630370636036,0.7646836676163076,-0.21432727626215986,0.25211649520039026,2021,17.851093675119323,False,-0.07897303523975076,False
2021-05-27,122.01168060302734,124.3101132618625,121.81690119683104,123.14142196396853,94625600,-0.012377033574258234,-0.01245426699642422,2.0434208042288007,0.6725425490358969,0.25445126545644964,2021,18.36543862108877,False,-0.6794634888250458,False
2021-05-28,121.3591537475586,122.51811120313376,121.30072141546492,122.29410821284534,71311100,-0.005348068744268741,-0.005362420857511606,1.0031297599529663,-0.24638681287093556,0.2505734490482262,2021,18.082562567515083,False,-0.32723440014240995,False
2021-06-01,121.03778076171876,122.07986629236984,120.70665425214682,121.8169133247897,67637100,-0.002648114921008138,-0.002651627379625287,1.134531740074118,-0.051520730994193076,0.24732593948394765,2021,18.029667221821292,False,-0.19193677130881934,False
2021-06-02,121.7974090576172,121.97271348131764,120.81376347552442,121.037759031701,59278900,0.0062759602094315525,0.0062563483837431875,0.9515391294119938,-0.1235741922702186,0.21633880071057332,2021,17.897763999643953,False,0.2552583600594572,False
2021-06-03,120.3170928955078,121.59291527515944,119.91778539724056,121.42735201359652,76229200,-0.012153921611001817,-0.012228384475216713,1.392262593456844,0.2859415407505874,0.2195874370693969,2021,18.14925516247177,False,-0.6682831051707262,False
2021-06-04,122.60577392578124,122.86873431142617,120.61899267015994,120.83325448650514,75169300,0.019022077206113153,0.018843419566357225,1.834939390887166,-0.013904120730638625,0.22591460537325442,2021,18.135253474187973,False,0.8939801750881043,False
2021-06-07,122.6155242919922,123.02456555539771,121.5734387321586,122.87847726693604,71057600,7.952615850603806e-05,7.952299646873671e-05,1.1834772404377167,-0.05469919235645404,0.22460536586553173,2021,18.079001387784622,False,-0.0552517038873004,False
2021-06-08,123.43359375,125.10873085926178,122.917421625064,123.2972466766342,74403800,0.006671826122601532,0.006649667992886853,1.7752940408070947,0.047091373758753496,0.20668815865072912,2021,18.125017587208013,False,0.2750956324329753,False
2021-06-09,123.81343841552734,124.41726657205888,123.21935146016745,123.89135316418162,56877900,0.003077319990347771,0.0030725947327907223,0.9675162302424222,-0.23555114120515352,0.20506169778128047,2021,17.856417440528002,False,0.09497101239987427,False
2021-06-10,122.82003784179688,124.84577650141728,122.654474591921,123.70629386140668,71186400,-0.008023366336023519,-0.008055726748899567,1.7841566799701418,0.25156519491753393,0.1844872026249033,2021,18.080812360948908,False,-0.4612964783417747,False
2021-06-11,124.02767944335938,124.11533537847384,122.81028956380078,123.22907197958328,53522400,0.009832610564068034,0.009784585003299439,1.0522214239032424,-0.24813728464987694,0.17709641711081586,2021,17.795610834511923,False,0.43348598581615827,False
2021-06-14,127.07604217529295,127.1344745215217,123.75500589494465,124.48543994424124,96906500,0.024578084066514405,0.024280902548460607,2.659406579499304,0.8105783746618238,0.18420398230945156,2021,18.389257164393857,False,1.172397734499414,False
2021-06-15,126.25794982910156,127.19291187851302,126.01447183152456,126.5501263983375,62746300,-0.006437817327225925,-0.006458629444353154,0.933359086365296,-0.3525067977896219,0.18232627029715334,2021,17.95461018603148,False,-0.38184288937976135,False
2021-06-16,126.754638671875,127.47533888931656,125.10873990323488,126.96890049704092,91815000,0.003933921336800816,0.003926203702016062,1.8670709102867709,0.46327353166640894,0.17625177581422632,2021,18.335286251826883,False,0.13789623950275706,False
2021-06-17,128.3518524169922,129.0920350275276,126.2676813886482,126.41377710106734,96721700,0.012600830721878564,0.012522100938362452,2.2004775043710176,0.05344115885203937,0.17954112668793232,2021,18.3873483509648,False,0.5722045150793019,False
2021-06-18,127.05656433105467,128.07916002857564,126.84230250511072,127.30004232774398,108953300,-0.010091697638530017,-0.01014296402066071,0.9734699895097133,0.12646179709413707,0.1717613845682715,2021,18.50642991719789,False,-0.5649428142385389,False
2021-06-21,128.8485565185547,128.95568742961305,125.8391720998025,126.90073257983344,79663300,0.014103892993917677,0.014005358494353552,2.418742913399859,-0.26883077428586377,0.16636832958693382,2021,18.193319573473328,False,0.6475246037579048,False
2021-06-22,130.4846954345703,130.58209255634193,128.18626305147518,128.6829675675103,74783600,0.012698154796790595,0.012618209291433117,1.836100009190816,-0.06125405299554498,0.16586960618344979,2021,18.130109180940636,False,0.5770815305491882,False
2021-06-23,130.21202087402344,130.81585637036997,129.75428108226637,130.28020184164183,60214200,-0.00208970530711472,-0.0020918917878479802,0.8152667326549231,-0.19482078958488225,0.16605374599096184,2021,17.91341877946969,False,-0.16395425693143623,False
2021-06-24,129.92958068847656,131.12748807728477,129.46209231078765,130.94244245203893,68711000,-0.0021690791959992906,-0.0021714350555924002,1.2817679836049967,0.14110957216071962,0.16659919553465047,2021,18.045419875377345,False,-0.16793176901511114,False
2021-06-25,129.637451171875,130.3971014851615,129.34527454506005,129.97832637994586,70783700,-0.0022483680394688177,-0.0022508994139086315,0.8113603982439639,0.030165475688026744,0.15815773270565708,2021,18.075139320296724,False,-0.171905019380345,False
2021-06-28,131.26382446289062,131.72156417420152,129.8711377936739,129.9295701209538,62111300,0.012545551276377465,0.012467507901526977,1.4097001882272135,-0.12251973265031357,0.15827065440624621,2021,17.94443851102356,False,0.5694344018147343,False
2021-06-29,132.7734375,132.92926700154416,130.84509571572818,131.28335318569188,64556100,0.011500602266362847,0.011434973044529685,1.5697200622797642,0.039361597648092994,0.15840843091339973,2021,17.983045186669745,False,0.5170708680057564,False
2021-06-30,133.38697814941406,133.82523552499876,132.32540290188453,132.61757943917965,63261400,0.0046209592894970175,0.0046103154344044345,1.1244220717214128,-0.02005542466165089,0.15829159920981117,2021,17.962785922292717,False,0.17232446013292468,False
2021-07-01,133.6888885498047,133.74732088516166,132.21827209331306,133.03636937045857,52485800,0.00226341734837443,0.0022608596779845848,1.1437366324419405,-0.17033451678274592,0.14579009489939737,2021,17.776053233838866,False,0.05418546391689971,False
2021-07-02,136.30873107910156,136.34768102067733,134.1563790042736,134.30245986108,78852600,0.019596561522170708,0.019407021134939813,1.607602094932643,0.5023606384965076,0.146498095229643,2021,18.18309085751285,False,0.922768210311169,False
2021-07-06,138.31497192382812,139.41548226335163,136.4158466947496,136.4158466947496,108181800,0.01471835904306329,0.014611095214085252,2.168699112525555,0.37194968840596254,0.14869786619804085,2021,18.499323712447936,False,0.6783161672031442,False
2021-07-07,140.7985076904297,141.11015189740712,138.938331639493,139.79536435422264,104911600,0.017955653911199798,0.017796355206199543,1.5425023272897636,-0.03022874457625957,0.1544719661109492,2021,18.46862865829087,False,0.8405405414574683,False
2021-07-08,139.50311279296875,140.30171263383818,137.00015267093528,137.886415856141,105575500,-0.009200345363809426,-0.009242929937652803,2.366656841415875,0.006328184871835063,0.16406983041669784,2021,18.47493690421465,False,-0.5202761802442274,False
2021-07-09,141.3243865966797,141.85029259632174,138.92855627210733,139.02595342720224,99890800,0.013055434873441296,0.012970947237624668,2.0673971382961955,-0.05384487878342992,0.15706407526142982,2021,18.419588157296886,False,0.594985224599017,False
2021-07-12,140.7303009033203,142.50282808936566,140.2433448448313,142.3956971620693,76299700,-0.004203702614006821,-0.004212563011542574,1.6055414008434359,-0.2361688964349069,0.1615861701638287,2021,18.1501795775052,False,-0.26988896608053076,False
2021-07-13,141.8405303955078,143.61305721006948,139.88297280050324,140.27253162136344,100827100,0.007889057900545504,0.007858101985352119,2.629773308916208,0.3214612901492404,0.14725045986052887,2021,18.42891773659239,False,0.33609244351836964,False
2021-07-14,145.2589569091797,145.66801299296932,143.8273051980656,144.23636128185524,127050800,0.02410049161646488,0.02381465814646402,1.2671905637148337,0.260085830099249,0.15372151492070854,2021,18.66009757231506,False,1.1484650562869805,False
2021-07-15,144.60646057128906,146.08681108461445,143.2527233830004,145.3466432583112,106820300,-0.004491952522408527,-0.0045020716556215526,1.9598624365865722,-0.15923158295736828,0.15879138177268484,2021,18.486658550696305,False,-0.2843334831616238,False
2021-07-16,142.5709686279297,145.85304711779946,142.0742788872529,144.58697348148013,93251400,-0.014076078864788344,-0.01417608644849494,2.650447189152584,-0.12702548111173628,0.17318613518995812,2021,18.350809640504025,False,-0.7646045001672294,False
2021-07-19,138.7337646484375,140.31151223035158,137.9741144596603,139.99985324997218,121434600,-0.02691434319637831,-0.02728316695697507,1.6848081479043129,0.3022281703009284,0.2017307111468051,2021,18.614886412454656,False,-1.4079439185819154,False
2021-07-20,142.33718872070312,143.26241672238854,139.23042288703223,139.71737873604005,96350000,0.02597366316265548,0.02564207698700261,2.8327058245248624,-0.20656880329000138,0.21299678131097596,2021,18.383497963203478,False,1.2423317240850529,False
2021-07-21,141.60679626464844,142.31776271135624,140.85689473808662,141.7334095777614,74993500,-0.005131423928063317,-0.005144634897262596,1.0316369071293752,-0.22165542293720808,0.2138767254532719,2021,18.132912014412636,False,-0.3163780922755277,False
2021-07-22,142.97027587890625,144.33374665171397,142.00609770767423,142.13271101540525,77338200,0.009628631183136172,0.009582571340042327,1.628064945479452,0.03126537633261539,0.21341546960510063,2021,18.163698582947102,False,0.423264356715222,False
2021-07-23,144.684326171875,144.84015561733656,143.08711150767857,143.70068066123733,71447400,0.011988857700886868,0.011917560627672097,1.2116337381116848,-0.07616934451538826,0.21328164011560907,2021,18.084472086591088,False,0.5415378799920715,False
2021-07-26,145.10316467285156,145.92124724515625,143.84680978043045,144.40194679352788,72434100,0.0028948436368914088,0.0028906616459130558,1.429629373971832,0.013810159641918451,0.21161676554993056,2021,18.098187754753653,False,0.08582692344244508,False
2021-07-27,142.94107055664062,145.31741825019225,141.7528967098648,145.22975487472473,104818600,-0.014900392566113752,-0.015012518624403679,2.493700044673295,0.44708914723866244,0.22207244927763603,2021,18.46774180455966,False,-0.8059117581816208,False
2021-07-28,141.19775390625,143.13584408542147,138.82140631068384,141.0321906538661,118931200,-0.01219605144694813,-0.01227103356324159,3.0555994379359968,0.13463831800844517,0.22778482146195,2021,18.594055741029635,False,-0.6703942771684016,False
2021-07-29,141.8405303955078,142.72679380278865,140.80818614558353,140.91531705042755,56699500,0.00455231383981225,0.004541983398905513,1.3526512146107137,-0.5232579844481515,0.22777884531588566,2021,17.85327596795379,False,0.16888456183075723,False
2021-07-30,142.05479431152344,142.51253410621536,140.35044843873504,140.61340882010876,70440600,0.0015105972560747194,0.0015094574517521644,1.5220082348920232,0.242349579802291,0.22782996478050815,2021,18.070280373639925,False,0.016460828573532753,False
2021-08-02,141.7236785888672,143.11636561756876,141.46071818751764,142.54176110337934,62880000,-0.0023309014261786443,-0.0023336222056426735,1.1682221676266695,-0.10733298694218962,0.22004578965892896,2021,17.956738721988533,False,-0.17604085734366245,False
2021-08-03,143.5156707763672,144.17792379335657,141.3925349204239,142.00610422671278,64786600,0.012644268095090005,0.012564996855743983,1.9408255961629304,0.030321246819338343,0.2185991672060129,2021,17.98660936525031,False,0.5743812091944518,False
2021-08-04,143.11636352539062,143.9344460279435,142.4638442773508,143.42802249439222,56368300,-0.0027823250855913972,-0.002786202946682728,1.0275566779139056,-0.12993890711968215,0.21074786516931254,2021,17.847417519458066,False,-0.19866218893524085,False
2021-08-05,143.22348022460938,143.9831303102646,142.35669923658142,143.1455654900914,46397700,0.0007484587826307454,0.000748178827037536,1.1355896890178567,-0.17688310628491544,0.20737990140241583,2021,17.652760468555176,False,-0.021730761005319572,False
2021-08-06,142.54075622558594,143.48686754429556,142.04332223777357,142.74559073997008,54126800,-0.004766844081380839,-0.004778241717556785,1.012724602244591,0.16658368841558957,0.20368711905520664,2021,17.806840018560123,False,-0.29810859879319707,False
2021-08-09,142.49197387695312,143.0869508994325,141.936020036627,142.59926530339968,48908700,-0.00034223438912872606,-0.00034229296468203755,0.8077162744614409,-0.09640510800564606,0.2029795730792667,2021,17.70546587317695,False,-0.07638658461708553,False
2021-08-10,142.0140838623047,144.0721181416092,141.7214694614441,142.83339227832505,69023100,-0.003353803036380887,-0.0033594396400184654,1.6552222260182807,0.41126425359905294,0.20157637911404297,2021,18.04995180363094,False,-0.2272995719180069,False
2021-08-11,142.2676239013672,143.10644361120174,141.94574966449076,142.4529467846883,48493500,0.001785316161376782,0.0017837243787539763,0.8158524862379626,-0.29743086010335673,0.18129273306255417,2021,17.69694034692891,False,0.030227292341510024,False
2021-08-12,145.22299194335938,145.37905487994794,142.24810732768088,142.58949314109574,72282600,0.020773300073115175,0.020560477381829787,2.155958578162477,0.490562652726654,0.19616354172234074,2021,18.096094008098962,False,0.9817358616569952,False
2021-08-13,145.42782592773438,145.7594485046543,144.61826619020815,145.30102293180235,59375000,0.0014104790270048628,0.001409485235833366,0.7847069893028783,-0.17857132975294188,0.18865860201005533,2021,17.899383837161185,False,0.011443794993376446,False
2021-08-16,147.39810180664062,147.4663849394875,142.86263134674047,144.88164213986906,103296000,0.013548135415881957,0.013457180025695242,3.1233465942365553,0.739722105263158,0.16108543008563012,2021,18.45310922085262,False,0.6196749857878738,False
2021-08-17,146.49098205566406,147.9442754116722,145.41806793520456,146.52999034959836,92229700,-0.0061542159624724535,-0.006173231205613168,1.7244798560417403,-0.10713193153655509,0.1400652690011236,2021,18.339792773311384,False,-0.36763131588745007,False
2021-08-18,142.75531005859375,147.0079285089272,142.55047558587256,146.11058891263426,86326000,-0.025501037296963625,-0.0258318244752765,3.1224428157699182,-0.064010833820342,0.1691832301027017,2021,18.273641396886973,False,-1.3371216195633313,False
2021-08-19,143.08692932128906,144.35491465635323,140.9411159989395,141.45806146213795,86960300,0.002322990735400321,0.002320296763662898,2.385821453857852,0.007347728378472196,0.16588943324902164,2021,18.280962262132782,False,0.05717075127135342,False
2021-08-20,144.5402374267578,144.84260006919433,143.1649606824682,143.80870914358007,60549600,0.010156819440897191,0.010105585573695761,1.160672914748898,-0.3037098538068521,0.16428577333313524,2021,17.91897343834629,False,0.44973244599776735,False
2021-08-23,146.02281188964844,146.49098584387335,144.24762936861552,144.65728343893502,60131800,0.010257174675265546,0.010204926832213213,1.5363054896882575,-0.006900128159393337,0.16803097825835822,2021,17.912049394338368,False,0.4547613561717496,False
2021-08-24,145.93502807617188,147.14449367144724,145.4766024407117,145.7692167650667,48606400,-0.0006011650668862334,-0.0006013458390579627,1.1428998594257758,-0.1916689671687859,0.15808708884866549,2021,17.699265788016938,False,-0.08936188309480468,False
2021-08-25,144.70602416992188,146.6177576408254,144.15981885908616,146.12030896754547,58991300,-0.008421582689582374,-0.008457244577923934,1.69857391621305,0.2136529345929754,0.1543649324195836,2021,17.89290055032158,False,-0.4812515338449856,False
2021-08-26,143.90625,145.44733817166107,143.87699005673284,144.6963131171606,48597200,-0.005526889253641087,-0.005542219016076934,1.0912299604278735,-0.1761971680569847,0.15563782168670834,2021,17.69907649461961,False,-0.33619529076818944,False
2021-08-27,144.94015502929688,145.08645474475415,143.21374397198983,143.84772924961433,55802400,0.007184573493485447,0.007158887401044721,1.2920579341079006,0.14826368597367745,0.15729952771072103,2021,17.83732745509967,False,0.3007899620446841,False
2021-08-30,149.34884643554688,149.70974393152048,144.94992729692555,145.33032150285524,90956700,0.0304173222759343,0.029963887441643574,3.1870461327259583,0.6299782805040643,0.18715210818727335,2021,18.325894138059297,False,1.465008325511273,False
2021-08-31,148.090576171875,149.0366872034825,147.56386751356777,148.9001358629917,86453100,-0.008425041730837135,-0.008460733003274549,0.9945397796314629,-0.04951366969118276,0.18721543098338925,2021,18.27511263989559,False,-0.48142487017236085,False
2021-09-01,148.7538604736328,151.16302859498964,148.58804915099893,149.06598641010868,80313700,0.004478909589682445,0.004468909123795777,1.7310336927001222,-0.07101422621051179,0.18674762629147396,2021,18.201450787027603,False,0.16520619485154844,False
2021-09-02,149.8657684326172,150.90942268736845,148.64655451799135,150.08035127222993,71115500,0.007474817496796682,0.007447019485919451,1.509929981371652,-0.11452840548997245,0.18769597531884194,2021,18.07981588788888,False,0.31533440539510976,False
2021-09-03,150.4998016357422,150.82167596581917,149.3195957587932,149.97309277453053,57808700,0.004230673954139563,0.004221749814316488,0.9980612537028262,-0.1871153264759441,0.18592604437171933,2021,17.872649858645328,False,0.1527668365960093,False
2021-09-07,152.8308868408203,153.386840580654,150.5875305279746,151.15324750307346,82278300,0.01548895865471045,0.015370229162561066,1.8316389510943554,0.4232857684051017,0.19079898961195407,2021,18.225617973532433,False,0.7169317536393732,False
2021-09-08,151.28981018066406,153.17226923823645,150.18763608775444,153.11374935418493,74420200,-0.01008354195942962,-0.01013472523179054,1.9727919196394557,-0.09550634857550533,0.19548879480528228,2021,18.125237981765963,False,-0.5645341242697309,False
2021-09-09,150.27542114257812,152.26517148741016,150.15836649901337,151.66044621375175,57305700,-0.006704939591599679,-0.006727518683289062,1.401962458250506,-0.22997116374317728,0.198595455715047,2021,17.863910670627575,False,-0.39522867719104426,False
2021-09-10,145.3010711669922,151.65073329616885,145.03771673531628,151.18255921551165,140893200,-0.033101554051652826,-0.03366180874561037,4.5512510731956946,1.458624534732147,0.2255004851251375,2021,18.763512721623734,False,-1.7179917981420003,False
2021-09-13,145.86676025390625,147.6906995642944,145.08646034770857,146.92016289482572,102404300,0.0038932203484165484,0.0038856613788799364,1.7853548073959395,-0.2731778396686284,0.22587284067877267,2021,18.44443927164075,False,0.13585666861375395,False
2021-09-14,144.4719696044922,147.34932639599026,143.2917788504928,146.64705797915482,109296300,-0.009562086982573659,-0.009608097274159969,2.8085361863657363,0.06730186134761929,0.222666621428558,2021,18.509573109939144,False,-0.5384034470321163,False
2021-09-15,145.35952758789062,145.75943323857632,142.76503735858526,144.90110206305175,83281300,0.006143461502104763,0.006124667377200764,2.0599928533618272,-0.2380226961022468,0.2231574953405752,2021,18.237734604147043,False,0.24861870542151926,False
2021-09-16,145.12547302246094,145.30104757606733,143.59414799108714,144.78410203525485,68034100,-0.0016101769819537592,-0.00161147471014549,1.1761543645173973,-0.1830807155988199,0.20209770293578153,2021,18.03551962273277,False,-0.1399245699072079,False
2021-09-17,142.46270751953125,145.15474141357228,142.17009319848555,145.15474141357228,129868800,-0.018348022903722616,-0.0185184355852358,2.0950382503979497,0.9088780479200871,0.2132781806912606,2021,18.68203527573442,False,-0.9786762720613116,False
2021-09-20,139.4195556640625,141.27275491051466,137.79068761664803,140.2583754550107,123478900,-0.021361041836520878,-0.021592490819904057,2.49754582653873,-0.049202733835994494,0.22241119260460543,2021,18.63158085733187,False,-1.129661934751652,False
2021-09-21,139.89747619628906,141.03867353306788,139.2634909051742,140.38516176883357,75834000,0.0034279303929078964,0.003422068431961505,1.268916835499548,-0.3858545873019601,0.21882828975471666,2021,18.144057312044016,False,0.11254048181157278,False
2021-09-22,142.25791931152344,142.82362160529345,140.160861950327,140.8923904729101,76404300,0.01687266403521437,0.01673190178898329,1.8717830739077672,0.007520373447266415,0.22886689407756983,2021,18.151549548363718,False,0.7862707383929622,False
2021-09-23,143.2137908935547,143.4576337545293,142.0530964940377,143.03821629449968,64838200,0.00671928555301049,0.006696811769515778,0.9807276601842992,-0.15138022336439183,0.22888175315803716,2021,17.987405509227845,False,0.27747387621803765,False
2021-09-24,143.30154418945312,143.83800136075783,141.97503867631073,142.07258175581498,53477900,0.0006127433353375622,0.0006125556847905638,1.3000297344906142,-0.17520998423768708,0.22813140016674924,2021,17.794779061110653,False,-0.028531609988982173,False
2021-09-27,141.7897186279297,142.36519899589,140.27790504587242,141.88726170941032,74150700,-0.010549960016653537,-0.01060600537755675,1.4721052910012908,0.3865671613881623,0.22923271228754696,2021,18.121610080313374,False,-0.5879068414784114,False
2021-09-28,138.41493225097656,141.18498292082313,138.20034939372246,139.72192610299075,108972300,-0.02380134758436825,-0.024089175968854716,2.1562944680627925,0.4696058162633663,0.21171424685745976,2021,18.50660428863359,False,-1.2519483155290847,False
2021-09-29,139.312255859375,140.89235227723765,138.53195600356045,138.96112166840754,74602000,0.006482852635952607,0.00646192932660563,1.6943206174622816,-0.3154040063392256,0.21397293322506156,2021,18.127677887870558,False,0.2656259650498721,False
2021-09-30,138.01499938964844,140.8240726910163,137.80041657451724,140.12180436567434,89056700,-0.009311861772133279,-0.009355488197000345,2.1908170342866753,0.19375754001233214,0.21315075102515754,2021,18.304783814728445,False,-0.525864389009974,False
2021-10-01,139.13670349121094,139.40005789714257,135.68389579904266,138.40517505038864,94639600,0.008127407213151194,0.00809455770666269,2.6708711683216353,0.06268927548404557,0.2136136590570233,2021,18.365586561649188,False,0.3480363873561652,False
2021-10-04,135.71315002441406,138.70754679310303,134.8645818313905,138.26861784072736,98322000,-0.02460568190055712,-0.024913460923640527,2.8316820890394263,0.03890971644005248,0.22403833533528636,2021,18.40375837492708,False,-1.292254384778232,False
2021-10-05,137.63465881347656,138.7368332577452,135.92775886392107,136.0545619084437,80861100,0.01415860429676008,0.014059307431366148,2.0409644039086086,-0.1775889424543846,0.22248715202997466,2021,18.20824343821084,False,0.6502662467746116,False
2021-10-06,138.50267028808594,138.64896997252256,134.96206909492875,136.0349830573943,83221100,0.006306634405115252,0.006286830805451649,2.6619709713358235,0.029185850798467916,0.22531010386662667,2021,18.237011491424344,False,0.25679547743777226,False
2021-10-07,139.7609405517578,140.66804355787346,139.2049866756737,139.53660933038944,61732700,0.009084808697584545,0.009043790066818066,1.0468281598734306,-0.25820855528225417,0.2300682524741586,2021,17.938324348475224,False,0.39601281923793724,False
2021-10-08,139.38055419921875,140.62902828496263,139.048931525846,140.48272854170557,58773200,-0.002721692849499635,-0.0027254033896461005,1.133656533506225,-0.04794055662558094,0.2008551500361697,2021,17.889196543670156,False,-0.19562384150002912,False
2021-10-11,139.29273986816406,141.24348200456123,138.31736879996546,138.76604603984862,64452200,-0.0006300328733747085,-0.0006302314274869335,2.100693264677853,0.0966256729257553,0.19971259462259822,2021,17.98143443727062,False,-0.09080848034171642,False
2021-10-12,138.02474975585938,139.72190071402855,137.56632417893402,139.70238912610083,73035900,-0.009103059595961693,-0.00914474561602721,1.5617318914957985,0.1331793173855973,0.1994945434896952,2021,18.106461672741922,False,-0.5154010843830851,False
2021-10-13,137.43955993652344,137.9174823014052,135.77166862906188,137.76143421982243,78762700,-0.004239745555569052,-0.004248758761578434,1.5612780434791513,0.0784107541633634,0.1970799559859118,2021,18.18195010520507,False,-0.271695117166355,False
2021-10-14,140.2193603515625,140.33641501765865,138.02477512030043,138.61000380183043,69907100,0.02022562074793388,0.02002379964747182,1.6485882488426713,-0.11243393128981105,0.21312255756634185,2021,18.062677790027163,False,0.9542910537421978,False
2021-10-15,141.2727508544922,141.3312707409973,139.97550546602724,140.22911148485912,67940300,0.007512446928074734,0.007484369033429537,0.9596792493737606,-0.028134481333083494,0.20579959673162823,2021,18.034139951066646,False,0.31722005720975033,False
2021-10-18,142.94064331054688,143.22349439217342,139.63413574665708,139.91698682828363,85589200,0.011806186585639367,0.011737037292308378,2.511083315693669,0.2597707104619791,0.19398695339518332,2021,18.265069676611507,False,0.5323840313090124,False
2021-10-19,145.09620666503906,145.4961124077629,142.94064476173952,143.38930715549284,76378900,0.015080129098125727,0.014967554302025916,1.7612229187512687,-0.10761053964752565,0.19994150349540196,2021,18.151217051074727,False,0.6964448589649297,False
2021-10-20,145.58387756347656,146.06181473584434,144.4719551618084,145.03767215675973,58418800,0.0033610175596341385,0.0033553819641425307,1.0920574452639693,-0.23514478475076228,0.19220171339743203,2021,17.883148330920033,False,0.10918740680618481,False
2021-10-21,145.7984619140625,145.9545248556128,144.22811391179323,145.1449650896746,61421000,0.0014739568294048766,0.001472871621273148,1.1841077890363148,0.051390990571528405,0.1910954774167654,2021,17.93326237046707,False,0.014624736857751475,False
2021-10-22,145.02792358398438,146.48121692115393,144.97915205496275,146.00329463249273,58883400,-0.005284955135756553,-0.0052989699112649166,1.0357073514338389,-0.04131485973852589,0.19235901071329337,2021,17.891069792265675,False,-0.32407170843069827,False
2021-10-25,144.9791259765625,145.69114254666354,143.98424351880567,145.01813426297446,50720600,-0.00033647042732165566,-0.00033652704619662756,1.177341231960394,-0.138626505942252,0.1878257345833163,2021,17.741842717392128,False,-0.07609774620864111,False
2021-10-26,145.64244079589844,147.1249943659197,145.34006320959406,145.65218915043056,60893400,0.004575243607435997,0.0045648089955579,1.2255570193491934,0.20056545072416343,0.1626915573191068,2021,17.924635368845102,False,0.17003359747813424,False
2021-10-27,145.18399047851562,146.04230690415662,144.83285629616836,145.68142436893194,56094900,-0.0031477796916715706,-0.003152744371381385,0.8330468145984968,-0.07880164352787,0.16320022437450468,2021,17.842555475096468,False,-0.21697551756441305,False
2021-10-28,148.81240844726562,149.39762230558532,146.03259425054543,146.13013733509126,100077900,0.024991860030785684,0.024684671125458333,2.26125501908824,0.7840819753667445,0.17584885887766277,2021,18.421459450681567,False,1.1931324990542496,False
2021-10-29,146.11058044433594,146.24713179057537,142.80407331191392,143.59412144965486,124953200,-0.018155932231196492,-0.018322773695677832,2.356474437505333,0.24855937224901803,0.19152790922010368,2021,18.643449833164393,False,-0.9690503990963999,False
2021-11-01,145.29129028320312,146.01305539533712,144.15985619885288,145.3205502265068,74588300,-0.00560732945308462,-0.005623109541967613,1.2755060491733314,-0.4030701094489777,0.16544506777004409,2021,18.127494229819668,False,-0.34022623683617353,False
2021-11-02,146.3251953125,147.8370236875447,144.98892661408803,144.99868985144568,69122000,0.007116084021840496,0.007090884174797626,1.9464160409108773,-0.07328629289043997,0.16129289626775448,2021,18.05138363169382,False,0.29735787997209645,False
2021-11-03,147.7589874267578,148.2271614322934,146.13011931995035,146.6860731609645,54511500,0.009798668720009118,0.009750973081746963,1.419231512656733,-0.2113726454674344,0.16267447986841285,2021,17.813922264893232,False,0.43178512301626604,False
2021-11-04,147.24205017089844,148.6758322133497,146.92992422765454,147.84677558220335,60394600,-0.003498516502189797,-0.0035046506221065522,1.1857400679145378,0.10792401603331414,0.16282926556616809,2021,17.91641027149253,False,-0.23455132141666732,False
2021-11-05,147.76950073242188,148.66815006608644,146.57781000839395,148.36534609443586,65463900,0.003582200607171959,0.003575799807987014,1.4145950600981143,0.08393631218685105,0.16162400406138513,2021,17.997009418906654,False,0.12027113039147001,False
2021-11-08,146.94898986816406,148.0527725947036,146.67548855791236,147.8964818732159,55020900,-0.005552640160458977,-0.005568113371532729,0.9372531502441008,-0.1595230348329385,0.16399653105322856,2021,17.82322368918994,False,-0.33748569677541795,False
2021-11-09,147.3104248046875,147.9160328251653,146.57782868777164,146.71457936674102,56787900,0.002459594563036571,0.0024565747110567087,0.9084246000701762,0.03211506900105232,0.15796573331033345,2021,17.854833850438027,False,0.06401611796227598,False
2021-11-10,144.48744201660156,146.64616444006643,144.41907415140022,146.53871644786318,65187100,-0.019163496350165343,-0.01934949625272812,1.5413729093565878,0.14790474731412862,0.175591340857067,2021,17.992772169901166,False,-1.0195405352683078,False
2021-11-11,144.4385986328125,145.96239567531134,144.25300529217714,145.50331597045192,41000000,-0.00033804587518027063,-0.00033810302556713177,1.1834720077004952,-0.37104120293739096,0.16306909297835673,2021,17.529082649058825,False,-0.07617669361795798,False
2021-11-12,146.50942993164062,146.90990439693277,144.05766590459464,144.9856178095641,63804000,0.014337104613515006,0.01423530022881855,1.9467951610138323,0.5561951219512196,0.16804941410603438,2021,17.971326457947473,False,0.6592110921993459,False
2021-11-15,146.51919555664062,148.3555742437889,145.9624154592678,146.88060480284193,59222800,6.665526583882198e-05,6.665304447529979e-05,1.6333414713541647,-0.07180114099429502,0.16397139379784756,2021,17.896817177729258,False,-0.05589667834717578,False
2021-11-16,147.4960174560547,147.97465228236786,145.87453448172622,146.46061733416252,59256200,0.0066668527335480565,0.006644727553301884,1.4238471226976384,0.0005639719837629009,0.15725113952964231,2021,17.897380990731072,False,0.2748464104868794,False
2021-11-17,149.92822265625,151.40317727562876,147.48623592599793,147.49599850722544,88807000,0.016489972015142573,0.016355488828692373,2.6125443763923313,0.4986954951549374,0.16652806920227428,2021,18.301976044944773,False,0.7670936241611633,False
2021-11-18,154.20655822753906,154.98799688592075,149.4984160214015,150.1431040324191,137827700,0.02853589201212814,0.02813632693719773,3.559888066770224,0.5519913970745549,0.1915497850274902,2021,18.741514919563432,False,1.3707278043720932,False
2021-11-19,156.8243865966797,157.28348128204507,152.89766786630707,153.9916731226482,117305600,0.01697611566738888,0.01683363170449732,2.7966399301260565,-0.14889677474121676,0.19520909862598063,2021,18.580293061844355,False,0.7914548124358557,False
2021-11-22,157.2834930419922,161.85488526610547,157.26395297389544,157.92816624213555,117467900,0.002927519471147333,0.002923242631009047,2.9188900903824164,0.0013835656609744174,0.19461059528722782,2021,18.581675671248497,False,0.08746434511125235,False
2021-11-23,157.6644287109375,158.04537802988585,155.36895531169498,157.3811499145866,96041900,0.0024219685205211228,0.0024190402818787616,1.6975437897268766,-0.18239876596074334,0.1946877117116332,2021,18.38029512295733,False,0.06213063596222302,False
2021-11-24,158.18214416503906,158.37750013405517,155.9355132595911,157.01975602804134,69463600,0.0032836541402165853,0.0032782747208453425,1.5437816242497227,-0.2767365077117383,0.19289911596899947,2021,18.056313446723628,False,0.1053106415387652,False
2021-11-26,153.1711883544922,156.72672078738918,152.73163368073872,155.867151508964,76959800,-0.03167839099031744,-0.03219100617280194,2.608249729971682,0.10791551258500864,0.21724520416133525,2021,18.158793778559545,False,-1.6466755459959923,False
2021-11-29,156.5215606689453,157.4495124904144,155.1051966783485,155.67173929364688,88748200,0.021873384612641322,0.02163759429503053,1.4977590320762915,0.15317607374239528,0.21532136586605397,2021,18.301313715691816,False,1.0368622969434456,False
2021-11-30,161.46417236328125,161.67906839694083,156.2090119296681,156.2773947152438,174048100,0.03157783294015282,0.03108950675633038,3.3877834241552724,0.9611451274504723,0.2334913251954204,2021,18.974842261504342,False,1.5231627797660654,False
2021-12-01,160.9464569091797,166.34813007275002,160.71202083002768,163.59356203535145,152052500,-0.0032063797591996845,-0.003211531209397559,3.5018535673032773,-0.12637655912359858,0.23528682196763576,2021,18.83973642048904,False,-0.21991203081798688,False
2021-12-02,159.9598846435547,160.38967666927002,154.13819694441963,155.0563862894109,136739200,-0.006129816614613093,-0.006148681070422354,3.9081546843952895,-0.10071060982226532,0.23757317908747236,2021,18.733586027226767,False,-0.3664086379727327,False
2021-12-03,158.08441162109375,161.13202046747685,156.01361213812496,160.2138312915339,118023100,-0.011724646005091377,-0.011793921688033629,3.237769161971519,-0.13687442957103746,0.2427955689002,2021,18.5863909344557,False,-0.6467716366798892,False
2021-12-06,161.48370361328125,163.98429560873123,160.4678287996897,160.47759138079394,107497000,0.02150301827567369,0.021275090019753674,2.177598562801553,-0.08918677784264262,0.2508141426579528,2021,18.492973507468427,False,1.0183028361260795,False
2021-12-07,167.20767211914062,167.59839885439817,164.43357936996645,165.15641265166715,120405400,0.03544610618769961,0.03483235432589929,1.892747769478356,0.12008149064625062,0.26972323382668933,2021,18.606374948636855,False,1.7170061683324105,False
2021-12-08,171.01718139648438,171.87676531869016,166.73881675330688,168.13564062689133,116998900,0.02278310097295866,0.022527441980212816,3.0043464191305542,-0.0282919204620391,0.2751295287173581,2021,18.57767509955552,False,1.0824491752825052,False
2021-12-09,170.50926208496094,172.64844463234323,169.8841141404718,170.85114615502485,108923700,-0.002969989958762631,-0.0029744091310407723,1.6212201367067178,-0.06901945231963724,0.2596711930738535,2021,18.506158204259762,False,-0.20806628027068502,False
2021-12-10,175.28578186035156,175.46161263264923,170.63624509261138,171.14418244016858,115402700,0.028013256974923628,0.02762806283982562,2.7528573560416794,0.059482004375539965,0.26625275988265285,2021,18.563938317310296,False,1.3445379930242343,False
2021-12-13,171.66189575195312,177.9036129181879,171.45676231906222,176.91704079075097,153237000,-0.020674158907455165,-0.020890861293668277,3.7555513242386622,0.32784588228871603,0.2866893975923373,2021,18.84749630699702,False,-1.0952414825245724,False
2021-12-14,170.28463745117188,173.61551126067369,168.21383726682737,171.18328686899508,139380400,-0.00802308686355968,-0.008055445016029068,3.17214404933928,-0.09042594151543037,0.2910574011395445,2021,18.75271745099734,False,-0.4612824736720074,False
2021-12-15,175.13929748535156,175.33465344975855,168.31149697974806,171.04652519555987,131063300,0.028509089879418692,0.028110268068337878,4.010040334093437,-0.05967194813617982,0.30004024059066037,2021,18.69119097819572,False,1.3693847202896803,False
2021-12-16,168.26263427734375,176.9365751900634,166.78767978084602,175.11973661793166,150185800,-0.03926396477970895,-0.040055584932657054,6.031580007531062,0.1459027813278011,0.34423598700843105,2021,18.827383758870965,True,-2.026796916296867,False
2021-12-17,167.16864013671875,169.44457351876034,165.75229083845704,165.98671202152144,195432700,-0.00650170577278486,-0.0065229339245878185,2.2087173032475245,0.30127282339608663,0.3362584262997195,2021,19.090726637716156,False,-0.3850444090204006,False
2021-12-20,165.81089782714844,166.62163920449956,163.5740445559153,164.375008447403,107499100,-0.008121991711243726,-0.008155154774739583,1.8379941780191473,-0.44994312620150057,0.33534205746964857,2021,18.492993042706324,False,-0.46623870338842477,False
2021-12-21,168.9757537841797,169.18087236492605,165.19554741578878,167.578929337747,91185900,0.019087140824305182,0.01890726660422795,2.358518816982126,-0.15175196815601244,0.3401935024959688,2021,18.328410848795382,False,0.8972405839102392,False
2021-12-22,171.56419372558594,171.7790897184107,168.15517538914062,169.02452194022183,92135300,0.015318410383967196,0.015202268110474742,2.112278938032055,0.010411697422518129,0.3426297390113015,2021,18.338768717691007,False,0.7083853939074259,False
2021-12-23,172.1893768310547,172.7461569911751,171.2028195021509,171.76936224404878,68356600,0.003644018555927442,0.0036373952058398797,0.8963023837053882,-0.2580845777894032,0.34261895720404933,2021,18.040248692915796,False,0.12336889518059986,False
2021-12-27,176.14537048339844,176.23327841950962,172.96102548062714,172.9805506410723,74919600,0.02297466734097786,0.022714723555330097,1.8577002222098598,0.09601121179227756,0.3198576379592472,2021,18.131926109845253,False,1.092048774777122,False
2021-12-28,175.12950134277344,177.12217071968058,174.38714279522745,175.9793227997058,79144300,-0.005767220210426971,-0.00578391484359929,1.5617174168160182,0.056389783180903263,0.3180048926676865,2021,18.18678333917214,False,-0.3482385369557001,False
2021-12-29,175.2174072265625,176.43840038673264,174.0061766459811,175.16856451921535,62348900,0.0005019478906469477,0.0005018219569441606,1.388117641534659,-0.21221237663356673,0.30372286652662284,2021,17.948256603631847,False,-0.03408369048127009,False
2021-12-30,174.0648193359375,176.379833000267,173.95737131856603,175.30535282655248,59773000,-0.006578044435588848,-0.006599775119245285,1.3917009140288912,-0.04131428140672888,0.3050380696300991,2021,17.90606462867502,False,-0.38886982261700553,False
2021-12-31,173.44944763183594,175.07091555859822,173.14662874511,173.9573701608435,64062300,-0.0035353020009972758,-0.0035415659487720843,1.109422278226393,0.07175982467000153,0.304035684541441,2021,17.975366620950712,False,-0.23639468285538345,False
2022-01-03,177.78636169433594,178.63618304508262,173.58615726537937,173.7033678359508,104487900,0.02500390818024134,0.024696425441874614,2.840502348760386,0.6310357261603159,0.3063996731669328,2022,18.464581842761824,False,1.1937362449550644,False
2022-01-04,175.52999877929688,178.69481886787932,174.96345608354855,178.39201490568885,99310400,-0.012691428597421783,-0.01277265274276265,2.125769276066827,-0.049551192051902615,0.3075328111810834,2022,18.41376086673263,False,-0.6952181661030965,False
2022-01-05,170.8609161376953,175.9890879826122,170.587414831676,175.4420853705736,94537600,-0.02659991268770101,-0.026960091884514092,3.161444567336303,-0.04805941774476796,0.30401990055888833,2022,18.36450820750497,False,-1.392187463086094,False
2022-01-06,168.00869750976562,171.23212317548703,167.65705080251047,168.69245085589924,96904000,-0.01669321862719686,-0.01683412067470115,2.1279091058775457,0.0250313102934705,0.2992603222029142,2022,18.389231365998267,False,-0.8957522261503198,False
2022-01-07,168.1747283935547,170.09901499255682,167.06118311991872,168.8780217142409,86709100,0.000988227908733208,0.000987739932994443,1.806354558533373,-0.10520618343928012,0.2992243261935665,2022,18.27806940740662,False,-0.009715668765709,False
2022-01-10,168.19424438476562,168.4970482896935,164.26752639043735,165.1564129469489,106765600,0.00011604592079539344,0.0001160391879883983,2.5146650616537083,0.2313079019387816,0.28001156091717777,2022,18.4861463445939,False,-0.053421658795140596,False
2022-01-11,171.01718139648438,171.11485190283432,166.8560422275084,168.32123396506768,76138300,0.016783790801193632,0.01664449938247952,2.490281760317604,-0.2868648703327663,0.27823394408501984,2022,18.14806199451153,False,0.7818172037709304,False
2022-01-12,171.456787109375,173.06849253983535,170.76327115991117,172.03309245435602,74805200,0.0025705353655165464,0.0025672371903254316,1.3444911798409238,-0.017508927832641352,0.276801507909557,2022,18.130397972613025,False,0.06957548249181801,False
2022-01-13,168.19424438476562,172.52143678948505,167.80351764880953,171.7009330010287,84505800,-0.01902836731991342,-0.019211736572805064,2.8050419667647377,0.129678150716795,0.26453639391113426,2022,18.25233074085861,False,-1.012769072281734,False
2022-01-14,169.05386352539062,169.74737940608347,167.11979931497876,167.36399798657283,80440800,0.005110871324814914,0.005097855152449584,1.5542857384682376,-0.048103207117144664,0.22386431540911358,2022,18.20303208055162,False,0.19687448619059322,False
2022-01-18,165.85972595214844,168.53613361538314,165.47877665458643,167.53003637041928,90956700,-0.018894200384615645,-0.01907497649055905,1.8433389680619492,0.13072843631589937,0.23313168544641144,2022,18.325894138059297,False,-1.0060458209219247,False
2022-01-19,162.3726043701172,167.11006537282074,162.08934042059263,166.05512514217625,94815000,-0.02102452275266209,-0.021248685542331162,3.0921010177207666,0.04241908512512005,0.24332385233078505,2022,18.3674381931035,False,-1.112798596678573,False
2022-01-20,160.69248962402344,165.74251639966073,160.3701455866801,163.10517370877471,91420500,-0.010347279657250796,-0.010401184926416653,3.343261919427909,-0.035801297263091336,0.23348620693368013,2022,18.330980311054127,False,-0.5777503077621369,False
2022-01-21,158.6412353515625,162.4702688967568,158.5337873352943,160.60458738914824,122848900,-0.012765091120688465,-0.012847264949621058,2.481373492042546,0.3437784741934249,0.22638027945996395,2022,18.6264657110225,False,-0.6989094754306929,False
2022-01-24,157.86953735351562,158.53376542721094,151.11012055841888,156.30667494751387,162294600,-0.004864422521274059,-0.004876292333338756,4.702392236805231,0.32109119414174647,0.22462317007621052,2022,18.904923766373898,False,-0.30299836076952974,False
2022-01-25,156.07223510742188,158.98307875093712,153.3762874615523,155.29079647095608,115798400,-0.011384731191484199,-0.01145003334839956,3.592433519982443,-0.2864925881699083,0.20160046421502859,2022,18.56736131471768,False,-0.6297381348880239,False
2022-01-26,155.98431396484375,160.57524507136318,154.15771304423117,159.70589857439398,108275300,-0.0005633362174739531,-0.0005634949509372506,4.114216272142861,-0.06496721889076185,0.20254114340683685,2022,18.50018762501954,False,-0.08746623822010695,False
2022-01-27,155.52523803710938,160.03802433796417,154.60704872462142,158.68028043462846,121954600,-0.0029430903407239306,-0.0029474297473694004,3.492022054997199,0.12633813990817844,0.20148766991045833,2022,18.619159410491783,False,-0.20671831109217134,False
2022-01-28,166.37744140625,166.39698147337538,159.0221785798324,161.86465470605705,179935700,0.06977776408579572,0.06745092978570301,4.432573810012888,0.47543184102936675,0.3292942129725402,2022,19.008110128370745,True,3.4374029645742388,True
2022-01-31,170.72418212890625,170.93907816240107,165.57646971606974,166.2113952349244,115541600,0.026125781752122545,0.025790333534825044,3.1410948229245395,-0.35787284013122467,0.34391403101334156,2022,18.565141204894406,False,1.2499545524012607,False
2022-02-01,170.5581512451172,170.7828098897894,168.3115200842747,169.97206836673854,86213900,-0.0009725094694769121,-0.0009729826636264268,1.448942655319421,-0.25382805846552237,0.3304903820218805,2022,18.27234198713336,False,-0.10797035584656094,False
2022-02-02,171.7595672607422,171.79864739328102,169.30781806090394,170.69486467196293,84914300,0.007044025787418251,0.007019332529918896,1.4501837493546046,-0.015074135377242004,0.32945926303481776,2022,18.257153082325953,False,0.2937469633070511,False
2022-02-03,168.88778686523438,172.15029228212393,168.12588824034546,170.43112418107953,89418100,-0.016719769625107794,-0.016861122783180398,2.3828863628781987,0.05303935850616437,0.32077565905855276,2022,18.30883369168484,False,-0.8970827255942609,False
2022-02-04,168.60414123535156,170.27659447810953,166.9316879925936,167.9097269846018,82465400,-0.0016794916621718503,-0.0016809035893949565,1.9838815707657136,-0.07775495117878817,0.3150508744947325,2022,18.227889381521578,False,-0.14339800408081196,False
2022-02-07,167.89019775390625,170.12990075671365,167.19578341710826,169.0638417050099,77251200,-0.004234436213810033,-0.004243426827931951,1.747640647791855,-0.06322894207752583,0.31541930476543206,2022,18.162573020546844,False,-0.2714290602640207,False
2022-02-08,170.99058532714844,171.49916986063508,167.66524328351184,167.95865801143464,74829200,0.018466757527957345,0.018298317495180717,2.2421857728529093,-0.03135226378360467,0.3221050131525438,2022,18.13071875446379,False,0.8661525007583344,False
2022-02-09,172.40875244140625,172.77062217708496,171.05905354274313,172.1838075995271,71285000,0.008293831567068422,0.008259626741936086,0.9927388314717452,-0.047363863304699216,0.31799183007821985,2022,18.082196498598396,False,0.35637609312119595,False
2022-02-10,168.34007263183594,171.62628436106874,167.78259814649985,170.31571564595043,90865900,-0.023599032833052203,-0.023881949920041605,2.2832865368753468,0.27468471627972235,0.32926641632493636,2022,18.324895362257504,False,-1.2418101028325201,False
2022-02-11,164.93650817871094,169.27900403758753,164.34967876719554,168.54547473503922,98670700,-0.020218385319154986,-0.02042557431292646,2.988619878535924,0.08589360805318602,0.33018781819954296,2022,18.407298611297826,False,-1.0724021712553444,False
2022-02-14,165.17124938964844,165.85587378073802,162.90219149496014,163.69440078491326,86185500,0.0014232216598351055,0.0014222098398042745,1.7882544914399607,-0.1265340166837775,0.32954791337888645,2022,18.272012519630255,False,0.012082342213027356,False
2022-02-15,168.995361328125,169.15185115822308,166.5111487010071,167.21533801275692,62527400,0.023152406684623816,0.022888456014422506,1.562588722236426,-0.2745020914190902,0.3329409454565312,2022,17.951115434630417,False,1.1009554870099614,False
2022-02-16,168.76063537597656,169.5332796330186,166.31553783336227,168.07601104878276,61177400,-0.0013889490830029105,-0.0013899145668893576,1.9066897872762902,-0.021590534709583276,0.3226949989788282,2022,17.929288414581674,False,-0.12883859876873113,False
2022-02-17,165.17124938964844,168.13470669398032,164.77024977354867,167.274027503072,69589300,-0.021269095001517635,-0.021498541447533173,2.0369506998731377,0.13750012259429134,0.3306259855665233,2022,18.058121392223956,False,-1.125054378634389,False
2022-02-18,163.62596130371094,166.79479876362558,162.54033719370844,166.0906242687398,82772700,-0.009355672319775632,-0.009399711514796143,2.6001140259278963,0.18944579123514682,0.328880991955853,2022,18.231608866925498,False,-0.5280597833025894,False
2022-02-22,160.71139526367188,163.0293432010753,158.58903724171788,161.35688974047144,91162800,-0.017812369240289727,-0.017972918859151043,2.762906732327489,0.1013631305974072,0.3354926632848181,2022,18.32815748806542,False,-0.9518340831638088,False
2022-02-23,156.55471801757812,162.5011823133144,156.24173835796486,161.90457789540673,90009200,-0.02586423470018462,-0.026204595628543388,3.998246769315958,-0.01265428442303218,0.34659603398185473,2022,18.315422456402402,False,-1.3553218372970457,False
2022-02-24,159.16610717773438,159.27369208830245,148.66196063900136,149.22922517438823,141147500,0.016680360663822613,0.016542771365896883,6.667079843481625,0.5681452562626932,0.35141165595910645,2022,18.76531600793744,False,0.7766342068560678,False
2022-02-25,161.22975158691406,161.4938113988268,157.3371452242796,160.24192254485857,91974200,0.012965350763245675,0.012882020104306363,2.5781012087626265,-0.3483823659646823,0.3535332922829873,2022,18.337018671774132,False,0.5904710116520963,False
2022-02-28,161.49388122558594,161.78729606715922,158.86295252152024,159.47912219645423,95056600,0.0016382189767840671,0.001636878559807459,1.810807643884692,0.033513746246229825,0.25485452692382554,2022,18.36998307214646,False,0.02285609209651593,False
2022-03-01,159.615966796875,162.94130845487337,158.4129829679633,161.08302534266187,83474400,-0.011628393685626626,-0.011696532198181816,2.837012848891706,-0.12184530058933307,0.2356487530118617,2022,18.240050567967106,False,-0.6419483280436004,False
2022-03-02,162.90223693847656,163.68467142814512,159.3715141755355,160.7798932721996,79724800,0.020588605310292163,0.020379524888457682,2.647696761977902,-0.04491916084452241,0.250258440423761,2022,18.194091274777005,False,0.9724806057883011,False
2022-03-03,162.57948303222656,165.20063634825544,161.91442341280975,164.7702966304226,76678400,-0.001981273629605762,-0.0019832389485221935,2.0212962141073456,-0.03821144737898374,0.24784238847090073,2022,18.155130623029144,False,-0.15852062738895256,False
2022-03-04,159.58665466308594,161.91439273743828,158.54016047816123,160.87767357199544,83737200,-0.0184084013143736,-0.018579944418286202,2.114357410649793,0.09205721559135305,0.24921199735799687,2022,18.243193893110092,False,-0.9817019000270351,False
2022-03-07,155.8016357421875,161.3960207362876,155.54733601828758,159.7724722055909,96418800,-0.023717640606535917,-0.024003431751751108,3.753930239653014,0.15144523580917446,0.2601986080703663,2022,18.38421177168501,False,-1.247753667635491,False
2022-03-08,153.9824981689453,159.30303394754864,152.3785144348394,155.33219707675556,131148300,-0.011675985072790884,-0.0117446846670415,4.496952312795875,0.3601942774645608,0.2616696168739419,2022,18.691839309561143,False,-0.6443331843254939,False
2022-03-09,159.3714599609375,159.82136448965088,155.9092082958325,157.93374136581392,91454900,0.03499723576428515,0.03439875595462113,2.4547407639844954,-0.30266042335279986,0.2853045472347343,2022,18.331356523491987,False,1.694512782179545,False
2022-03-10,155.03875732421875,156.86768560681452,152.55452973284972,156.68185579600046,105342000,-0.027186189031465968,-0.027562570740529622,2.7819855811570293,0.1518464292235846,0.29389692506030973,2022,18.47272276747229,False,-1.421566409670015,False
2022-03-11,151.33197021484375,155.78205064733166,151.10702542359093,155.43973102802846,96970100,-0.023908777220287725,-0.024199230973895564,3.0892515422244675,-0.07947352433027666,0.29416488738595753,2022,18.38991325183943,False,-1.2573317316753683,False
2022-03-14,147.312255859375,150.7353929741164,146.8036862331013,148.12403016599976,108732100,-0.026562228389427678,-0.026921378544206558,2.668961056959387,0.121295120867154,0.29944370366820827,2022,18.504397625881147,False,-1.390299061826519,False
2022-03-15,151.68408203125,152.1535515492418,147.0775261791108,147.58609577139651,92964300,0.029677273940115212,0.02924542687287948,3.346445653463643,-0.14501513352542628,0.3234817429700652,2022,18.347726117209284,False,1.42792369680542,False
2022-03-16,156.0852813720703,156.48628104894496,151.06795013405093,153.60106822684398,102300200,0.029015564994575804,0.028602583068488223,3.4713913235534437,0.1004245715828549,0.3304038952407757,2022,18.44342219572931,False,1.394764740330624,False
2022-03-17,157.09262084960938,157.46428044860957,154.16829376386883,155.12676781405298,75615400,0.006453776222101304,0.006433039779427167,2.0981168096343055,-0.2608479748817696,0.33237622350036417,2022,18.1411705373335,False,0.2641689142606425,False
2022-03-18,160.3788604736328,160.86788006337628,156.25153394230247,156.98506332691767,123511700,0.020919121510930117,0.020703321070253484,2.8784006242722726,0.633419911816905,0.33594343552153494,2022,18.631846454483558,False,0.9890431328404854,False
2022-03-21,161.74813842773438,162.69683770871782,159.43017522147943,159.91919485399893,95811400,0.008537770813795476,0.008501530178622263,2.0195981969201258,-0.22427268024000968,0.3363499747835322,2022,18.377892244210887,False,0.3686001546504279,False
2022-03-22,165.11253356933594,165.69934795266286,161.2883979046786,161.8752122880055,81532000,0.020800209352052068,0.020586838694625256,2.6714810515168894,-0.1490365447117984,0.33774609987361287,2022,18.21650615145088,False,0.983084314953647,False
2022-03-23,166.47201538085938,168.84864285363813,163.9682231459706,164.30076772924696,98062700,0.008233668166399699,0.008199956441685259,2.931675751327913,0.20275106706569201,0.3222404228091204,2022,18.401117638168618,False,0.3533612395400287,False
2022-03-24,170.24728393554688,170.31573891650316,166.4720521767643,167.30337650948087,90131400,0.022678097252864626,0.022424772009961267,2.2577081119215,-0.08087988603209983,0.326154537318624,2022,18.316779174625697,False,1.0771873244223036,False
2022-03-25,170.8830108642578,171.43071043053845,168.95627243907444,170.06146151483682,80546200,0.003734138448585167,0.0037271838611600623,1.448030426751787,-0.10634695566694852,0.3242247574228592,2022,18.2043415032224,False,0.12788490122569696,False
2022-03-28,171.74366760253906,171.87080253422522,168.22272096176945,168.38898581373743,90371900,0.005036526064986724,0.0050238851938698035,2.124143278981561,0.12198837437396182,0.3242716220043583,2022,18.31944394739884,False,0.19314896418976737,False
2022-03-29,175.0299072265625,175.07879724912362,172.46743429498167,172.80975399507545,100589400,0.01913456065017005,0.01895379719100281,1.491952430027714,0.11306058631056781,0.3240027098080793,2022,18.4265574522265,False,0.8996168430684313,False
2022-03-30,173.86602783203125,175.66561632731086,172.81951875433575,174.6288971925018,92633200,-0.006649602990560388,-0.006671810100917725,1.6369486370992918,-0.07909580929998583,0.3207520015794156,2022,18.344158177472174,False,-0.3924556998001625,False
2022-03-31,170.77545166015625,174.12034444944086,170.57005683003788,173.9345145849757,103049300,-0.01777561844836506,-0.017935502276785805,2.0789215223204707,0.11244456631099875,0.3290980855587276,2022,18.450718082162744,False,-0.9499924609248184,False
2022-04-01,170.4820098876953,171.0394993928561,168.1640617684755,170.20816010667752,78751300,-0.001718290126644706,-0.0017197680804025843,1.686651645106005,-0.23579005388682894,0.3201215644648487,2022,18.18180535616847,False,-0.1453422374230038,False
2022-04-04,174.52133178710938,174.57023673592576,170.60917466091976,170.73632454310336,76468400,0.023693537529707376,0.023417202068047344,2.2696721566610076,-0.02898872780512829,0.31058672758155254,2022,18.15238815464094,False,1.1280721434497023,False
2022-04-05,171.2155303955078,174.3843825989403,170.58958593943763,173.60194829792937,73401800,-0.018942105000861242,-0.019123804849157874,2.216385774547847,-0.04010283986587926,0.31711131912976964,2022,18.111459030068463,False,-1.0084463734544808,False
2022-04-06,168.0564422607422,169.81691543605135,166.39377895438548,168.57480173407063,89058800,-0.018450943833588807,-0.018623285703197923,2.036896911309603,0.2133053957804849,0.30832054005970344,2022,18.30480739493316,False,-0.9838337520331089,False
2022-04-07,168.3596649169922,169.55287391806212,166.11996174699982,167.401190693142,77594700,0.0018042905833954848,0.0018026648064297791,2.0390348084589363,-0.12872506703436382,0.28703693274785813,2022,18.167009696739374,False,0.03117812130958403,False
2022-04-08,166.35467529296875,168.00756384278074,165.48422104719532,168.00756384278074,76575500,-0.011908966586575032,-0.011980446396399832,1.5168451329315145,-0.013134917719895833,0.2740293954219011,2022,18.153787753267,False,-0.6560081419138382,False
2022-04-11,162.11000061035156,165.31796805598518,161.8654908055094,165.00500326610816,72246700,-0.025515812375828006,-0.02584698630862758,2.1297126873586034,-0.05652983003702228,0.2724050923851617,2022,18.09559722301467,False,-1.3378620148689688,False
2022-04-12,163.9780731201172,166.13953162244414,162.98046885243798,164.33016786613953,79265200,0.011523487155217005,0.011457597479873583,1.926515362631492,0.09714630564440996,0.25816700529204123,2022,18.18830976305389,False,0.5182176547290748,False
2022-04-13,166.65785217285156,167.28379658301122,163.10758048377514,163.71395993382896,70618900,0.016342301148833283,0.01621020299422537,2.5058621869821436,-0.10908065582374105,0.24589379150314597,2022,18.07280838617973,False,0.759693676100081,False
2022-04-14,161.6600799560547,167.5087646523774,161.41557017548345,166.8730302686766,75329400,-0.029988219286621765,-0.030447062493120867,3.769139838697541,0.06670310639219812,0.27297258432329374,2022,18.137381068090985,False,-1.5619791997616357,False
2022-04-18,161.44493103027344,162.94132974863555,159.977872292766,160.32017704396847,69023900,-0.0013308723207345885,-0.001331758717843173,1.8355840824224237,-0.08370569790812088,0.2633784699656897,2022,18.049963393886262,False,-0.1259283089120895,False
2022-04-19,163.7237548828125,164.1345444765827,160.31040765157212,161.39603175237912,67723800,0.014115177466375473,0.014016485963395001,2.3357250923958843,-0.018835504803408676,0.2663581889678119,2022,18.03094824182892,False,0.6480900809720054,False
2022-04-20,163.55747985839844,165.17125338034182,162.45230578739907,165.05387853639598,67929800,-0.0010155827694831032,-0.0010160988230902925,1.662380464223777,0.003041766705353277,0.25569038119314,2022,18.033985391676957,False,-0.11012880585658286,False
2022-04-21,162.76527404785156,167.7630547165198,162.266479452362,165.20059691129774,87227800,-0.004843592669884211,-0.004855360880517165,3.376995060102226,0.28408739610598,0.25401093782245354,2022,18.28403365687463,False,-0.30195455421338685,False
2022-04-22,158.23695373535156,164.18343379206294,157.95332893712188,162.80440987833427,84882400,-0.027821169711966354,-0.028215509666457268,3.937199691900539,-0.02688821682995557,0.2553386977185004,2022,18.256777338863333,False,-1.4533859836518732,False
2022-04-25,159.3030242919922,159.58664908398902,154.98009296481885,157.5816658069576,96046400,0.006737178209482053,0.006714584844617286,2.891694077776354,0.13152314260671227,0.2567012477883835,2022,18.380341976409145,False,0.2783704967355001,False
2022-04-26,153.35655212402344,158.7748828167284,153.2783071958642,158.6868628689345,95623200,-0.03732805572522746,-0.03804258537266916,3.584180489672839,-0.004406203668226971,0.2819886623799237,2022,18.37592603686211,False,-1.9297864035790933,False
2022-04-27,153.131591796875,156.28086402556207,151.96772285920957,152.48608239761126,88063200,-0.0014669104386652032,-0.0014679874051204737,2.8166240001434595,-0.0790603117235148,0.2672784251873448,2022,18.29356530784699,False,-0.13274532727308094,False
2022-04-28,160.04632568359375,160.9070049099631,155.43975472715812,155.7527344180899,130216800,0.04515550191557449,0.04416568000714703,3.4160422986614174,0.47867440656255966,0.32251646400561,2022,18.684711319352363,True,2.20355457077954,False
2022-04-29,154.1878662109375,162.55010393809633,153.79665651995063,158.28585264208988,131747600,-0.03660477332193324,-0.03729153946087482,5.677131173324948,0.011755779592187876,0.3403236724759448,2022,18.696398536491312,False,-1.893541934025688,False
2022-05-02,154.49105834960938,154.75511815394006,149.9040527150275,153.26850950984627,123055300,0.0019663813121137963,0.001964450515089277,3.140029909002715,-0.06597691343144008,0.3410607603419463,2022,18.628144413922183,False,0.039300664392566076,False
2022-05-03,155.97767639160156,157.18067526746918,152.88708408047324,154.67688255687574,88966500,0.009622680159443231,0.00957667705272947,2.752695953885311,-0.27702016898093784,0.3291363166083328,2022,18.303770463584264,False,0.422966144431793,False
2022-05-04,162.37405395507812,162.8239435793619,155.76250015329012,156.16349976201118,108256500,0.041008288566997564,0.04018975172120883,4.348874253041297,0.21682318625550057,0.3625011458796529,2022,18.50001397847087,False,1.9957331897264927,False
2022-05-05,153.3271942138672,160.47665766238154,151.5471558846843,160.25171284753384,130525300,-0.05571616598125839,-0.057328486399269483,5.823821288506728,0.20570404548456667,0.4082669073215036,2022,18.687077643329864,True,-2.8512346501891543,False
2022-05-06,154.052001953125,156.16767394547392,151.0156200226824,152.8080631040653,116124600,0.004727196261393951,0.004716058156692199,3.3443602533378165,-0.11032880215559737,0.4090019107230323,2022,18.570174319139735,False,0.177648110585123,False
2022-05-09,148.93914794921875,152.63177739233632,148.38085428930862,151.75023984870148,131577900,-0.03318914353000091,-0.03375240093368999,2.8541341625487657,0.133075162368697,0.42143761786112416,2022,18.695109637222505,False,-1.7223810023680768,False
2022-05-10,151.33888244628906,153.52312542416914,149.7913080506125,152.32816310530018,115366700,0.016112180914909624,0.01598375734740987,2.4658681980693653,-0.1232061007205617,0.420847206027388,2022,18.563626317539267,False,0.7481621003641292,False
2022-05-11,143.49325561523438,152.25956414663153,142.81741468212965,150.3495886480442,142689800,-0.05184144817402847,-0.053233541950056786,6.580204361534765,0.23683697288732364,0.4519757800686899,2022,18.776183608274067,True,-2.6570683177129943,False
2022-05-12,139.6341094970703,143.19940187956024,135.95128476595931,139.83980605277625,182602000,-0.026894268316777548,-0.027262537043884063,5.190792664992074,0.2797130558736505,0.4491182532270291,2022,19.02281948444407,False,-1.406937944484987,False
2022-05-13,144.09072875976562,145.06041547307086,140.17282438448345,141.6224448185645,113990900,0.03191640838149801,0.031417664148392394,3.392023297165926,-0.3757412295593695,0.46312200887910404,2022,18.551629187383845,False,1.5401291641540658,False
2022-05-16,142.5529327392578,144.49230601105745,141.22084476017127,142.56273706460962,86643800,-0.010672414760783733,-0.010729773448031815,2.2949098191266075,-0.23990599249589217,0.46313363068394425,2022,18.27731603088583,False,-0.5940431821733909,False
2022-05-17,146.17703247070312,146.69615365751025,143.66956086149628,145.80482673464496,78336300,0.02542283530619538,0.025105049776407894,2.070498179404869,-0.09588106708154531,0.47116354803037824,2022,18.176521667829086,False,1.2147291398362083,False
2022-05-18,137.92984008789062,144.33560760113403,137.0287088681347,143.83608013972986,109742900,-0.05641920788387467,-0.058073287615822235,5.297547454809848,0.4009201353650862,0.505938516121438,2022,18.513650924456197,True,-2.886464846192939,False
2022-05-19,134.53106689453125,138.75260707730666,133.7964597180681,137.00914057415054,136095600,-0.024641319029976683,-0.0249499977168076,3.68401698852508,0.24013125222679554,0.5090262168822401,2022,18.728868145277143,False,-1.294040200175282,False
2022-05-20,134.76612854003906,137.81230015984903,129.8883411847853,136.23534285932448,137426100,0.0017472666420768057,0.0017457419474911817,5.8797852701612,0.009776216130426008,0.5055338466566683,2022,18.73859688332162,False,0.028320589458225992,False
2022-05-23,140.1728057861328,140.31972120246527,134.8248604473741,134.96198648449013,117726300,0.0401189624178262,0.0393350935518116,3.9200619009331197,-0.1433483159312532,0.5307810958749976,2022,18.583873005211423,False,1.95116808709178,False
2022-05-24,137.47927856445312,139.05623582746938,134.51146690573626,137.92003986063096,104132700,-0.01921576162061922,-0.019402784097158413,3.3057846747445954,-0.11546782664536304,0.5200568635422583,2022,18.461176614900108,False,-1.0221596049360313,False
2022-05-25,137.635986328125,138.87991021944293,135.50072064953915,135.58886991195646,92482700,0.001139864605838925,0.0011392154534295106,2.4551642779293044,-0.11187648068282108,0.520404837603163,2022,18.342532168776724,False,-0.0021169886009554323,False
2022-05-26,140.8291015625,141.37760590054086,134.32537951243148,134.5702485880299,90601500,0.02319971193262349,0.022934689746709074,5.00764849726716,-0.02034110163306213,0.4986214327921469,2022,18.32198133820489,False,1.103326004546447,False
2022-05-27,146.56881713867188,146.6079896103765,142.27870662441157,142.4060433122878,90978500,0.04075660152972427,0.03994795012325037,2.9537544687072903,0.004161079010833069,0.5103847051975857,2022,18.326133783821795,False,1.98312087796847,False
2022-05-31,145.78524780273438,147.567901829154,143.8262952175465,146.01053811087894,103718400,-0.005346084871491796,-0.005360426319788257,2.5665193618701276,0.14003198557901042,0.5101907089427796,2022,18.457190102009925,False,-0.32713498611528263,False
2022-06-01,145.65786743164062,148.62567820823514,144.6489935062906,146.82343119645515,74286600,-0.0008737535039630151,-0.000874135449055975,2.730154417378701,-0.28376642910033323,0.5081455492166171,2022,18.123441156951657,False,-0.1030215867779603,False
2022-06-02,148.1065673828125,148.16533354946895,143.84584095281429,144.79593383540592,72348100,0.01681131266267566,0.01667156658129095,2.9164760705648076,-0.026094881176416784,0.487825183221039,2022,18.096999763288867,False,0.7831963542465885,False
2022-06-03,142.39625549316406,144.93309527765794,141.49513917786348,143.88504856420633,88570300,-0.038555426613115285,-0.03931836159837543,2.414358501133133,0.22422427126628075,0.46569203823903854,2022,18.2993071562219,False,-1.991291296514654,False
2022-06-06,143.14064025878906,145.52077501341512,141.92608448379778,144.01237341190438,71598400,0.005227558569198099,0.005213942317455308,2.511299742070714,-0.19162066742463335,0.46581468731536435,2022,18.08658329927927,False,0.20272181118710178,False
2022-06-07,145.65786743164062,145.94190886611432,141.1424829420523,141.3873519166599,67808200,0.017585691724590458,0.01743285269962923,3.294999445405479,-0.05293693713826009,0.45733371291692493,2022,18.032193704297775,False,0.8220013330550501,False
2022-06-08,144.9232940673828,146.79408210793065,144.4335560047601,145.5305644824367,53950200,-0.00504314238022574,-0.005055901939686803,1.6288106879995454,-0.2043705628522804,0.4529784425425,2022,17.803571975333394,False,-0.3119542076930281,False
2022-06-09,139.7124786376953,144.91349464755012,139.60473566244548,144.06135517233236,69473000,-0.03595567892118645,-0.036618009205629944,3.799774391571283,0.28772460528413246,0.4314626266955176,2022,18.056448760238986,False,-1.8610151061393714,False
2022-06-10,134.3155517578125,137.8710395567264,134.24698126233585,137.40089525066517,91437900,-0.03862881062956591,-0.039394691341357174,2.698167298545722,0.31616455313575065,0.44312367752248377,2022,18.33117062224423,False,-1.9949686495621461,False
2022-06-13,129.17332458496094,132.4251777606438,128.7423526705115,130.14299644685158,122207100,-0.03828467445172423,-0.03903679149769917,2.8510724655925377,0.33650379109756456,0.44334825199723754,2022,18.621227712669768,False,-1.9777236106075151,False
2022-06-14,130.03526306152344,131.14207601932122,128.7815346427886,130.3976794412042,84784300,0.006672728129681227,0.00665056402141589,1.815308648559252,-0.3062244337685781,0.4449003312344461,2022,18.25562095390653,False,0.27514083299085984,False
2022-06-15,132.65045166015625,134.52125474775525,129.4475753177957,131.5338494146611,91533000,0.020111380075383822,0.019911817487050926,3.824848966936098,0.07959846339475596,0.44066389690918906,2022,18.332210131887827,False,0.9485663291268296,False
2022-06-16,127.3906478881836,129.67282879246193,126.39157816992548,129.36919361966238,108123900,-0.03965160846529203,-0.04045915250672673,2.5757390176840502,0.18125594048048255,0.41620707332251844,2022,18.498788359002813,True,-2.0462221638843854,False
2022-06-17,128.85986328125,130.3486710219844,127.14578023984714,127.40045357119396,134520300,0.011533149547649613,0.011467149750687345,2.485561214003933,0.24413103855854246,0.41191723027711635,2022,18.71722568241933,False,0.5187018477451659,False
2022-06-21,133.08140563964844,134.2469845261448,130.58375367786297,130.68169231513036,81000500,0.03276072355582493,0.03223553073714918,2.7526241030252847,-0.3978566803672011,0.4295843689317046,2022,18.20996589780277,False,1.5824387177806898,False
2022-06-22,132.57212829589844,134.93265491125933,131.1616799782049,132.02360899242208,73409200,-0.0038268106750314335,-0.003834151649333289,2.844470388706217,-0.0937191745729965,0.4028153023839851,2022,18.111559839951994,False,-0.2510025002341323,False
2022-06-23,135.43215942382812,135.74558399228505,132.84634321517927,134.0119221215175,72433800,0.021573396796845223,0.021343984673600352,2.140732887550546,-0.013287162916909567,0.406473943370711,2022,18.09818361304944,False,1.0218295805293685,False
2022-06-24,138.75262451171875,138.99749360130787,136.90141479225005,137.02873655581266,89116800,0.02451755256666477,0.02422182136280477,1.510658855235408,0.23032065140859648,0.41604238148108624,2022,18.30545843807709,False,1.1693644350670904,False
2022-06-27,138.75262451171875,140.54506804098577,138.07678343315314,139.77127334833523,70207900,0.0,0.0,1.7789102127031573,-0.2121810926783727,0.4074454703808323,2022,18.066971412520328,False,-0.05923684636766966,False
2022-06-28,134.61920166015625,140.47646473111445,134.50166930718802,139.212947099847,67083400,-0.029789871478888008,-0.03024260360367045,4.438293609116541,-0.04450353877555091,0.39029037075540124,2022,18.02144719428998,False,-1.5520397749316548,False
2022-06-29,136.3724822998047,137.78293057588337,133.86502534038587,134.63881999394516,66242400,0.013024001167935673,0.012939918142763945,2.8729441375748217,-0.012536633503966721,0.39497897708878016,2022,18.00883131436505,False,0.5934100473557158,False
2022-06-30,133.9140167236328,135.53014683096814,131.02456428701487,134.43313802820109,98964500,-0.01802757810602229,-0.018192054633043814,3.364533940649196,0.49397515790490676,0.39831616013902305,2022,18.410271768037628,False,-0.9626184339874162,False
2022-07-01,136.07858276367188,136.18632571299105,132.87570725736074,133.2478979449589,71051600,0.0161638497074299,0.016034605550855525,2.4328725273247938,-0.28204962385501875,0.3978795946690765,2022,18.078916945680675,False,0.7507512798724831,False
2022-07-05,138.6546173095703,138.70359409768392,134.1196387404863,134.94240992218974,73353800,0.018930492172837043,0.018753540111149224,3.3060243114465884,0.032401803759521286,0.38308759221192606,2022,18.110804881251553,False,0.889390749249725,False
2022-07-06,139.98670959472656,141.16207781793045,138.18447732277275,138.44894003031942,74064300,0.00960726956666802,0.009561413221309378,2.1270594214108676,0.009685933107759892,0.38438141475018694,2022,18.12044420629764,False,0.42219390283142066,False
2022-07-07,143.3463134765625,143.5422056804672,140.33931508968487,140.3491044689141,66253700,0.023999448887414232,0.023715988421286676,2.2343724879300773,-0.10545701505313632,0.3890214243288936,2022,18.009001885421206,False,1.14340169500515,False
2022-07-08,144.02215576171875,144.52169812610057,142.02403114104803,142.2786895406023,64547800,0.004714751769788306,0.004703672139153352,1.7342241350593848,-0.02574799596098032,0.38914776058427086,2022,17.98291660806162,False,0.17702450354718854,False
2022-07-11,141.89666748046875,143.63034399150357,140.82904234672395,142.6802511820269,63141600,-0.014758064618658917,-0.014868048293134078,1.9741842387984172,-0.021785405544418213,0.3693911926723464,2022,17.96089039712362,False,-0.7987795496077217,False
2022-07-12,142.8663787841797,145.40321819395862,142.07300556646354,142.768425199881,77588800,0.006833925848501066,0.006810680422169512,2.330998136745563,0.22880636537560028,0.33780907319233444,2022,18.166933657728435,False,0.28321862637451467,False
2022-07-13,142.50399780273438,143.44428658574307,139.20315284375937,140.05530730128564,71185600,-0.0025365028814283708,-0.0025397252550554642,2.9761507097187723,-0.0825273750850638,0.3001970551975905,2022,18.08080112278426,False,-0.18634377035660793,False
2022-07-14,145.42282104492188,145.8929653987599,140.30995449187216,141.12292146669557,78140700,0.02048239549200548,0.020275452253707787,3.8391573391105718,0.09770374907284629,0.30510015832112936,2022,18.17402161862851,False,0.9671583160331078,False
2022-07-15,147.0879364013672,147.76377735798872,145.1583671279135,146.7059412883577,76259900,0.011450165417510094,0.011385108411470968,1.7713282909658148,-0.024069403012770607,0.30126947629979417,2022,18.14965781420245,False,0.5145434225373096,False
2022-07-18,144.0515899658203,148.45923341835072,143.6891735633667,147.64626627696484,81420900,-0.020643069104331113,-0.020859115669954943,3.3113552277457243,0.06767645905646358,0.26810935900743804,2022,18.215142567055008,False,-1.0936835386044401,False
2022-07-19,147.90090942382812,148.1261847699647,143.89485526545627,144.88412086859606,82982400,0.026721811671229334,0.026371019541681594,2.860921897635562,0.019178122570494782,0.2771014820340158,2022,18.23413910713345,False,1.2798222612762364,False
2022-07-20,149.8990020751953,150.5650535340759,147.2838029205586,148.0184099284549,64823400,0.01350967116531665,0.013419229208066813,2.1889742880818477,-0.21882953493752888,0.2619085416262762,2022,17.987177222675218,False,0.6177475002688577,False
2022-07-21,152.16165161132812,152.37713759641647,148.82163378808133,151.32909076479385,65086600,0.015094493657788144,0.014981705360266566,2.3366622080424673,0.0040602621892711355,0.2611005649455814,2022,17.991229264181985,False,0.6971646827059211,False
2022-07-22,150.92745971679688,153.0725146399616,150.26142318216912,152.20078156045275,66675400,-0.008111057427818924,-0.00814413101671179,1.8625447370990482,0.024410554553471853,0.26043118879206173,2022,18.015346642262486,False,-0.4656907745284476,False
2022-07-25,149.8108673095703,151.85796878260385,149.15462011252404,150.8491095898411,53623900,-0.00739820579582906,-0.007425708250165394,1.804507722723202,-0.1957468571617118,0.25427770185923404,2022,17.79750544082995,False,-0.4299690022938731,False
2022-07-26,148.4886016845703,149.94801169458665,147.70501771546552,149.13504463438227,55138700,-0.008826233027992902,-0.008865414945593933,1.5105496002217464,0.028248598106441314,0.25797111198681577,2022,17.825362405066976,False,-0.5015290033416816,False
2022-07-27,153.57205200195312,154.1009774684585,149.03708779660727,149.44846596743406,78620700,0.03423461639285574,0.03366165208183531,3.2974031445427494,0.425871484093749,0.246963469814003,2022,18.180145594224523,False,1.6562970942784994,False
2022-07-28,154.12057495117188,154.40461645264705,151.24091273921562,153.7581586202447,81378700,0.003571762844008619,0.0035653992474385973,2.0527458546230757,0.03507981994563769,0.24600451816969168,2022,18.21462413825756,False,0.11974808270296508,False
2022-07-29,159.17466735839844,160.27169083424704,156.22644946059978,157.93074338059327,101786900,0.03279310636381805,0.03226688582218904,2.5413851593224774,0.25078060966813176,0.24507420890182702,2022,18.43839197993117,False,1.5840614555840906,False
2022-08-01,158.19520568847656,160.2325181068246,157.58793518866128,157.70546755749734,67829400,-0.006153376577923142,-0.006172386623678699,1.671721280461015,-0.3336136575531822,0.24883578954691474,2022,18.032506301982487,False,-0.36758925341281695,False
2022-08-02,156.7259521484375,159.07670355733856,156.35376142488207,156.81411634866453,59907000,-0.009287598405051334,-0.009330997069037568,1.7373907097897583,-0.11679891020707833,0.25198408852053344,2022,17.90830393438618,False,-0.5246485252402219,False
2022-08-03,162.72036743164062,163.1709180629882,157.45078129075776,157.53893055181024,82507500,0.03824775157547444,0.037534437935699,3.5153170205527475,0.37725975261655575,0.27550821699473405,2022,18.228399768383948,False,1.857399672300094,False
2022-08-04,162.40695190429688,163.7586338892835,161.05526991931026,162.6028441618955,55474100,-0.0019260989407205997,-0.0019279562545820217,1.6645617310558618,-0.3276477895948853,0.27051146643244894,2022,17.83142682115365,False,-0.15575576359258644,False
2022-08-05,162.1813507080078,162.67176904705062,159.87637852795464,160.0823608155598,56697000,-0.0013891104638303897,-0.001390076172191413,1.7236201985571145,0.022044521677683893,0.2718326980049747,2022,17.8532318748829,False,-0.1288466857378893,False
2022-08-08,161.71055603027344,164.59421857415984,161.05339717997808,163.18181120847004,60276900,-0.002902890348853937,-0.0029071119068353577,2.189604365418726,0.06314090692629248,0.26285828523680693,2022,17.91445952031476,False,-0.2047038456845477,False
2022-08-09,161.75958251953125,162.6423445061743,160.1215870695177,160.8768354992681,63135500,0.0003031743286359134,0.0003031283805857531,1.55833577052677,0.04742446940701983,0.26378126307385547,2022,17.960793784200007,False,-0.04404445032212601,False
2022-08-10,165.996826171875,166.0949008724902,163.70165667502752,164.4667081851827,70170500,0.026194699481448813,0.025857494321829176,1.4417409372542376,0.11142701016068624,0.2704629942237713,2022,18.06643856700632,False,1.2534080949330284,False
2022-08-11,165.2611846923828,167.71327649760102,164.9669306824805,166.8010905635419,57149200,-0.004431659908548435,-0.004441508822116071,1.6618214496238597,-0.18556658424836647,0.2693638635986789,2022,17.861175967354956,False,-0.2813121545666043,False
2022-08-12,168.80198669433594,168.87063747457046,166.1537158722437,166.5656804191666,68039400,0.021425490858872687,0.021199191703692614,1.6095317688686388,0.19055734813435699,0.2739886796939103,2022,18.035597521808267,False,1.0144178527710301,False
2022-08-15,169.87110900878906,170.06727335382837,168.0663730882192,168.2331135298216,54091700,0.006333588457042794,0.006313615574654783,1.1778932140283191,-0.20499445909281977,0.2537232811795839,2022,17.8061913309405,False,0.25814617435778464,False
2022-08-16,169.7141876220703,170.3811644180383,168.37044601656845,169.46897842594916,56377100,-0.0009237673647649602,-0.0009241943007836868,1.1847674196499391,0.04225047465692522,0.2462473021351298,2022,17.847573623385355,False,-0.10552783585415546,False
2022-08-17,171.20504760742188,172.7743773350279,169.26299514755854,169.45915949271176,79542000,0.00878453361053988,0.008746174078542423,2.050980526883218,0.41089201111798945,0.24515734527519817,2022,18.191795754581015,False,0.38096570734848995,False
2022-08-18,170.81268310546875,171.5483105348056,169.8024226331564,170.42035446304044,62290100,-0.0022917811562006563,-0.0022944113058880056,1.0221067135695123,-0.21689044781373368,0.24503530594054415,2022,17.94731307867708,False,-0.1740804979768642,False
2022-08-19,168.2331085205078,170.41056710828244,168.02712623620275,169.71416649279175,70346300,-0.015101774283167058,-0.015216967293702664,1.4167489937268467,0.12933355380710587,0.2515655700169247,2022,18.06894076018494,False,-0.8160032155143411,False
2022-08-22,164.35879516601562,166.6049043800519,163.9370276482697,166.43816395511286,69026800,-0.023029434506465774,-0.023298754830723613,1.6232029013643172,-0.018757205425160905,0.26808909962753025,2022,18.050005407435755,False,-1.2132669098672209,False
2022-08-23,164.0253143310547,165.47696339789675,163.4564272588674,163.87819481513557,54147100,-0.0020289807711482144,-0.002031041941154517,1.2318440889869493,-0.21556409974097013,0.2645996822094705,2022,17.807214993505387,False,-0.1609112842489011,False
2022-08-24,164.31959533691406,164.8884825026039,163.0641253734546,164.11362798077442,53841500,0.0017941194446695619,0.0017925119348013098,1.1102492830564155,-0.005643884898729579,0.24199122597257344,2022,17.801555121812584,False,0.030668434462238995,False
2022-08-25,166.77166748046875,166.87956011908489,165.1238689631101,165.5456215718219,51218200,0.014922579005425707,0.01481233274257929,1.0527514550278085,-0.048722639599565354,0.2453736656368058,2022,17.751605515119998,False,0.6885498521017817,False
2022-08-26,160.48452758789062,167.77215348287845,160.4256797689523,167.30135596498863,78961000,-0.03769908874548156,-0.03842807966551921,4.577683484099606,0.5416590196453603,0.26470352586276036,2022,18.184464630314107,False,-1.9483792726225797,False
2022-08-29,158.2874298095703,159.7782908024648,156.7573269679059,158.06182659509352,73314000,-0.013690402503861665,-0.013784980261322398,1.9085304740833227,-0.07151631818239379,0.2685652772976967,2022,18.110262158166673,False,-0.7452778373624814,False
2022-08-30,155.86476135253906,159.44480926961938,154.6975633016655,159.02305667853338,77906200,-0.015305501264035182,-0.015423839485161723,3.045746791487038,0.06263742259322913,0.27222756318275904,2022,18.171016109726818,False,-0.8262121965729861,False
2022-08-31,154.20713806152344,157.50274977749038,154.12866933419335,157.23791969354875,87991100,-0.010635009970383025,-0.010691965866528073,2.1880183276281855,0.12944926077770447,0.2346138811311114,2022,18.292746242329002,False,-0.5921687873579561,False
2022-09-01,154.93296813964844,155.38414463005734,151.70600708998924,153.63825654168207,74229900,0.004706851364010278,0.004695808776118191,2.3740186380169344,-0.15639308975566846,0.2360716517073092,2022,18.122677605400263,False,0.17662860560279356,False
2022-09-02,152.82415771484375,157.286967514474,152.00025851175562,156.6886565527691,76957800,-0.01361111485906552,-0.013704595300785653,3.4593411681567354,0.03674934224618376,0.23942676093902923,2022,18.158767790628676,False,-0.7413046470640773,False
2022-09-06,151.56869506835938,154.07963464254792,150.7447958267751,153.4715206737186,73714800,-0.008215079770483413,-0.008249009489640722,2.2002160896541154,-0.04213997801392455,0.24015749384338173,2022,18.11571416467617,False,-0.4709034474960261,False
2022-09-07,152.9712677001953,153.66765323664163,150.66629592998046,151.8531146846475,87449600,0.009253709225400142,0.009211155973686522,1.9620398992466026,0.18632350627011118,0.24395150143805278,2022,18.286573196811272,False,0.40447660877586167,False
2022-09-08,151.5000457763672,153.36362955067997,149.75414265238146,151.67658920142858,84923800,-0.00961763569032803,-0.009664183844359955,2.382498882955166,-0.028882922277517542,0.22003327202763281,2022,18.257264953571546,False,-0.5411870533216714,False
2022-09-09,154.35427856445312,154.79566708651402,151.7844910019974,152.49069467763707,68028800,0.0188398146908757,0.01866454334667997,1.9508212616595886,-0.1989430524776329,0.23498909775179821,2022,18.035441717588537,False,0.8848468017968926,False
2022-09-12,160.29811096191406,161.11220709833708,156.24726616785827,156.53170218353472,104956000,0.03850772685241122,0.03778480470347235,3.0349334133043477,0.5428171597911473,0.26365611191685123,2022,18.46905178220556,False,1.8704273167812222,False
2022-09-13,150.89190673828125,157.46350930410847,150.43091231518306,156.8357744463717,122656600,-0.05867944523605573,-0.06047154409673605,4.660685348169993,0.1686478143221921,0.3315872612823038,2022,18.624899147033013,True,-2.9997278034022976,False
2022-09-14,152.33375549316406,154.08946168271527,150.66633598686377,151.82371618505977,87965400,0.009555507555376597,0.009510142455139115,2.2471222381208267,-0.28283190631405075,0.3357167829702828,2022,18.292454124676166,False,0.41960005202884304,False
2022-09-15,149.4500732421875,152.26508456095567,148.47905455230304,151.6863795720259,90481100,-0.01893002796156995,-0.019111494704142015,2.5333075632002378,0.028598744506362683,0.3347072768156155,2022,18.320651558133118,False,-1.0078411798525144,False
2022-09-16,147.81211853027344,148.44967149809492,145.52676674658431,148.31235493010595,162278800,-0.01095987895074313,-0.011020380892814452,1.9774459500165809,0.7935104679319769,0.3345842505942108,2022,18.904826407810845,False,-0.608448326046965,False
2022-09-19,151.5196533203125,151.5981220543988,146.24276190884032,146.44872924023372,81474200,0.02508275253006209,0.02477334350721367,3.534432681308509,-0.4979368839306182,0.35160442242257334,2022,18.215796975950646,False,1.1976872212590928,False
2022-09-20,153.89328002929688,155.05067517637016,150.14649142825516,150.46035140561636,107689800,0.015665470828173822,0.015544033942094892,3.1867432724686786,0.32176566324063316,0.35216563927069566,2022,18.494765439406617,False,0.7257769710368386,False
2022-09-21,150.77423095703125,155.6980357811973,150.65653533272163,154.32485530993193,101696800,-0.020267610591390706,-0.02047581664050702,3.34374144472501,-0.055650581577828206,0.3573394633129154,2022,18.43750640526349,False,-1.0748689032989829,False
2022-09-22,149.81301879882812,151.5098622787984,148.01808565192604,149.45991695080835,86652500,-0.006375175334020211,-0.006395583547821901,2.330756468876174,-0.14793287497738372,0.35669610050297007,2022,18.277416436952286,False,-0.3787038308250829,False
2022-09-23,147.54727172851562,148.5673503753869,145.71311171309017,148.29271727039426,96029900,-0.015123832951761007,-0.015239364446062744,1.934457092197863,0.10821845878653247,0.35088391530538177,2022,18.38017016968579,False,-0.8171085994399013,False
2022-09-26,147.88076782226562,150.82327820825114,146.77241745430226,146.7920383807957,93339400,0.0022602660817994114,0.0022577155229904877,2.739274899368602,-0.028017315440295176,0.33032192733550153,2022,18.351752881066595,False,0.05402755051417799,False
2022-09-27,148.8517608642578,151.75504386028683,147.0764489671257,149.81299153282302,84442700,0.0065660535598461855,0.006544590928800068,3.14312364596591,-0.09531559020092262,0.33029019431137496,2022,18.251583767642668,False,0.26979525402903354,False
2022-09-28,146.96856689453125,147.75323924438212,142.06438341593866,144.81072915722658,146691400,-0.012651472571049371,-0.01273218391766739,3.870797646496705,0.7371708862933088,0.3290912626145781,2022,18.803841625171625,False,-0.6932159260724611,False
2022-09-29,139.74961853027344,143.9083718149734,137.98410935439225,143.30025780798485,128138200,-0.049118995420553646,-0.050366350890923846,4.239197589865199,-0.12647776215919948,0.3691802295023028,2022,18.668619934744616,True,-2.520643242964199,False
2022-09-30,135.5516357421875,140.35774479295517,135.35547138562947,138.5726147256006,124925300,-0.030039314827729147,-0.03049973905633783,3.6903084053074644,-0.025073709479296546,0.37805095903935,2022,18.643226524637306,False,-1.5645396530168878,False
2022-10-03,139.72018432617188,140.32831325471835,135.05140704196927,135.56144631438175,114311700,0.030752477173442205,0.030289095874787984,3.7767672854126286,-0.0849595718401317,0.3988907440839636,2022,18.554439494479123,False,1.4818033027194473,False
2022-10-04,143.3002471923828,143.41794280659562,141.49549629829846,142.2507447443845,87830100,0.02562309006015484,0.02530032064003813,1.3415514250413274,-0.23166132600599942,0.41224230129959194,2022,18.290914835841402,False,1.2247641238199896,False
2022-10-05,143.59446716308594,144.55569777280346,140.2694318056122,141.30913113651346,79471000,0.002053171410849819,0.0020510665350501178,2.9849798894571524,-0.09517352251676814,0.4102529331090941,2022,18.19090274578519,False,0.04364981083501754,False
2022-10-06,142.64305114746094,144.7126168501461,142.43708385477177,143.01577382273572,68402200,-0.00662571500435627,-0.006647762494904031,1.5952638260814704,-0.13928099558329454,0.40975835884514733,2022,18.04091556043764,False,-0.3912586467753357,False
2022-10-07,137.4053955078125,140.35772324812106,136.7776606833551,139.80844218113944,85925600,-0.03671861753878125,-0.03740971623889816,2.605474516873986,0.25618181871343326,0.418661798452082,2022,18.268992375147633,False,-1.8992467918137195,False
2022-10-10,137.7290802001953,139.17091126885134,135.91454138275128,137.7290802001953,74899000,0.0023556912826208087,0.002352920991691771,2.364329944966439,-0.12832729710354074,0.3874491040404578,2022,18.131651110614786,False,0.058809411333750276,False
2022-10-11,136.316650390625,138.64124303543636,135.57122005048993,137.21901816017072,77033700,-0.010255131360183967,-0.01030807751065915,2.2521261901235583,0.028501048078078517,0.3338452290808737,2022,18.159753559390726,False,-0.5731326561612887,False
2022-10-12,135.68894958496094,137.67024396939837,135.51240615749046,136.46381898254117,70433700,-0.004604725863387449,-0.004615360271774044,1.5902826416655185,-0.08567678821087399,0.32939358862535895,2022,18.07018241397081,False,-0.28998467819267953,False
2022-10-13,140.24986267089844,140.83835578471064,131.79503908177543,132.40316808901153,113224000,0.033613003121390594,0.03306043438636959,6.448003962867113,0.6075259428370225,0.35263846379295816,2022,18.54487872422786,False,1.625147375732884,False
2022-10-14,135.72816467285156,141.75050040665323,135.54180333634727,141.5445181488385,88598000,-0.03224030249966958,-0.03277146890775024,4.574361618512201,-0.21749805694905677,0.3672064899484695,2022,18.29961985324403,False,-1.6748335441716191,False
2022-10-17,139.6809844970703,140.16158499262147,137.5819941601383,138.3666666620457,85250900,0.029123062510616915,0.028707043977682825,1.8467730892441425,-0.03777850515812997,0.37157175268209724,2022,18.261109242987004,False,1.400151558023787,False
2022-10-18,140.99526977539062,143.88873492707052,137.91544326382163,142.7019309504816,99136600,0.009409192547235268,0.00936520182453766,4.236519191576076,0.16288039187856085,0.3678752676219844,2022,18.412009265119256,False,0.4122680474983424,False
2022-10-19,141.10316467285156,142.1722730567363,138.78838952105372,138.974750883936,61758300,0.0007652377106892594,0.0007649450655981853,2.3981627510113777,-0.37703834910618284,0.3632437943358468,2022,17.938738953587368,False,-0.02088995063251668,False
2022-10-20,140.6421661376953,143.0942577538532,139.91634163141595,140.2792613677454,64522000,-0.003267102734549443,-0.003272451367554771,2.2595756377400624,0.0447502602889005,0.3630615793602853,2022,17.98251682437955,False,-0.22295492529631586,False
2022-10-21,144.4477996826172,145.01668666487555,139.91632474569775,140.13210997918807,86548600,0.02705897988798034,0.026699358594384593,3.530937771557884,0.3413812343076781,0.3748806963749503,2022,18.276216675388838,False,1.2967181281060516,False
2022-10-24,146.58599853515625,147.35104973792764,143.20211591268642,144.36931363563602,75981900,0.014802571290370325,0.014694082530053982,2.83037525186702,-0.12208978539225357,0.3789185655668356,2022,18.146005725152804,False,0.6825361347008219,False
2022-10-25,149.420654296875,149.56778877679034,146.4977652190575,147.21377179556336,74732300,0.019337834377400664,0.019153234503374784,2.0546179322928086,-0.016446022013137385,0.3846015776923349,2022,18.129422966279495,False,0.9098031110932876,False
2022-10-26,146.48797607421875,149.07738452163943,145.20306734701933,148.06712385627637,88194300,-0.019626993580348584,-0.019822160938915624,2.6448021731539,0.18013629983287016,0.3885642448965232,2022,18.29505290437694,False,-1.0427668866504947,False
2022-10-27,142.02511596679688,146.1936707329396,141.3679573643348,145.23245523627315,109180200,-0.030465709384644324,-0.030939435543421226,3.3977887190973792,0.23795075191934179,0.3603704427528651,2022,18.50851029531271,False,-1.5859067490024419,False
2022-10-28,152.75550842285156,154.48177557471033,144.98728378991743,145.35999154749908,164762400,0.07555278080929906,0.07283474412287358,6.21548242863402,0.5090868124440147,0.42260370948030346,2022,18.920015000137795,True,3.7267953469301487,True
2022-10-31,150.4014892578125,151.28425122815003,149.00870300208484,150.22494584357278,97943200,-0.015410371706680248,-0.01553034564270883,1.5129825092120763,-0.40554883881273884,0.4189199096491937,2022,18.399898286979834,False,-0.8314673687549574,False
2022-11-01,147.76304626464844,152.47106552613408,146.27218522217615,152.10816072803473,80379300,-0.017542665343169173,-0.017698361467294137,4.1951492343055365,-0.1793274060884268,0.4172931759862193,2022,18.202267250754435,False,-0.938318926921795,False
2022-11-02,142.25074768066406,149.25392123210702,142.2213237765035,146.0956258102425,93604600,-0.037304987433134484,-0.03801862288384374,4.943803509132232,0.16453614301194452,0.44024273840798916,2022,18.354590096222612,False,-1.928630426319582,False
2022-11-03,136.2185821533203,140.06345955714755,136.09106861510674,139.33763513663766,97918500,-0.04240515867716377,-0.043330511842654094,2.9161887308221344,0.04608641028325522,0.4655961418937014,2022,18.399646068196084,True,-2.18420556616738,False
2022-11-04,135.9533233642578,140.16808578570755,132.02346880241154,139.5982550752952,140814800,-0.001947302525612371,-0.001949200984157936,5.990745045249278,0.43808166996022213,0.4467685063721153,2022,18.762956116902053,False,-0.1568182983418526,False
2022-11-07,136.48387145996094,136.70983394000362,133.29086405936027,134.70561435237354,83374600,0.0039024282935815613,0.003894833572445856,2.505035828827832,-0.4079130886810193,0.4469340208154842,2022,18.238854276581414,False,0.13631808878195203,False
2022-11-08,137.0537109375,138.94985902565782,135.07896394018204,137.9477566640864,89908500,0.0041751415126456415,0.0041664497936927496,2.8243635717685946,0.07836799217027735,0.4456527561535167,2022,18.314303055594188,False,0.14998404542649435,False
2022-11-09,132.50486755371094,136.12034157773795,132.22977893126608,136.07121539704306,74917800,-0.03319022412945427,-0.03375351862910064,2.9361658317154435,-0.16673284505914343,0.4616058102024639,2022,18.131902083801343,False,-1.722435152384458,False
2022-11-10,144.29446411132812,144.29446411132812,137.05371017047622,138.7632027049217,118854000,0.08897481862572532,0.08523672029111858,5.0180400096745315,0.5864587587996444,0.5429383909904295,2022,18.59340641548656,True,4.399388290939909,True
2022-11-11,147.07481384277344,147.37937519314977,141.83828048896822,143.26286485614494,93979700,0.019268582121765743,0.01908529372275026,3.767534739228099,-0.2092845003113063,0.5306884552154888,2022,18.358589370105896,False,0.9063328050835843,False
2022-11-14,145.67971801757812,147.64464544159856,144.84461786588682,146.3576203774582,73374100,-0.009485620200659906,-0.009530895231254631,1.9220435169800911,-0.21925586057414526,0.5244112207017249,2022,18.111081583908003,False,-0.5345716132472806,False
2022-11-15,147.4088592529297,150.89660867721872,145.95481705312972,149.5506380930854,89868300,0.01186947132299454,0.011799581640389536,3.3524386859338584,0.22479594298260563,0.5249293195737282,2022,18.31385583437073,False,0.5355552984735639,False
2022-11-16,146.18075561523438,147.2418181251695,144.70706018330316,146.51480463978805,64218300,-0.008331274279709922,-0.008366173316077197,1.733988808033066,-0.2854176611775231,0.526264947522475,2022,17.977798790342945,False,-0.4767260809967887,False
2022-11-17,148.07691955566406,148.82358651784585,143.58705356948877,143.8621421866718,80389400,0.012971365023044745,0.01288795736755079,3.536359997270607,0.2518145139313872,0.5273374944975519,2022,18.202392897100864,False,0.590772392765726,False
2022-11-18,148.63694763183594,150.0222252429551,147.3401031595605,149.6390649453273,74829600,0.0037820078770707255,0.003774874066374348,1.8044787155062179,-0.06916085951630435,0.519650708505386,2022,18.130724099956264,False,0.13028369046124533,False
2022-11-21,145.41445922851562,147.73307435769456,145.12955132737417,147.52676535819396,58724100,-0.021680264931854043,-0.021918734903919337,1.7904155089756304,-0.21522900028865588,0.5234925630943864,2022,17.888360779750098,False,-1.145658551988364,False
2022-11-22,147.54640197753906,147.7821986794849,144.3533947208252,145.53236323934706,51804100,0.01466114690612108,0.014554711342276507,2.323881784105901,-0.11783918357199175,0.5214648791162828,2022,17.76297987398011,False,0.6754492046639718,False
2022-11-23,148.42080688476562,149.16747394284351,146.72113379241404,146.82920540527334,58301400,0.0059263045083246535,0.005908813038259167,1.6482460928330784,0.12542057481936753,0.5168840046264871,2022,17.88113668190677,False,0.23773673177813381,False
2022-11-25,145.51271057128906,146.2692118769101,144.54006603549058,145.7092003283938,35195900,-0.01959358916391296,-0.019788088349061938,1.188312577389854,-0.39631123780904065,0.5093034753048638,2022,17.376440184923993,False,-1.041092954934562,False
2022-11-28,141.69090270996094,144.06846284178744,140.86563687733454,142.59476743015247,69246000,-0.02626442629185821,-0.026615497097536824,2.2604316178357853,0.9674450717271046,0.4416636146394439,2022,18.053175954071865,False,-1.3753758741350497,False
2022-11-29,138.69444274902344,142.27061115238274,137.88883005476464,141.75972566869967,83763800,-0.021147864143904904,-0.021374683756454294,3.1593054564898595,0.20965543136065623,0.4442093332696996,2022,18.24351150315309,False,-1.1189793682267455,False
2022-11-30,145.43409729003906,146.1119996275474,138.08527316426236,138.9203582971881,111380900,0.04859354425044593,0.04744978459571297,5.519150331904174,0.32970209087935354,0.4766724420497606,2022,18.528466425516672,True,2.3758386193918444,False
2022-12-01,145.70919799804688,146.51482547786148,144.03901260255705,145.61096061666942,71250400,0.001891583288471832,0.0018897964976907816,1.6991465942579782,-0.36029965640428474,0.4559363120218895,2022,18.08171100516737,False,0.0355524539035529,False
2022-12-02,145.21792602539062,145.4045964870408,143.09580128958288,143.4003775640245,65447400,-0.00337159204364601,-0.003377288668167108,1.5898830541445994,-0.08144515679911968,0.42520076982382327,2022,17.99675733982967,False,-0.2281909984607646,False
2022-12-05,144.0586395263672,148.27340168825526,143.21372024795548,145.17864740787067,68826400,-0.00798308122662994,-0.008015116627612,3.5122374173009634,0.051629247303941694,0.42671729745379366,2022,18.047097964761065,False,-0.45927774760227236,False
2022-12-06,140.40390014648438,144.71691547188212,139.43125562304482,144.49095300364328,64727200,-0.02536980351819773,-0.025697165590978566,3.764610415610059,-0.05955854148989337,0.4385622086306944,2022,17.985692088431197,False,-1.3305453518742583,False
2022-12-07,138.4684600830078,140.85584008868295,137.5449416476374,139.69653991914743,69721100,-0.013784802711728883,-0.013880695365324023,2.391084900533146,0.07715303612700697,0.4417282430431841,2022,18.06001357022979,False,-0.7500083346679532,False
2022-12-08,140.14845275878906,141.0032064446931,138.62564588690643,139.86354485762612,62128300,0.012132673930035365,0.012059662993704067,1.6964586557931607,-0.10890246998397901,0.4241770588471576,2022,17.944712175778317,False,0.548744667983757,False
2022-12-09,139.66705322265625,143.01725827820258,138.42913927736055,139.84388950557997,76097000,-0.0034349257994403803,-0.0034408387011996755,3.2850403119250178,0.22483634672122044,0.29172534490967755,2022,18.14751941338257,False,-0.2313647219927307,False
2022-12-12,141.95620727539062,141.9660265170688,138.58634846990296,140.1975885864345,70462700,0.01639007911969781,0.016257211613104172,2.3807891969171657,-0.07404102658449085,0.2892238576405295,2022,18.07059406394906,False,0.7620878822945575,False
2022-12-13,142.91900634765625,147.34009332894186,141.71058010364294,146.87833415604433,93886200,0.006782366835131226,0.006759470056452424,3.938953515815037,0.3324241052358199,0.2892075474399275,2022,18.35759397917306,False,0.2806349480190403,False
2022-12-14,140.69863891601562,144.0881358235322,138.68458524913544,142.8011107216781,82291200,-0.015535844310584523,-0.015657790210343053,3.8405137505432485,-0.12350057835975892,0.28956751765576144,2022,18.225774746201363,False,-0.83775493769246,False
2022-12-15,134.10630798339844,139.3133690938159,133.64454880056925,138.63546667684503,98931900,-0.04685426229710876,-0.047987461833134855,4.227109357114223,0.20221724801679897,0.3316232937881777,2022,18.40994230272178,True,-2.4071549977567517,False
2022-12-16,132.15118408203125,135.23611943482993,131.38486361161162,134.29296269794702,160156900,-0.014578910796718247,-0.014686227433657627,2.9142802237985923,0.6188600441313672,0.3270696147279731,2022,18.891664523943383,False,-0.7898019563258575,False
2022-12-19,130.04872131347656,132.82909551472687,129.01714637272462,132.74067737544078,79592600,-0.015909526525691997,-0.01603744156881677,2.931170028818444,-0.5030335876880734,0.327026799862868,2022,18.192431694232976,False,-0.8564805607774757,False
2022-12-20,129.97996520996094,130.91330283228723,127.6122238272619,129.08591954394805,77432800,-0.0005286949600210589,-0.0005288347684809585,2.5396829424388496,-0.027135688493653887,0.3225909547216721,2022,18.164921034317945,False,-0.08573032705273356,False
2022-12-21,133.07470703125,134.41085828161889,130.42205800232537,130.64802045895354,85928000,0.023809375670242883,0.02353035271600228,2.9974142857641777,0.10971061359010648,0.3314832252482514,2022,18.26902030589767,False,1.1338769189269433,False
2022-12-22,129.9111785888672,132.20032094511618,128.0150307307424,131.99401195090732,77852100,-0.023772574916433364,-0.024059702209752072,3.2216551799741935,-0.09398449865003256,0.33525641630137176,2022,18.170321443677164,False,-1.2505064857787875,False
2022-12-23,129.54766845703125,130.0978457490201,127.3665977700706,128.62415014924704,63814900,-0.002798143591525304,-0.002802065713453515,2.108295742779361,-0.1803059904614005,0.33183894027940264,2022,17.971497279038328,False,-0.19945487150859056,False
2022-12-27,127.7497787475586,129.1055837164495,126.4627534469259,129.07611099897005,69007800,-0.013878209703704458,-0.013975412437136178,2.068755261600879,0.0813744125588225,0.32427530468048305,2022,18.049730114141976,False,-0.754689060842563,False
2022-12-28,123.8297348022461,128.73222692892008,123.66271775984325,127.39607559848972,85438400,-0.030685328645920773,-0.031165981567916768,4.093935254866494,0.2380977222864662,0.3325191099745232,2022,18.263306218113392,False,-1.5969121095537584,False
2022-12-29,127.3371353149414,128.19187403447657,125.49010604619004,125.74554124055932,75703700,0.028324380394552096,0.027930662389966134,2.121743968563674,-0.1139382291803217,0.29642291492729017,2022,18.142337607569253,False,1.3601287266833362,False
2022-12-30,127.6515121459961,127.67116561919678,125.19536018378078,126.15817798931155,77034200,0.0024688542763047217,0.002465811662403852,1.9395034134687004,0.017575098707196535,0.2966498297092493,2022,18.159760050035352,False,0.0644801322865457,False
2023-01-03,122.8767318725586,128.60448941700523,121.9925130634904,127.99536673400505,112117500,-0.037404807770522464,-0.03812231669294197,5.380983244551475,0.4554249930550327,0.31658740691776405,2023,18.53505799539313,False,-1.9336325322228793,False
2023-01-04,124.14411163330078,126.40378110334797,122.88655931785308,124.66481618620304,89113600,0.010314237215037991,0.010261408419007745,2.8331764907900894,-0.20517671193167886,0.32341929741716463,2023,18.305422529500724,False,0.4576208222336954,False
2023-01-05,122.82762145996094,125.52939692056384,122.57218626779334,124.90062068574456,80962700,-0.010604531749588864,-0.010661160499795543,2.4076104524538753,-0.09146639794599254,0.31649067820633664,2023,18.209499125101075,False,-0.5906414904949538,False
2023-01-06,127.34695434570312,128.00520329992693,122.699904718632,123.80026688503308,87754700,0.03679410894735424,0.036133364643089465,4.1660192099238404,0.08389048290138534,0.34948585418897254,2023,18.29005599152486,False,1.7845560558420253,False
2023-01-09,127.8676528930664,131.07049435820306,127.61221771125116,128.1820484933381,70790800,0.004088818221358981,0.004080481720699737,2.704575057652775,-0.19331044377110285,0.3456934544090661,2023,18.075239620843863,False,0.145658291214116,False
2023-01-10,128.43748474121094,128.95818934117645,125.87325369613974,127.97572556898378,63896200,0.0044564190806026804,0.004446518647845921,2.4018966513183857,-0.09739401165123152,0.347170372508669,2023,17.972770465311235,False,0.16407917092856975,False
2023-01-11,131.14906311035156,131.16870158744862,128.17219978892,128.9483393879636,69458900,0.0211120482046514,0.020892276750417937,2.2848061034239286,0.08705838531868881,0.351158212954891,2023,18.056245783099172,False,0.998710899738688,False
2023-01-12,131.0704803466797,131.90556546211644,129.1350257391296,131.53223946571177,71379600,-0.0005991866187085026,-0.000599366202750342,2.113778568338815,0.02765232389225858,0.3491448075388981,2023,18.0835226862096,False,-0.08926274090025638,False
2023-01-13,132.39683532714844,132.55403315564018,129.35120610397337,129.71471296505177,57809700,0.010119402759191543,0.010068544419324128,2.419111486881639,-0.19010893868836476,0.35001288552201465,2023,17.872667156929733,False,0.44785745529608123,False
2023-01-17,133.55615234375,134.88246968730516,131.77789498509242,132.46561675484807,63646600,0.008756380118428941,0.008718265358653585,2.3245463782320686,0.1009674846954749,0.3088953848382344,2023,17.9688564801278,False,0.3795549051735864,False
2023-01-18,132.8389129638672,136.17928328311848,132.66206171643108,134.42067999537736,69672800,-0.00537032077741173,-0.005384792786178424,2.6477343785883716,0.09468219826353641,0.3048501416248779,2023,18.059320570016148,False,-0.3283494737762757,False
2023-01-19,132.89788818359375,133.86069855178562,131.42419241972087,131.7287538123279,58280400,0.0004439604210146886,0.0004438618997455923,1.8333670800688742,-0.16351287733520115,0.29871616011947294,2023,17.880776419844135,False,-0.03698950578659624,False
2023-01-20,135.45225524902344,135.59963378756996,131.8662690124696,132.9076780568954,80223600,0.01922052412075148,0.01903814311411959,2.7562219383034496,0.3765107995140733,0.3053171270718947,2023,18.200328306353796,False,0.9039245662730925,False
2023-01-23,138.6354522705078,140.806703627411,135.4817372209474,135.6978804326285,81760300,0.023500509575364426,0.023228623994378222,3.8409846249669517,0.01915521118473862,0.3050374852217068,2023,18.21930236591974,False,1.1183993022713814,False
2023-01-24,140.0305633544922,140.64952034187644,137.83967329148908,137.84949253259393,66435100,0.010063162496575684,0.010012866023126041,2.006595548197672,-0.18744060381383143,0.2899656642506141,2023,18.011736104289373,False,0.44503919443867335,False
2023-01-25,139.372314453125,139.93231102042415,136.37579688239575,138.41932337339787,65799300,-0.004700751647344403,-0.004711834927173565,2.551808192311081,-0.009570242236408122,0.2906165653792692,2023,18.002119773138816,False,-0.2947966348877658,False
2023-01-26,141.43548583984375,141.72039372676826,139.41159795380088,140.65933109437518,54105100,0.01480330863998569,0.01469480912394362,1.6324020519021512,-0.17772529494994627,0.2853186961251948,2023,17.80643902772674,False,0.6825730840937043,False
2023-01-27,143.37091064453125,144.64811636457318,140.57089828761406,140.64949717713105,70555800,0.013684152836149543,0.013591370292158463,2.8438251934299537,0.3040508196085028,0.252198886201954,2023,18.071914458254852,False,0.626490966966412,False
2023-01-30,140.49234008789062,142.99762607371383,140.34497649686972,142.41797596075202,64015300,-0.020077786656301888,-0.020282084606896688,1.888109754015515,-0.09269967883575836,0.25795664656847833,2023,17.974632690874326,False,-1.0653566190176307,False
2023-01-31,141.75967407226562,141.8088002532181,139.78492752410364,140.19756045993424,65874500,0.009020662504319876,0.008980219362311657,1.4276787403466642,0.029043056894211272,0.2581724010127625,2023,18.00326198984455,False,0.39279838357883773,False
2023-02-01,142.8796844482422,144.0389993752098,138.8417731528238,141.44529588395375,77663600,0.007900768559933491,0.00786972091430433,3.6374843928695046,0.17896302818237708,0.20100144717400115,2023,18.167897249979816,False,0.33667927742405435,False
2023-02-02,148.17520141601562,148.52887400177488,145.57166328269082,146.28885767804982,118339000,0.037062770597675376,0.03639245836790137,1.9957527918463336,0.5237382763611267,0.22559011253558264,2023,18.58906395339926,False,1.7980189839609482,False
2023-02-03,151.79063415527344,154.6201342687517,145.23760339877686,145.43409313083382,154357300,0.024399715368748742,0.024106797491524026,6.181231748710561,0.3043654247543075,0.2193846845748758,2023,18.85478060938106,False,1.1634594846456867,False
2023-02-06,149.06922912597656,150.41521473457135,148.13589150827315,149.8945101165513,69858300,-0.017928675536812322,-0.01809134142899527,1.5290367030555818,-0.5474247087763261,0.22007001700206125,2023,18.061979476978514,False,-0.9576623184478182,False
2023-02-07,151.9380340576172,152.5078649107581,147.9983592694092,147.9983592694092,83322600,0.019244782766108193,0.019061944005187882,2.9679899896814566,0.19273729821653252,0.22304919901386344,2023,18.238230390864523,False,0.9051401934320468,False
2023-02-08,149.25587463378906,151.8692315183495,148.5190269025848,151.18150996746658,64120100,-0.017652982286259,-0.01781065452392611,2.244604859932428,-0.23045968320719712,0.24178307449115236,2023,17.97626846087594,False,-0.9438470291773361,False
2023-02-09,148.22430419921875,151.6236354399285,147.782198500911,151.0832773681269,56007100,-0.00691142266327105,-0.006935417166232142,2.5916376938119976,-0.12652818694917822,0.24153392611050156,2023,17.840989044231957,False,-0.405575768963775,False
2023-02-10,148.58836364746094,148.9130734935689,146.8270751036462,147.0632318137508,57450700,0.0024561386893264814,0.002453127310597152,1.4038773553438704,0.0257753034883077,0.24064911387447077,2023,17.866437764099306,False,0.06384294036401661,False
2023-02-13,151.38284301757812,151.78625678187208,148.49982115470684,148.52933886882354,62199000,0.018806852040899713,0.018632189700174877,2.1709432599199077,0.08264999382078897,0.24433257619357993,2023,17.94584949648718,False,0.883195007479745,False
2023-02-14,150.74327087402344,151.3041375201495,148.44079888424892,149.68058802933567,61707600,-0.004224865452423954,-0.004233815413619242,1.8994802350371511,-0.007900448560266282,0.24722229482635505,2023,17.93791767415672,False,-0.2709494589795421,False
2023-02-15,152.83912658691406,153.00639866157246,150.42841784233283,150.6547253534473,65573800,0.013903477752198468,0.013807711044681904,1.686728311531945,0.06265354672682144,0.24482063654459943,2023,17.99868679914288,False,0.6374815775575627,False
2023-02-16,151.2451171875,153.8230981335769,150.8908895372368,151.04831237083192,68167900,-0.010429328111264846,-0.010484094672110941,1.9387128992105027,0.03956000719799668,0.2516861668747617,2023,18.037484352194543,False,-0.5818618452195282,False
2023-02-17,150.10369873046875,150.5464794908576,148.4309630722788,149.90690894964015,59144100,-0.007546811945117082,-0.007575433220902999,1.4093699465577454,-0.1323760890389758,0.2517833983176958,2023,17.895487413914086,False,-0.43741581840440896,False
2023-02-21,146.09896850585938,148.87375415444836,146.0300988341385,147.79138776370112,58867200,-0.026679757117780256,-0.027042121571969033,1.9463897311470875,-0.004681785672619898,0.26666386094346745,2023,17.89079463443502,False,-1.3961885545018893,False
2023-02-22,146.5220489501953,147.54536466728035,144.80011234851025,146.4826819914061,51011300,0.002895848264109935,0.0028916633727857377,1.8736103804440005,-0.13345122580995872,0.26524030034553253,2023,17.747557754376846,False,0.0858772664073348,False
2023-02-23,147.0041961669922,147.92912460701393,144.87884561858365,147.68313363952294,48394200,0.00329061202905212,0.003285209813109678,2.074960489539534,-0.051304318847000596,0.2639659997256187,2023,17.694890550458997,False,0.10565930893189814,False
2023-02-24,144.35733032226562,144.82962872471046,143.3832007915086,144.75090982195374,55469600,-0.018005376130350803,-0.0181694453171489,1.0019774749039883,0.14620347066383999,0.26981499545337007,2023,17.831345698928207,False,-0.9615058687880064,False
2023-02-27,145.54794311523438,146.77789803104127,145.08547886576312,145.34131909727375,44998500,0.008247678107587753,0.008213851875148273,1.162791537313734,-0.18877186783391264,0.2671546081530913,2023,17.622139736068654,False,0.3540632929627619,False
2023-02-28,145.04611206054688,146.68932985809187,144.47541123636594,144.69188448050687,50547000,-0.0034478745899568786,-0.0034538322075717146,1.5263550261876468,0.12330411013700449,0.25602668194295003,2023,17.7384141742722,False,-0.2320135999987365,False
2023-03-01,142.9797821044922,144.86899086128216,142.68458995191014,144.4754113339038,55479000,-0.014246020983948449,-0.014348469695847766,1.5277690854051076,0.09757255623479133,0.26045487130218975,2023,17.831515146759962,False,-0.7731204849826846,False
2023-03-02,143.57017517089844,144.35734928778834,141.59239813777418,142.0647116163666,52238100,0.0041292066452778275,0.004120704867214891,1.9258534348954457,-0.05841669821013351,0.259371978665834,2023,17.771322690816895,False,0.1476821991570847,False
2023-03-03,148.60804748535156,148.6867663889097,144.96738452683869,145.66599039801153,70732300,0.035089964252368544,0.03448834492280051,2.5028132224384594,0.35403661312337165,0.25591703917131603,2023,18.074412900647584,False,1.6991595077845985,False
2023-03-06,151.3631591796875,153.79355106354063,150.99909736370918,151.32379221822697,87558000,0.018539451536818685,0.018369690874965924,1.8461914477578227,0.2378785929483418,0.2495230883134397,2023,18.28781200029894,False,0.8697952767734699,False
2023-03-07,149.16891479492188,151.55993956940895,148.7064506179963,151.23522972088062,56182000,-0.01449655515025805,-0.014602656860472085,1.9129246568131488,-0.3583453253843166,0.24648319717156833,2023,17.84410699666361,False,-0.7856750251201727,False
2023-03-08,150.41856384277344,151.00894821688513,149.39524794362458,150.35952840818192,47204800,0.008377409258286672,0.008342513520479024,1.0728065951668606,-0.15978783240183692,0.23830879585603254,2023,17.670006161484746,False,0.3605642623216452,False
2023-03-09,148.17510986328125,152.06176399701366,147.82088228318355,151.09748364556307,53833600,-0.014914741386822361,-0.015027084588193313,2.8620742834225656,0.1404263973155273,0.23581924585948824,2023,17.801408384082738,False,-0.8066307932264827,False
2023-03-10,146.11862182617188,148.5194958597798,145.242894659562,147.80120650188752,68572400,-0.013878768431532573,-0.013975979028394881,2.242425475457707,0.27378440230636625,0.2397137658342262,2023,18.043400693960344,False,-0.7547170593030018,False
2023-03-13,148.0570526123047,150.68423448355665,145.33146834316847,145.43970497520198,84457100,0.013266144738477204,0.013178920017380332,3.615340198892577,0.23164859331159482,0.2445684394296897,2023,18.251754282940666,False,0.605544125594137,False
2023-03-14,150.14303588867188,150.94004418166887,147.6929755826584,148.85404568502526,73695900,0.01408905040024977,0.01399072222050543,2.1626501554278637,-0.12741616749805518,0.2403520333234272,2023,18.115457738245155,False,0.6467808252118764,False
2023-03-15,150.53662109375,150.7924462663543,147.51584514285557,148.76548332238644,77167900,0.0026214016704042553,0.0026179717898010416,2.1766139692069655,0.047112525934278615,0.24013716449863268,2023,18.16149413837487,False,0.07212444847025179,False
2023-03-16,153.3507537841797,153.95097226183628,149.20825986230471,149.71992520737962,76161100,0.01869400727864834,0.01852142188199154,3.092721934843758,-0.013046875708682015,0.2442966935743172,2023,18.148361404750453,False,0.8775402334508828,False
2023-03-17,152.51441955566406,154.2265223157517,151.80596427660015,153.57710247425993,98944600,-0.005453734056584114,-0.005468659956826633,1.5871011057207698,0.29914877805073714,0.24203466136331386,2023,18.410070665613677,False,-0.3325294041099096,False
2023-03-20,154.8759307861328,155.2892088870571,151.678047720229,152.58330783129233,73641400,0.015483855476411845,0.015365203808934361,2.3316477573359933,-0.255730984813724,0.24565758182858863,2023,18.1147179391346,False,0.7166760278127432,False
2023-03-21,156.7257537841797,156.84382463636302,154.02968755125636,154.7971931327365,73938300,0.011943902378228621,0.011873136896259318,1.7955805074524593,0.004031699560301583,0.22338004412599444,2023,18.118741533118417,False,0.5392851197756896,False
2023-03-22,155.29901123046875,159.53989288471735,155.27932775015748,156.7454392443716,75701800,-0.009103433987471155,-0.009145123447025495,2.7434592794908736,0.02385096763111938,0.22786361354585757,2023,18.142312509406043,False,-0.5154198455496832,False
2023-03-23,156.38136291503906,158.9593583364734,155.15140813839363,156.28297554136526,67622100,0.00696946925801134,0.0069452947644080085,2.4350409326900415,-0.1067306193511911,0.22831373528768145,2023,18.029445425450476,False,0.2900108543573673,False
2023-03-24,157.68020629882812,157.76875944157217,155.31869907440637,156.31249715364865,59196500,0.00830561493759796,0.008271313118772198,1.5538160588923664,-0.12459831918854936,0.2145317009855776,2023,17.89637299337775,False,0.3569665706614336,False
2023-03-27,155.74179077148438,158.19186606543823,155.33836200567538,157.37517430078694,52390300,-0.012293334546189971,-0.012369522630959794,1.8322019065195692,-0.11497639218534883,0.2220075723582665,2023,17.774232036739154,False,-0.6752692393027943,False
2023-03-28,155.12188720703125,155.94842821050446,153.47866946121147,155.43676283008696,45992200,-0.003980328988015147,-0.003988271580534753,1.5921407312410814,-0.12212375191590807,0.2222339057676815,2023,17.64398239660099,False,-0.2586954702213544,False
2023-03-29,158.19186401367188,158.46737267599335,156.7946372221569,156.8143056879684,51305700,0.01979073915303342,0.01959744855535692,1.0574092822446826,0.11553045951270002,0.2190051643108126,2023,17.753312434570738,False,0.9324986630329575,False
2023-03-30,159.75637817382812,159.8646148025582,158.68386113447403,158.9396863414281,49501700,0.00988997866553376,0.009841392905322297,0.7390964176713006,-0.035161785142781454,0.21962193420365758,2023,17.717517590584865,False,0.436360763907594,False
2023-03-31,162.25563049316406,162.35403288236776,159.31358823359025,159.8350878653574,68749800,0.015644147344255233,0.015523039127982254,1.8738607957926028,0.38883715104733785,0.19519865052161509,2023,18.045984399961313,False,0.7247084280166575,False
2023-04-03,163.5052947998047,163.62336567436975,161.58656801762768,161.6357692200628,56976200,0.00770182398504371,0.007672316350258166,1.245707461177887,-0.17125286182650712,0.1886222081820575,2023,17.858144212294654,False,0.3267099479414531,False
2023-04-04,162.97390747070312,164.16449510354033,162.46224215834394,163.92835343175463,46278300,-0.00324997016000117,-0.003255262783378059,1.0444941595956985,-0.18776085453224334,0.1778875000223756,2023,17.650183748293486,False,-0.22209639331246261,False
2023-04-05,161.1339111328125,162.40323287933546,159.20535043705326,162.0982064947886,51511700,-0.011290128379730868,-0.011354345684402125,1.984611693342685,0.11308539855612665,0.18570346524847525,2023,17.757319543710565,False,-0.6249974848809957,False
2023-04-06,162.01947021484375,162.31466233453045,159.40212310856722,159.8252203026454,45390100,0.0054957958619978875,0.00548074908010605,1.7976476667286319,-0.11883902103793897,0.17244869402702911,2023,17.6308045995899,False,0.2161634742881118,False
2023-04-10,159.431640625,159.431640625,157.5129143705151,158.8314221542027,47716900,-0.015972337067959752,-0.01610126958922592,1.2034789624965065,0.051262279660102106,0.17559942159410605,2023,17.680796211760818,False,-0.859628065509359,False
2023-04-11,158.22142028808594,159.75640178486614,157.93606230921543,159.7465675495636,47644200,-0.007590841643288493,-0.007619798713813108,1.1505012863215864,-0.001523569217614762,0.17725725900786482,2023,17.679271480763383,False,-0.4396221945688933,False
2023-04-12,157.53262329101562,159.46118408911326,157.2177476424543,158.6346580327857,50133100,-0.004353373871983757,-0.004362877395642163,1.424109114538505,0.05223930719793812,0.17455478301674243,2023,17.730192046492654,False,-0.2773891559483578,False
2023-04-13,162.90505981445312,163.14121655398105,158.83144989570576,159.0380889195549,68445600,0.034103644129081845,0.03353500716456157,2.6455695502546486,0.3652776309464205,0.20661606498460786,2023,18.041549841746082,False,1.6497339313907073,False
2023-04-14,162.56065368652344,163.6528540223282,161.19294470872245,161.95058596716467,49386500,-0.0021141524291631297,-0.0021163904042466506,1.5132255301761743,-0.2784561754152203,0.20019656661883156,2023,17.715187685706766,False,-0.16517932886283718,False
2023-04-17,162.58035278320312,162.73779061232008,161.39959909302152,162.44259843625022,41516200,0.00012117997949046,0.00012117263778985077,0.8230954702644832,-0.1593613639354885,0.19806333560610004,2023,17.541594294562486,False,-0.0531643855181865,False
2023-04-18,163.8004608154297,164.7253892225956,162.99360326395418,163.43639900098648,49923000,0.0075046462339367626,0.007476626474654743,1.0572534106560214,0.2024944479504387,0.19356301832971917,2023,17.72599239640444,False,0.3168291559243168,False
2023-04-19,164.9418487548828,165.46334834295578,162.8853530999642,163.14119328481948,47720200,0.006968160735147277,0.006943995297289885,1.5629722004769717,-0.04412395088436194,0.19127626023625718,2023,17.680865367255528,False,0.2899452828504559,False
2023-04-20,163.97756958007812,165.17800667808302,162.90505258707114,163.42655222639002,52456400,-0.005846176589409335,-0.005863332376283114,1.3861371996380822,0.09924937447873217,0.18895446741323002,2023,17.77549292539843,False,-0.3521951271631205,False
2023-04-21,162.37371826171875,163.78077935638615,161.85221862385353,162.4032359760057,58337300,-0.009780918954138684,-0.009829066349685266,1.1877296111579496,0.11211024774860645,0.19330951236103688,2023,17.881752258049474,False,-0.5493693556379058,False
2023-04-24,162.67874145507812,162.9444158925364,161.26183114076272,162.35403159020615,41949600,0.001878525642109885,0.001876763419391095,1.0342990957047091,-0.2809128979229413,0.1918324545214148,2023,17.551979479509253,False,0.034898121012486835,False
2023-04-25,161.1437530517578,163.64301445601814,161.1043860925183,162.54097982284455,48714100,-0.00943570370406499,-0.009480501981145186,1.5753811832125173,0.16125302744245484,0.18930751086990855,2023,17.701479094396433,False,-0.5320702431976195,False
2023-04-26,161.1339111328125,162.6295403559192,160.1893142654478,160.44513945575562,45498800,-6.107539857380662e-05,-6.107726375190681e-05,1.5144087754812134,-0.06600347743261192,0.1882513860932228,2023,17.633196531925616,False,-0.062297401157870934,False
2023-04-27,165.7093505859375,165.85693915334917,162.5409858833323,162.5409858833323,64902300,0.028395260941402656,0.02799958821286787,2.001065877267566,0.4264617967946407,0.20067931609746598,2023,17.988393635591276,False,1.363680628140572,False
2023-04-28,166.95896911621094,167.12625617335198,165.1878463008649,165.78806481489534,55275900,0.007541026054684652,0.0075127346594489105,1.1610097275683735,-0.1483214000120181,0.19968974424133418,2023,17.827847584891533,False,0.31865218839330783,False
2023-05-01,166.8704071044922,167.71661652166532,165.93564455408003,166.56538074727197,52472900,-0.0005304417737337364,-0.0005305825077410621,1.0672784938254898,-0.05070926027436917,0.19352470068052352,2023,17.77580742287095,False,-0.0858178617917736,False
2023-05-02,165.8372344970703,167.61822139630092,164.85327080237903,167.36238122666072,48425700,-0.006191466931430911,-0.006210713547127215,1.667267668993082,-0.07712933723884141,0.193833059584556,2023,17.695541243146362,False,-0.3694980025427598,False
2023-05-03,164.76473999023438,168.17909567440717,164.47939708632646,166.78186884038578,65136000,-0.006467151421624129,-0.006488154045782874,2.245443162353783,0.34507090243403815,0.19504570584346723,2023,17.99198796507739,False,-0.38331285282204897,False
2023-05-04,163.13134765625,164.36130237503923,161.67508547315035,162.24578626436005,81235400,-0.009913482302592036,-0.009962948058382638,1.6466589288217452,0.2471659297469908,0.19397932710782756,2023,18.212861683029736,False,-0.5560122495131498,False
2023-05-05,170.78659057617188,171.50487988988195,168.02163990321543,168.23811312336284,113453200,0.04692686617199393,0.04585907861012413,2.0395277960145073,0.39659803484687717,0.2517572619456544,2023,18.546900983864806,True,2.2923195643247625,False
2023-05-08,170.71771240234375,171.06210572406735,169.35000337616833,169.7140651629481,55962800,-0.0004032996595092486,-0.0004033810066891906,1.0028850104691975,-0.5067322913765324,0.24224941149087903,2023,17.840197760118635,False,-0.07944663187248237,False
2023-05-09,169.01547241210938,170.7570775926942,168.84820036158354,170.27494492179522,45326900,-0.009971080131524812,-0.010021124291804488,1.1294097539521482,-0.19005303523054595,0.24384552059403675,2023,17.629411255259036,False,-0.5588985394983452,False
2023-05-10,170.77676391601562,171.23922812803062,169.14338031673282,170.24543004162442,53724500,0.010420889157483293,0.01036696598679822,1.227244130430118,0.18526746810392947,0.24331139544989308,2023,17.799379712408765,False,0.46296526731235965,False
2023-05-11,170.96372985839844,171.7902559418124,169.40906507439723,171.06213225532295,49514700,0.0010947973137303002,0.0010941984601935339,1.3928047015512612,-0.07835903544937595,0.21697009013930008,2023,17.717780173345137,False,-0.004375359728534227,False
2023-05-12,170.0375213623047,171.50564580777203,168.49055408757272,171.07210045600348,45533100,-0.005417573054009139,-0.005432301321301216,1.7731919967093324,-0.08041248356548658,0.21820418294411764,2023,17.63395011393082,False,-0.330717336858059,False
2023-05-15,169.5448455810547,170.66811525184778,168.95364468701064,170.6188460048669,37266700,-0.0028974533226713284,-0.002901659066478708,1.0112195147905585,-0.18154705038752028,0.21885787331794979,2023,17.43361075130475,False,-0.2044313903765807,False
2023-05-16,169.5448455810547,170.5991352991019,169.27880367524853,169.46601779285794,42110300,0.0,0.0,0.778750671734319,0.12997126120638525,0.21802805227139485,2023,17.55580294805842,False,-0.05923684636766966,False
2023-05-17,170.15574645996094,170.39221479568312,167.91905489711874,169.19013234108013,57951600,0.003603181664488808,0.003596705756688043,1.4534683371074575,0.3761858737648509,0.2172875175088761,2023,17.87511875463329,False,0.12132251404141821,False
2023-05-18,172.48109436035156,172.6683084617715,170.04734111161662,170.4611756877155,65496700,0.013665996880909415,0.013573459271466602,1.5195679038765164,0.13019657783391647,0.21942804480319592,2023,17.997510332924836,False,0.6255811522606807,False
2023-05-19,172.5894775390625,173.80142270664055,172.37270490292832,173.80142270664055,55809500,0.0006283771512054503,0.0006281798049509623,0.8278128099604839,-0.14790363483961788,0.21470631375811255,2023,17.837454681674654,False,-0.027748182436139145,False
2023-05-22,171.64358520507812,172.14611049896482,170.90459157041087,171.42681253611994,43570900,-0.005480590980816213,-0.00549566451939266,0.7233121628580462,-0.2192924143738969,0.21682535856885465,2023,17.589900077246348,False,-0.3338752338552414,False
2023-05-23,169.04234313964844,170.83564173486545,168.7664533611328,170.58931050155752,50747300,-0.015154904054944685,-0.015270913177114199,1.2240651278853074,0.16470626037102742,0.2220447266673075,2023,17.742368992205932,False,-0.8186656062856402,False
2023-05-24,169.31822204589844,169.8897122746601,168.0176010356781,168.57922839342694,45143500,0.0016320106615068664,0.0016306803792670917,1.1056761737519973,-0.11042557929190322,0.22187791700537235,2023,17.62535688505239,False,0.02254498665137086,False
2023-05-25,170.45135498046875,171.34798918728478,169.17042964019168,169.87986475065702,56058300,0.006692327151079702,0.006670032941220263,1.2775255129785346,0.24178010123273563,0.20130016399281772,2023,17.84190279642753,False,0.2761229613146214,False
2023-05-26,172.85552978515625,173.19055165787438,170.56958397024448,170.77650880236848,54835000,0.01410475619253937,0.014006209687471221,1.5162764482498912,-0.021821924674847448,0.20519282572458974,2023,17.819839252412972,False,0.6475678595816604,False
2023-05-30,174.6980743408203,176.36327550868927,173.97879151124883,174.36306754730614,55964400,0.010659448141197236,0.010603036746004843,1.3649171614728424,0.020596334457919196,0.20735654672985837,2023,17.840226350130205,False,0.4749197179979158,False
2023-05-31,174.6488494873047,176.7180379211288,174.16603484344822,174.72767728843633,99625300,-0.0002817710137983376,-0.0002818107187090832,1.4612195185780985,0.7801548841763692,0.20518869282327112,2023,18.416926716400077,False,-0.07335669897867202,False
2023-06-01,177.4471435546875,177.47670209655325,174.33351350934285,175.09221783191245,68901800,0.01602240195453586,0.015895398081061076,1.771337945624187,-0.30839053935094796,0.20742705919108284,2023,18.048192874974628,False,0.7436631788073723,False
2023-06-02,178.29449462890625,179.11231590276506,176.6292935441097,178.37332240607034,61996900,0.004775230850405876,0.0047638656023294874,1.3926522879034609,-0.100213637379575,0.2010428938538398,2023,17.942594957889163,False,0.18005517619466035,False
2023-06-05,176.94461059570312,182.23579939859383,175.4272021453367,179.9498539235026,121946500,-0.0075710920632333645,-0.007599898269145941,3.847869245825144,0.966977381127121,0.1330334870249002,2023,18.61909299012766,False,-0.43863252158674904,False
2023-06-06,176.58006286621094,177.4766970018392,174.82617090162998,177.328904296753,64848400,-0.002060236411071781,-0.002062361617560088,1.5010336145465293,-0.46822254021230625,0.1335225754971224,2023,17.9875628115222,False,-0.16247753843180712,False
2023-06-07,175.21047973632812,178.55073052308683,174.71781728969785,175.82137635899298,61944600,-0.0077561594873850614,-0.0077863949344855465,2.187605010360726,-0.04477828288747299,0.13113766465168591,2023,17.941751011313396,False,-0.4479064519207969,False
2023-06-08,177.92013549804688,178.18616241252352,174.85577426667564,175.28930462040762,50214900,0.015465146638468541,0.015346780069170979,1.8718444298197134,-0.1893579101326024,0.13653287799149091,2023,17.73182237328518,False,0.7157385075521544,False
2023-06-09,178.30441284179688,179.555764726174,177.97925379814166,178.83648170922714,48900000,0.002159830547983299,0.0021575014669958995,0.8841682058823358,-0.026185454914776307,0.13648642899264274,2023,17.705287974894997,False,0.0489946164473481,False
2023-06-12,181.0928649902344,181.191403498661,178.3142564640164,178.6098569544308,54274900,0.015638716417588627,0.01551769184054779,1.58876885337241,0.10991615541922295,0.14132119985361602,2023,17.809572449682747,False,0.7244362783620855,False
2023-06-13,180.6198883056641,181.4475575367352,179.76266053311636,180.11737806569877,54929100,-0.0026117908322661476,-0.0026152075083340125,0.9328413495458863,0.012053453806455616,0.14116208887828893,2023,17.821553838900513,False,-0.1901165316313877,False
2023-06-14,181.25050354003903,181.684048880549,179.3488337921871,180.6790133216272,57462900,0.0034913942218131044,0.0034853134544673755,1.2883909521641945,0.04612855480974565,0.1406672862962672,2023,17.866650097536485,False,0.11572072344889302,False
2023-06-15,183.28025817871097,183.78278344228747,181.08298811392547,181.26035439367692,65433200,0.011198615170873394,0.011136374918688853,1.4730420805766833,0.1387034068938393,0.14337108407722562,2023,17.99654034816186,False,0.5019379655071782,False
2023-06-16,182.2062530517578,184.245882524342,181.56579797087073,183.989688464097,101256200,-0.005859906231176937,-0.005877142851333298,1.470907012565563,0.5474743708087026,0.14225235753794518,2023,18.433164506520004,False,-0.35288313447638925,False
2023-06-20,182.29493713378903,183.36895259993452,181.7037512704965,181.7037512704965,49799100,0.00048672359233492557,0.00048660518082814915,0.9134654838032626,-0.5081871529842124,0.14228115235679012,2023,17.723507489623103,False,-0.03484659666304482,False
2023-06-21,181.26036071777344,182.68907870149724,179.91045548906328,182.1865534203878,49515700,-0.00567528880550483,-0.00569145444916318,1.5329458693731373,-0.005690865899182884,0.14243299688774433,2023,17.71780036916339,False,-0.3436317540566187,False
2023-06-22,184.2557678222656,184.3050370773196,180.97463389589913,181.04361385994784,51245300,0.016525439388019647,0.01639038022467662,1.8074892421457383,0.034930335227008724,0.13342888838898798,2023,17.75213448397433,False,0.7688709328728471,False
2023-06-23,183.94044494628903,184.80753566864925,182.29495416898448,182.82703803402,53117000,-0.0017113324576125688,-0.0017127984597862845,1.3659755473563495,0.03652432515762416,0.13483932253849754,2023,17.78800760446038,False,-0.14499358104445872,False
2023-06-26,182.55113220214844,185.29033397781697,182.51171079012911,184.0882365039062,48088700,-0.007553057428703491,-0.007581726216192852,1.522106795049039,-0.0946646083174878,0.14065915829198414,2023,17.688557801036243,False,-0.43772878639403917,False
2023-06-27,185.30018615722656,185.6253451571229,182.94526040179295,183.1620330683905,50730800,0.015059090140476128,0.014946827686382044,1.4463475784400457,0.054942221353457166,0.14163354015985324,2023,17.742043798891906,False,0.6953905738662003,False
2023-06-28,186.4727020263672,187.11315707618536,184.84692226306757,185.1720661878379,51216800,0.006327656185654007,0.006307720621984933,1.2153171957562698,0.009579979026548058,0.13957250876224284,2023,17.751578180713345,False,0.25784890177275543,False
2023-06-29,186.80772399902344,187.2806907250245,186.1672688971672,186.3052137668684,46347300,0.0017966274367005042,0.0017950154321196591,0.5960255839652161,-0.09507622498867563,0.13906703645602594,2023,17.651673617428443,False,0.030794112676435358,False
2023-06-30,191.1234588623047,191.62596911406445,188.45322195229383,188.81780236383452,85213200,0.023102550424006107,0.022839726739065716,1.660051142155411,0.838579593633286,0.14918253603721884,2023,18.260666921111934,False,1.0984571354507708,False
2023-07-03,189.63560485839844,191.03476417603324,188.94586551693624,190.93622568872084,31458200,-0.007784779601431202,-0.007815239181879577,1.1015329429601501,-0.6308294958996963,0.15459076944206138,2023,17.26417027023399,False,-0.4493406370294568,False
2023-07-05,188.5221710205078,190.14795071297073,187.82258388907837,188.75865435398987,46920300,-0.005871438745493118,-0.005888743410731721,1.2334712735932765,0.4915125468081454,0.15313483733060812,2023,17.663960996903736,False,-0.35346104133836087,False
2023-07-06,188.99513244628903,189.20205725316632,186.42343432149448,187.0540415419299,45094300,0.002508784103328443,0.002505642358033226,1.470208727445135,-0.038917057222566775,0.15191875780701952,2023,17.624266432851986,False,0.06648105943926295,False
2023-07-07,187.88172912597656,189.84253092683244,187.4481988352347,188.60102706839623,46815000,-0.005891174581593495,-0.005908596006033785,1.2743826143905184,0.038157815954566354,0.15022204903758601,2023,17.661714243715803,False,-0.35445002559595257,False
2023-07-10,185.84210205078125,187.2018550195119,184.2951349736181,186.48255712554896,59922200,-0.010855909644240769,-0.010915264993093214,1.564080482203937,0.2799786393250028,0.1516503510458271,2023,17.90855762880837,False,-0.6032383107792763,False
2023-07-11,185.31988525390625,186.5219826806886,183.86160879849567,186.384037813756,46638100,-0.0028100026372511744,-0.0028139581063186237,1.4355576998917152,-0.22168912356355408,0.1526825585867617,2023,17.657928383054088,False,-0.2000491412153968,False
2023-07-12,186.98507690429688,188.88674640306317,185.7041517573503,186.89638625272656,60750200,0.008985499036485711,0.008945369649255405,1.7020580991828511,0.30258736955407706,0.14658539375464005,2023,17.922280948821435,False,0.39103630388008814,False
2023-07-13,187.7437744140625,188.38424453327508,186.99493300399135,187.7043680387378,41342300,0.004057529736204213,0.004049320161992501,0.7400040473350938,-0.31947055318336404,0.14595055598183915,2023,17.537396771046275,False,0.1440903911208756,False
2023-07-14,187.8915557861328,188.37435523171476,186.84711408565676,187.43829984175193,41616200,0.0007871439281090797,0.0007868342928016813,0.8128311778930515,0.00662517566753662,0.14588448613474805,2023,17.54400009653203,False,-0.01979220620145249,False
2023-07-17,191.1431579589844,191.4683169379724,188.9951421376018,189.08381775872684,50520200,0.01730573872384511,0.017157699933911506,1.2938861253413503,0.21395514246855796,0.15241546224515923,2023,17.737883834060977,False,0.8079725830596328,False
2023-07-18,190.8869781494141,191.47817907078496,189.5962050071137,190.5125649317522,48288200,-0.0013402510050884997,-0.0013411499447597906,0.9859101348433399,-0.04418034766291501,0.1500994618271544,2023,17.6926978030659,False,-0.12639828500713637,False
2023-07-19,192.23687744140625,195.32093388898537,189.82281961650224,190.26622781119136,80507300,0.007071720161736517,0.007046832810750035,2.8600726071192795,0.6672251191802552,0.1508370880483781,2023,18.203858433928364,False,0.2951347585889593,False
2023-07-20,190.2957763671875,193.58675746858663,189.6750169550875,192.22700448393437,59581200,-0.010097443841441955,-0.010148768820535633,2.0556107908307855,-0.25992798168613285,0.15488391272132365,2023,17.902850662817308,False,-0.5652307627293923,False
2023-07-21,189.12322998046875,192.10876269219432,188.42364281090323,191.25153499324207,71951700,-0.006161704737241536,-0.006180766381697845,1.9485284180434408,0.20762421703490364,0.14849593141705072,2023,18.091505632435847,False,-0.36800658655333945,False
2023-07-24,189.9213409423828,192.04964595897565,189.42867857936756,190.57165886992988,45377800,0.004220057800390142,0.004211178328960463,1.380027840264261,-0.3693297031202877,0.1483886906247831,2023,17.630533578671617,False,0.1522348495608033,False
2023-07-25,190.7785797119141,191.58655325087184,190.08885537064708,190.49284214012596,37283200,0.004513651626919302,0.004503495650307633,0.7850450938917604,-0.1783823808117626,0.14462383636685627,2023,17.43405340782949,False,0.16694715620373868,False
2023-07-26,191.6456756591797,192.7689453418544,190.48299959942145,190.82785426220883,47471900,0.004545038277226743,0.004534740780644261,1.1927979770846702,0.2732785812376619,0.1369765930851943,2023,17.675648536070728,False,0.16851997545977232,False
2023-07-27,190.38449096679688,194.3060801182846,189.72432504433817,193.14340387615707,47460200,-0.006580814766860121,-0.006602563798434969,2.406579995397569,-0.0002464615909621992,0.1388491813581522,2023,17.67540204410831,False,-0.38900864693646525,False
2023-07-28,192.9561462402344,193.7444090416655,191.2909450188625,191.8131659299023,48291400,0.013507693091902251,0.013417277499660877,1.2715137976213542,0.01751362194006778,0.14565176728416315,2023,17.692764069646728,False,0.6176483768541084,False
2023-07-31,193.56707763671875,193.60649905306556,192.39453857567588,193.1828015190956,38824100,0.0031661670715776857,0.0031611653194228663,0.6261191170454381,-0.19604525857606114,0.1225422395540548,2023,17.474551771547425,False,0.09942323647705346,False
2023-08-01,192.73941040039065,193.8429695122176,192.41425136889904,193.36016991822595,35175100,-0.004275867809924949,-0.004285035475171858,0.74126933373438,-0.09398801260042089,0.11992621301971491,2023,17.375849032318104,False,-0.273505242702715,False
2023-08-02,189.7538604736328,192.31569604997568,189.03457754647135,192.17775117305615,50389300,-0.015490085398496167,-0.015611310256353782,1.72914453245617,0.43252755500339735,0.131534910659408,2023,17.735289428760606,False,-0.8354619087338823,False
2023-08-03,188.3645477294922,189.5469345297089,187.8915960163783,188.75868668614032,61235200,-0.007321657333731468,-0.007348592219320299,0.8787951518922843,0.21524212481618132,0.133996693609512,2023,17.930232761868652,False,-0.42613307542599993,False
2023-08-04,179.31927490234375,184.6301752435833,179.25029494609427,182.79747042079737,115956800,-0.048020038463597925,-0.049211293218601314,3.0001684428062045,0.8936298076923077,0.2194919098377571,2023,18.5687282745382,True,-2.4655733120693344,False
2023-08-07,176.22535705566406,180.44254624962392,174.74736976708382,179.4572213905704,97576100,-0.017253682563486916,-0.01740426188992221,3.2317576639899577,-0.15851334290011454,0.2240192778738118,2023,18.396143154595272,False,-0.923837684862058,False
2023-08-08,177.16140747070312,177.62451134366992,174.97398514494694,177.05302113799038,67823000,0.005311667007962928,0.005297609860713261,1.4961081177689892,-0.3049220044662576,0.2257871702822465,2023,18.032411943166714,False,0.2069365767255857,False
2023-08-09,175.57504272460938,178.2748232727554,174.41235154839882,178.21570618554995,60378500,-0.008954347161393428,-0.008994678267604122,2.199897926503659,-0.10976364949943229,0.2229503943185297,2023,17.916143655833437,False,-0.507948942201313,False
2023-08-10,175.35824584960938,178.0974474344709,174.99368050557445,176.84608080013524,54686900,-0.0012347818439095715,-0.001235544815143951,1.7699577877611177,-0.09426534279586274,0.22147189437786727,2023,17.817134768879264,False,-0.12111311038687421,False
2023-08-11,175.41741943359375,176.2363450471093,174.1939766344996,174.9537053454994,52036700,0.0003374439775996052,0.00033738705618542835,1.1642905357998758,-0.04846133169003908,0.2213645900517994,2023,17.767459816055695,False,-0.04232716086117234,False
2023-08-14,177.06517028808594,177.2920967961584,174.9438523177461,175.59504844195268,43675600,0.00939331373025909,0.009349470897983794,1.3262034959171847,-0.16067698374416517,0.2133196812874746,2023,17.5923001746224,False,0.41147234267292987,False
2023-08-15,175.0819854736328,177.08489459113486,174.68732936330193,176.49291042563854,43622600,-0.011200310096144084,-0.011263505887319857,1.3693957270058483,-0.0012134922015953897,0.21469041589697346,2023,17.59108594557077,False,-0.620496592795175,False
2023-08-16,174.21372985839844,176.1574269074876,174.14465676238186,174.766254405872,46964900,-0.004959137360052046,-0.004971474686963489,1.1553453030032332,0.07661854176504845,0.21044647697395527,2023,17.6649110934558,False,-0.3077446245728646,False
2023-08-17,171.67807006835938,175.14122571711877,171.1650049538571,174.7761679719839,66062900,-0.01455487918259979,-0.014661840578783903,2.316091252469462,0.40664411081467233,0.21253245615061594,2023,18.00611789158577,False,-0.7885977059496994,False
2023-08-18,172.16151428222656,172.76337470680727,169.6652772069575,170.0007364455324,61172200,0.0028159928270086176,0.0028120353469571918,1.7995296525860052,-0.07403096140193666,0.21434232766504496,2023,17.929203412261792,False,0.08187562341766678,False
2023-08-21,173.4934844970703,173.77962299820936,171.42151715942626,172.7337706675176,46311900,0.007736747788243958,0.007706972631717557,1.3591898540852256,-0.24292570808308345,0.2166166943568859,2023,17.650909527063792,False,0.3284600177841803,False
2023-08-22,174.8649444580078,175.30893640777694,173.89802631437342,174.69721483499137,42038900,0.007904965220527638,0.007873884669297013,0.8068570277345283,-0.0922657027675392,0.2187989295270109,2023,17.55410596186158,False,0.33688957666047675,False
2023-08-23,178.70301818847656,179.12728783194132,175.9502562936072,176.1377232252428,52722800,0.021948788777332195,0.021711381697581328,1.7778275770268925,0.25414318642971145,0.23588320596484358,2023,17.780558576489224,False,1.0406408818210686,False
2023-08-24,174.02630615234375,178.68332143034684,173.6612333709249,178.259051726311,54945800,-0.026170302457904304,-0.026518839146795314,2.885821213159336,0.04216392149127124,0.24955944258722457,2023,17.821857820971477,False,-1.370659226227601,False
2023-08-25,176.2265167236328,176.7593040006282,173.4737548580186,175.0129348306344,51449600,0.012642976915012927,0.01256372179702798,1.8643897659068858,-0.06362997717750951,0.24876414501847693,2023,17.75611326511222,False,0.5743165067534987,False
2023-08-28,177.78541564941406,178.1800717356574,176.16730160755293,177.68674410027091,43820700,0.008845995226847592,0.008807098628848606,1.1321345571301429,-0.14827909254882443,0.25186864167764267,2023,17.595616889265163,False,0.38404561593028597,False
2023-08-29,181.66297912597656,182.4325690983829,177.1046362040057,177.30196426395187,53003900,0.02181035751666438,0.02157591440327658,2.932866630290425,0.20956306038013994,0.2680338078679846,2023,17.785876072581356,False,1.0337039404691675,False
2023-08-30,185.14588928222656,185.34323241647965,182.27473336292013,182.4720614420058,60813900,0.019172371679728517,0.018990897618777522,1.6573411731988623,0.14734764800326006,0.27443645510310805,2023,17.92332895567185,False,0.901511594970832,False
2023-08-31,185.3629150390625,186.59623408851635,184.97812009783948,185.33331658628876,60794500,0.0011721878226802485,0.0011715013469343993,0.872943754869134,-0.0003190060167165276,0.27358179679392797,2023,17.923009898767134,False,-0.0004972369751207073,False
2023-09-01,186.9317169189453,187.3855699191495,185.76745585396847,186.96131537308187,45766500,0.008463407470432838,0.00842779363925188,0.8656177195883009,-0.24719341387790017,0.20662481882232656,2023,17.639062962252904,False,0.3648737264639811,False
2023-09-05,187.1685333251953,187.44479564304945,185.1064270757959,185.7674844117445,45280000,0.0012668604887029478,0.00126605869805385,1.2493385109722281,-0.010630045994340809,0.19348608787111554,2023,17.628376013944006,False,0.004246913505481536,False
2023-09-06,180.4691467285156,186.32988234003625,179.04836051297525,185.88587535630464,81755800,-0.03579333810902863,-0.036449627792655,4.0347737876850385,0.8055609540636042,0.23846548150284363,2023,18.219247325468725,False,-1.8528800311026628,False
2023-09-07,175.19052124023438,175.83185624974686,171.22416252451072,172.84227669356144,112488800,-0.029249462215400146,-0.029685756381742392,2.6301044671918814,0.37591216769941704,0.26020100716079997,2023,18.538364227986985,False,-1.5249592777321448,False
2023-09-08,175.80226135253906,177.83478423163749,175.41746632815568,175.97000602806156,65551300,0.0034918562258619,0.0034857738509840807,1.3750209382314578,-0.41726376314797564,0.260469613139077,2023,17.998343615421724,False,0.11574387497532843,False
2023-09-11,176.9665069580078,177.89396541040293,174.97345890425444,177.6670388917848,58953100,0.0066224722964971505,0.00660064006273971,1.6503159588506136,-0.10065704265209086,0.2614837337080042,2023,17.89225278746573,False,0.2726224584148641,False
2023-09-12,173.94735717773438,177.72624932161176,172.4871113411862,177.09479044187466,90370200,-0.01706057169897035,-0.01720777995932209,3.011910077525563,0.5329168440675724,0.2664276048973058,2023,18.31942513606511,False,-0.9141606889645714,False
2023-09-13,171.88525390625,174.93401565723292,171.6583123112636,174.15454941477398,84267900,-0.011854754823192759,-0.011925582750809292,1.905750069610959,-0.06752557812199156,0.26677969692683623,2023,18.249511579404626,False,-0.6532915313639395,False
2023-09-14,173.39483642578125,173.75003299454158,171.2636570132194,171.6780505009118,60895800,0.008782501612119686,0.008744159772812087,1.4339388834029374,-0.2773547222607897,0.2684551506496396,2023,17.924674781206146,False,0.38086388169292607,False
2023-09-15,172.67457580566406,174.1446979390041,171.50046839224674,174.1249606133089,109259500,-0.004153875830238407,-0.004162527138396341,1.5313369292612495,0.794204197990666,0.26351338802295643,2023,18.509236353833735,False,-0.26739209163838595,False
2023-09-18,175.5950469970703,176.9862345995646,173.81906442528663,174.12492516303394,67257600,0.0169131510981273,0.016771716269561348,1.8036785367475727,-0.3844233224570861,0.2698681823610917,2023,18.02404059608157,False,0.7882995892434337,False
2023-09-19,176.68038940429688,177.23291401853146,174.7662755227223,175.15107052586188,51826900,0.006180939757626902,0.006161916098632567,1.3961020258817478,-0.2294268603102103,0.2694132772497463,2023,17.763419896751827,False,0.2504967816542606,False
2023-09-20,173.1481475830078,177.30195805066697,173.0593371622532,176.86782730089922,58436200,-0.019992268713004968,-0.02019481828027571,2.450283729648243,0.12752643897281146,0.2780746529326493,2023,17.88344613588911,False,-1.061071221670788,False
2023-09-21,171.60897827148438,173.9473619674597,171.53992021743218,172.2207148989756,63149100,-0.008889320116956756,-0.008929065839980198,1.4028646835825558,0.08065035029656276,0.26665964008702775,2023,17.961009170713282,False,-0.5046903661299218,False
2023-09-22,172.45748901367188,174.7169382879251,171.7273736602944,172.33909518451154,56725400,0.004944442596966914,0.004932258984945514,1.7335081501700953,-0.10172274822602378,0.25126966807052925,2023,17.85373265779867,False,0.18853456124312426,False
2023-09-25,173.7302703857422,174.6083930174941,171.82601779128095,171.87535356826675,46172700,0.0073802615319849,0.0073531606611678705,1.6015488953279773,-0.1860313016743822,0.2483534436830272,2023,17.64789929396329,False,0.3105961029393823,False
2023-09-26,169.66526794433594,172.8620217812148,169.3692683155077,172.4871029695211,64588900,-0.023398354428278534,-0.023676442355258027,2.0586142986276985,0.3988547345076203,0.2584013655734973,2023,17.983553142846095,False,-1.2317538892446909,False
2023-09-27,168.1556854248047,170.7308568174817,166.79411110643792,170.31646332448594,66921800,-0.008897416293984883,-0.008937234665380461,2.3411314943640162,0.03611920933782731,0.2432015218793085,2023,18.019035346452377,False,-0.5050960743850356,False
2023-09-28,168.4121856689453,169.73430008001054,165.38314684947002,167.0801950701548,56294400,0.0015253736053744138,0.0015242114047664056,2.583633252699278,-0.1588032599242698,0.2289151814172935,2023,17.84610563878617,False,0.017201287542068445,False
2023-09-29,168.92526245117188,170.7604419321708,168.06686209293406,169.72445084440017,51861100,0.0030465537881869675,0.0030419224472301425,1.594539383957051,-0.07875206059572537,0.22965053434216878,2023,17.764079568084682,False,0.09342928447671126,False
2023-10-02,171.4313507080078,171.97401410977108,168.64897565996583,168.9351141150612,52164500,0.014835485352940214,0.014726515960699453,1.939574317108808,0.00585024228178721,0.23542120892664734,2023,17.76991276403763,False,0.6841854942500931,False
2023-10-03,170.09938049316406,171.31297744317223,168.54047825044546,169.96124934298015,49594600,-0.007769700287273862,-0.007800041673049218,1.6299290360073888,-0.049265304948767796,0.2347625815132797,2023,17.719392534964026,False,-0.4485849961616952,False
2023-10-04,171.3425750732422,171.88523853747708,168.68846972057472,168.80686354725646,53020300,0.0073086367303265565,0.007282058068851711,1.8657177385923323,0.06907405241699704,0.20609211981076614,2023,17.786185435912017,False,0.30700690606254566,False
2023-10-05,172.5758819580078,173.10866919518492,170.3756298015613,171.47081778563685,48527900,0.0071979009550804385,0.007172119705995979,1.5836740120433703,-0.0847298110346415,0.18194537582858697,2023,17.69764946884907,False,0.3014578156711567,False
2023-10-06,175.12149047851562,175.61481822954005,170.8689926183437,171.48072926712837,57266700,0.014750662094991984,0.014642929207701284,2.7100189692472854,0.1800778521221813,0.18954354292347259,2023,17.863229878380483,False,0.6799349083432289,False
2023-10-09,176.6014404296875,176.6606373398207,173.45400756283908,174.45052401213383,42390800,0.008450989922070384,0.008415480227856074,1.8157438405822761,-0.2597652737105508,0.19051339909665432,2023,17.562441939116322,False,0.36425146958132915,False
2023-10-10,176.00942993164062,177.32168322438636,175.57529921161475,175.72330653262233,43698000,-0.0033522404834663844,-0.0033578718302035375,0.9922104818190041,0.030836879700312236,0.18007860755939326,2023,17.59281291531245,False,-0.22722127068839404,False
2023-10-11,177.400634765625,177.4499705441094,175.22999600880442,175.82198018511957,47551100,0.007904149422702567,0.007873075269419667,1.2513904125754212,0.08817566021328216,0.17548428636875232,2023,17.67731550126174,False,0.3368486961423032,False
2023-10-12,178.2985076904297,179.90674578858014,176.6507798893927,177.6670488234186,56743100,0.005061272334176969,0.005048507149290285,1.8261318848728627,0.19330783094397397,0.17396673712339425,2023,17.854044638653825,False,0.19438902671049396,False
2023-10-13,176.46331787109375,179.50220314362676,175.7627859383901,178.9990143278533,51427100,-0.010292794051435794,-0.01034613116372797,2.119090386801127,-0.09368539963449296,0.17792611718516105,2023,17.7556758482837,False,-0.5750199746694661,False
2023-10-16,176.33505249023438,176.69024903281087,174.15453745424634,174.39134016768617,52517000,-0.0007268671042049979,-0.0007271314001783787,1.4380076693514814,0.021193106358320835,0.16803149912587864,2023,17.776647503712127,False,-0.0956609491907728,False
2023-10-17,174.78602600097656,176.03908277453434,172.46739447379483,174.2926982221929,57549400,-0.008784563632597053,-0.008823375375027476,2.0434633033647405,0.0958242093036541,0.16940549404533556,2023,17.868154284737425,False,-0.4994409045218361,False
2023-10-18,173.4934844970703,175.21027033840411,172.77323025982977,173.23695950912395,54764400,-0.00739499337263394,-0.007422471888901895,1.4046868017199197,-0.0483932065321272,0.15522318442333158,2023,17.818550924037513,False,-0.4298080242662619,False
2023-10-19,173.1185760498047,175.466805839834,172.85217485644313,173.69082297603654,59302900,-0.002160936754209697,-0.0021632749471028035,1.510312205108862,0.08287318038725888,0.15182431016833606,2023,17.898168783513363,False,-0.1675237423823752,False
2023-10-20,170.572998046875,173.0790962513972,170.3361953203569,172.97056355030566,64244000,-0.0147042452694236,-0.01481342426892103,1.6080510763412486,0.08331970274640876,0.16002878171206739,2023,17.97819890773058,False,-0.7960826033584293,False
2023-10-23,170.69137573242188,171.68789221712717,167.66233657820504,168.62926966195786,55980100,0.0006940001459923018,0.0006937594392515536,2.3583825613032987,-0.12863302409563537,0.15739127591681262,2023,17.840506846265747,False,-0.024459742643158623,False
2023-10-24,171.12550354003906,171.35243005141567,169.1620540054936,170.74070856198065,43816600,0.0025433493974396093,0.002540120557913486,1.279982235616672,-0.21728257005614493,0.13259118202451134,2023,17.595523321802236,False,0.06821316400078793,False
2023-10-25,168.81674194335938,170.75057806188605,168.3727349771656,169.58633193718455,57157000,-0.013491627775631287,-0.013583466759363384,1.4085351117119902,0.30445995353359234,0.1378648785929425,2023,17.861312442889542,False,-0.7353170190811031,False
2023-10-26,164.66290283203125,169.09299056011605,163.45918215856796,168.0964590692853,70625300,-0.0246056111704952,-0.024913388409316787,3.421419338935747,0.23563692985985973,0.16395765262615244,2023,18.0728990093687,False,-1.2922508404177386,False
2023-10-27,165.97515869140625,166.70528904611524,164.60370840247674,164.68264263448572,58499100,0.007969347295629703,0.00793775975786203,1.2662019185328324,-0.17169767774437772,0.16650936199784835,2023,17.884521944562636,False,0.34011583261554196,False
2023-10-30,168.01756286621094,168.88582454657922,166.61651382617845,166.76452118815135,51131000,0.01230548107866003,0.012230384088459998,1.3506389937388716,-0.1259523650791209,0.1636167980854383,2023,17.749901544411973,False,0.5574042225483516,False
2023-10-31,168.49114990234375,168.61940486913602,165.65943861592592,167.09010101577766,44846000,0.002818675786351754,0.002814710768742749,1.7567487995219173,-0.12291955956269196,0.1621019950043837,2023,17.618744978614146,False,0.08201006943457863,False
2023-11-01,171.64840698242188,171.9049319155105,167.84977842632566,168.71803982318505,56934900,0.0187384149369747,0.01856501366726911,2.3624766232756973,0.26956473264059233,0.17378937238107983,2023,17.857419085400355,False,0.8797655496106804,False
2023-11-02,175.2003936767578,175.40758286457637,173.11855033416663,173.17774724497193,77334800,0.02069338572247692,0.02048218626766651,1.3065224811269394,0.3583022012860302,0.1869109212734192,2023,18.163654619230662,False,0.9777312664457799,False
2023-11-03,174.29269409179688,174.46043878115682,171.03674287311975,171.91486569633807,79829200,-0.0051809220625133046,-0.005194389575450859,1.964337017037487,0.032254560689366274,0.18051559445999354,2023,18.19539992280326,False,-0.31885849774212266,False
2023-11-06,176.83824157714844,177.0355696443862,173.85855313497558,174.02628274488598,63841300,0.01460501542314141,0.014499389389901805,1.7965664446084095,-0.2002763399858698,0.18560349284699204,2023,17.971910889970857,False,0.6726363948726951,False
2023-11-07,179.39370727539062,180.00542885763969,176.5817331247381,176.78892234542403,70530000,0.014450865805105462,0.014347447178986254,1.9084815096918717,0.10477073618488353,0.19180711464274117,2023,18.071548723362724,False,0.6649117895012296,False
2023-11-08,180.4494171142578,181.00194176498167,179.16676200069597,179.91662978825056,49340300,0.005884876648691639,0.00586762839824236,1.0170050940777993,-0.3004352757691763,0.19097768709816734,2023,17.71425176957383,False,0.2356607365786201,False
2023-11-09,179.975830078125,181.66300252138785,179.38383076688,180.51849360423827,53763500,-0.002624486372449386,-0.002627936374453173,1.2663765759649428,0.08964679987758495,0.19068413723429495,2023,17.80010537482663,False,-0.19075271898716972,False
2023-11-10,184.15484619140625,184.32281184408907,181.3194195461175,181.7541222530608,66133400,0.023219874087910597,0.02295439455741895,1.6309059251418865,0.23007988691212433,0.20194104915134678,2023,18.007184487331898,False,1.1043363521231422,False
2023-11-13,182.5741424560547,183.7893232540613,181.9912524470517,183.58186108306097,43627500,-0.008583557631215544,-0.008620608533410538,0.9848441749862729,-0.3403106448481402,0.20533914562625874,2023,17.591198266356486,False,-0.48936827471093186,False
2023-11-14,185.1823272705078,185.84425545326624,184.0560589323069,185.4391901985185,60108400,0.014285619964398366,0.014184541999105427,0.9656410238041763,0.37776402498424155,0.20588362369274574,2023,17.911660173430448,False,0.6566311403176509,False
2023-11-15,185.7454376220703,187.21749618530265,185.51821216432265,185.5873762590713,53790500,0.0030408428269719234,0.0030362288157116998,0.9148456310606538,-0.10510843742305565,0.20225136060900548,2023,17.800607448204936,False,0.0931431019857,False
2023-11-16,187.4250030517578,188.65994715340477,186.37775779056017,187.28668991537344,54412900,0.009042297087828555,0.009001660302403913,1.217654702246089,0.01157081640810187,0.20205227026593553,2023,17.812111834445673,False,0.3938825161385537,False
2023-11-17,187.40524291992188,188.08693448765231,186.29873780998344,187.9584954748911,50922700,-0.00010542953989167714,-0.000105435097976279,0.9541871133418469,-0.06414287788373718,0.1903219514653259,2023,17.74581937423727,False,-0.06452003552204341,False
2023-11-20,189.14402770996097,189.598493753426,187.59294582194016,187.60281994734137,46505100,0.009278207818241624,0.009235429647672877,1.0603284469342074,-0.0867510952875633,0.19034906490888862,2023,17.65507256346583,False,0.4057042599648028,False
2023-11-21,188.34378051757812,189.21318592585277,187.4546268591155,189.10451024981845,38134500,-0.0042308879750090345,-0.004239863506796649,0.9336963832331785,-0.17999316204029236,0.19307567144982055,2023,17.45662996840243,False,-0.27125125415038476,False
2023-11-22,189.00570678710935,190.60618938615343,188.53149251239265,189.18354656200316,39617700,0.003514457805361193,0.0035082965300033122,1.0976900692727047,0.03889391495889538,0.1806300562416069,2023,17.494786571301724,False,0.11687646475808822,False
2023-11-24,187.6818695068359,188.60066069963855,186.97054048498805,188.57102324664504,24048300,-0.007004218564493292,-0.007028863248600096,0.8685549749338627,-0.39299101159330296,0.14885791398610254,2023,16.99557490752996,False,-0.4102258727146915,False
2023-11-27,187.50405883789065,188.37346446074525,186.62477908750495,187.63249787081335,40552600,-0.0009474046129894775,-0.0009478536843971209,0.93261201068301,0.6862979919578516,0.1510781597267122,2023,17.51811047950191,False,-0.10671232412553856,False
2023-11-28,188.106689453125,188.77850691885152,187.11873411970524,187.4941619704054,38415400,0.0032139603748810863,0.003208806643874447,0.8823571367778957,-0.0527019229346577,0.14960816230921506,2023,17.463969004860132,False,0.10181821099675308,False
2023-11-29,187.08908081054688,189.77632029571453,186.6939047406696,188.6006511365786,43014200,-0.005409741915806232,-0.005424427557236505,1.6475657166578752,0.11971240700344143,0.15445695109407045,2023,17.577040874949343,False,-0.3303249099873498,False
2023-11-30,187.66207885742188,188.02763251612237,185.92328320995225,187.55340318726755,48794400,0.003062701705479176,0.003058021188859829,1.1213503116785366,0.13437887953280536,0.14629987217891569,2023,17.703126130634413,False,0.09423847421225952,False
2023-12-01,188.9365692138672,189.25270705783993,186.95076949469112,188.0375263099119,45704800,0.006791411265424596,0.00676845351699586,1.2183652813887649,-0.06331874149492567,0.13395792297167614,2023,17.637713905051168,False,0.28108817427880123,False
2023-12-04,187.1483459472656,187.7608884211111,185.19219887595256,187.69172432124148,43389500,-0.009464675229586716,-0.009509749905091784,1.372541943748918,-0.0506576989725368,0.13858567331118068,2023,17.5857280573627,False,-0.5335220379183335,False
2023-12-05,191.09030151367188,192.05849343193452,187.8893210956394,187.91897362196437,66628400,0.0210632669311277,0.02084450291516351,2.1817812328883908,0.5355881031125043,0.14681551811637314,2023,18.014641486051747,False,0.9962664169544346,False
2023-12-06,190.00355529785156,192.4141533735728,189.79607806848605,192.10788966712872,41089700,-0.005687082008934752,-0.005703315034779163,1.3779085875433286,-0.3833005144953203,0.14508854712679364,2023,17.531268064123456,False,-0.3442227243342117,False
2023-12-07,191.9300537109375,192.6512567588297,191.25823636118903,191.29776300970337,47477700,0.010139275604953424,0.010088217984868331,0.7257958671437004,0.15546475150706862,0.14700477623383015,2023,17.675770706145904,False,0.4488533052571414,False
2023-12-08,193.3527374267578,193.629363703371,191.33730018286,191.86091528323507,53406400,0.007412511424411905,0.007385173772255655,1.1854311198357135,0.12487336159923501,0.14613880667670956,2023,17.793441165660578,False,0.3122121801988973,False
2023-12-11,190.8531951904297,191.15947399253525,189.11439931154695,190.78404615931,60943700,-0.012927369271277911,-0.013011654891612682,1.07154332886477,0.14113102549507173,0.13847653964594298,2023,17.925461061545143,False,-0.7070414104279135,False
2023-12-12,192.36477661132812,192.3746507369947,189.4107849369075,190.75440470261375,52696900,0.007920126353610168,0.007888926780982384,1.5407528614636548,-0.13531833479096278,0.1343594504554838,2023,17.780067207228456,False,0.33764931756375627,False
2023-12-13,195.5756378173828,195.6151493963814,192.50309623143957,192.74019585543425,70404200,0.016691523586681356,0.016553751081850778,1.591227414453172,0.33602166351341345,0.13729708382755304,2023,18.069763492643347,False,0.7771935930872798,False
2023-12-14,195.7238311767578,197.21563829918105,193.7973212968068,195.6349188149913,66831600,0.0007577291375799877,0.0007574422057922542,1.7465001486135647,-0.05074413174214043,0.13746791468290423,2023,18.017686595507353,False,-0.0212662134148117,False
2023-12-15,195.1903076171875,196.01029713155145,194.6271659416612,195.1507809689053,128538400,-0.0027258998373503873,-0.002729621867772154,0.7086064911598471,0.92331771198056,0.1365447004460017,2023,18.671738258122556,False,-0.19583465824653598,False
2023-12-18,193.53054809570312,194.2616403879697,192.0486152607036,193.72813612536964,55751900,-0.008503288619942873,-0.008539647840639136,1.1435017102166867,-0.5662626888151712,0.14148669166165934,2023,17.836422066377864,False,-0.485345907068772,False
2023-12-19,194.5679168701172,194.5777909959987,193.53056080250687,193.7973129513213,40714100,0.005360232710657442,0.00534591779470364,0.5382337490876776,-0.26972713037582574,0.13936339313382062,2023,17.522085052325213,False,0.20937025702063222,False
2023-12-20,192.4833526611328,195.29901651008248,192.4833526611328,194.52841250300128,52242800,-0.01071381264967708,-0.01077161879397339,1.4628090221945835,0.28316234424928965,0.14470405087283716,2023,17.771412659412366,False,-0.596117675506474,False
2023-12-21,192.33509826660156,194.7061996333918,191.16931844438724,193.7380078229936,46482500,-0.000770219307184683,-0.000770516078471031,1.8389161525277,-0.11026016982244446,0.14455148053837305,2023,17.654586477149827,False,-0.0978333753327801,False
2023-12-22,191.2681427001953,193.0563392932213,190.6457260678158,192.82909873139977,37149600,-0.00554737838294761,-0.005562822228126386,1.260331799835609,-0.20078309041036946,0.14357894934805807,2023,17.430463588828104,False,-0.337222023369375,False
2023-12-26,190.72476196289065,191.55464074590697,190.5074106042434,191.27801448490152,28919300,-0.002840936967513641,-0.0028449800882567474,0.5490792757509492,-0.22154478110127696,0.14406800189980448,2023,17.180019784838255,False,-0.20159929422098133,False
2023-12-27,190.8235626220703,191.16935301152336,188.7883770898652,190.1715235726757,48087700,0.0005180274347327263,0.000517893304841135,1.247736856466576,0.6628237889575475,0.1438004326660806,2023,17.688537005914377,False,-0.03327792700161778,False
2023-12-28,191.24835205078125,192.3153453788488,190.84328683757997,191.80160450052028,34049900,0.0022260847815331886,0.002223610725764192,0.7697104448136463,-0.2919208030327922,0.14201983193593284,2023,17.343337683066583,False,0.05231468830274803,False
2023-12-29,190.21099853515625,192.05846979029215,189.4206314221306,191.56449222902597,42672100,-0.005424117408078688,-0.0054388813446590275,1.3867959205702785,0.25322247642430673,0.14365884075109192,2023,17.56905589229277,False,-0.33104528157334606,False
2024-01-02,183.4040069580078,186.17028459685417,181.6750853181039,184.89581391743903,82488700,-0.03578652985142872,-0.03644256682343277,2.450982044127039,0.933082740244797,0.19281981216263117,2024,18.228171884349607,False,-1.8525388618938339,False
2024-01-03,182.03074645996097,183.64111826756871,181.22061595613368,182.0011090098209,58414500,-0.0074876253841131835,-0.007515798371679919,1.3297216863127226,-0.29184845924350855,0.19184676627137323,2024,17.88307472177044,False,-0.43444991532352906,False
2024-01-04,179.71893310546875,180.88471299934187,178.70134046081682,179.95603270422265,71983600,-0.012700125662566064,-0.012781461643750693,1.2148817605342273,0.23228992801444837,0.17669973560709773,2024,18.091948887149307,False,-0.6956539855166343,False
2024-01-05,178.99771118164062,180.5586821654936,177.99988188294327,179.79796753554595,62379700,-0.004013054781517478,-0.004021128693797964,1.4295156433334173,-0.1334178896304158,0.17646767380104697,2024,17.948750475929494,False,-0.26033539540245104,False
2024-01-08,183.3249664306641,183.36449308108033,179.3138706884217,179.89676064456037,59144500,0.02417491944705552,0.023887331801795118,2.209531233810766,-0.05186302595235304,0.1957673070572807,2024,17.895494177034,False,1.1521947159987087,False
2024-01-09,182.91004943847656,182.9199235647891,180.52907347198328,181.70474272826013,42841800,-0.0022632868848468934,-0.002265851989718126,1.3071179523189567,-0.2756418601898739,0.19240744023336973,2024,17.573024842809552,False,-0.17265261898267856,False
2024-01-10,183.9473876953125,184.1548498527509,181.70472508990332,182.12955368013527,46792900,0.005671302697804137,0.005655281406512391,1.3319704038993698,0.09222535000863652,0.19063801529379537,2024,17.661242061347895,False,0.22495831311983502,False
2024-01-11,183.3546142578125,184.7970355796361,181.4083411771675,184.2931687458137,49128400,-0.003222516203828185,-0.0032277196910586114,1.8481642342001763,0.04991141818523759,0.18716369821645906,2024,17.70994785730947,False,-0.22072064564585236,False
2024-01-12,183.68060302734375,184.49073341290065,182.95940005422457,183.81891613280496,40477800,0.0017779141847660274,0.0017763355661638096,0.8336935601458779,-0.17608145186898005,0.17422000389604966,2024,17.5162642583454,False,0.029856371225937987,False
2024-01-16,181.4182281494141,182.04062970854807,178.7507369031224,179.96593271976667,65603000,-0.012316895963113028,-0.012393377585853328,1.813430127162385,0.620715552722727,0.17655878135378525,2024,17.999131999819177,False,-0.6764499275850107,False
2024-01-17,180.47964477539065,180.72663357001977,178.12832170152117,179.08663943068214,47317400,-0.005173589134882417,-0.005187018485804799,1.439670313919463,-0.2787311555873969,0.17657759190683064,2024,17.672388671643855,False,-0.31849103674619006,False
2024-01-18,186.3579864501953,186.86183815424235,183.59170899023255,183.84857190455077,78005800,0.03257066292500932,0.032051482179521855,1.7547566521297187,0.6485647985730407,0.21671055825097776,2024,18.17229375368329,False,1.572914572418487,False
2024-01-19,189.2527008056641,189.63800274105876,186.5457131326349,187.0495648712278,68903000,0.015533084525156005,0.015413681049851675,1.633947412776537,-0.11669388686482285,0.2239923521146966,2024,18.048210290913442,False,0.7191429491013356,False
2024-01-22,191.55467224121097,192.9773304317233,189.94430011236668,189.98382677043816,60133900,0.012163479970151991,0.012090099291337347,1.5833757975568126,-0.12726731782360712,0.2259770239040628,2024,17.912084317013168,False,0.5502883922303068,False
2024-01-23,192.8291015625,193.39224330006388,191.49537099853464,192.67104017695664,42355600,0.006653083980558083,0.006631049893095867,0.9837064458418513,-0.29564521842089075,0.22727094236186696,2024,17.561611225335124,False,0.2741564432676293,False
2024-01-24,192.15728759765625,194.0146482092326,191.999211146671,193.06620457832125,53631300,-0.00348398638690961,-0.003490069600814459,1.048847580936704,0.2662150931635958,0.2267009150937534,2024,17.797643429475237,False,-0.23382320150322602,False
2024-01-25,191.8312835693359,193.9059957810049,190.78405333725613,192.8686396751704,54822100,-0.001696547824940886,-0.0016979885919860998,1.6274417736564657,0.02220345208861252,0.22653093823943155,2024,17.819603973533187,False,-0.14425270698712442,False
2024-01-26,190.10235595703125,192.4141677281407,189.6281416366758,191.93007928184088,44594000,-0.009012751101567629,-0.009053611638629316,1.4655400126101767,-0.18656892019824123,0.22893786417363093,2024,17.613109901216994,False,-0.510875627299418,False
2024-01-29,189.42068481445312,189.8850250589276,187.29658673228505,189.6973111207354,47145600,-0.0035858111234150503,-0.0035922555544086587,1.3665024647007524,0.05721845988249541,0.22905562423948125,2024,17.66875126470606,False,-0.23892575003094635,False
2024-01-30,185.77511596679688,189.48983770252025,185.21198926058483,188.640195504988,55859400,-0.019245885692089404,-0.0194334988384035,2.302702608835937,0.18482742822235787,0.2382750480089392,2024,17.838348395187147,False,-1.0236691549904124,False
2024-01-31,182.178955078125,184.84644650359252,182.12956937209933,184.7871565213584,55467800,-0.019357602712058664,-0.019547414632002186,1.4913232597739379,-0.007010458400913744,0.2111115022497557,2024,17.831313248195315,False,-1.029267416624362,False
2024-02-01,184.6093292236328,184.69824158324056,181.6059517240919,181.77390231724044,64885400,0.013340586702045742,0.013252384654053186,1.6750452819221824,0.16978499237395384,0.21458516520155999,2024,17.988133210299278,False,0.6092744935247916,False
2024-02-02,183.61146545410156,185.0736348136651,177.09095561888776,177.69360884630905,102551700,-0.005405272711448195,-0.005419934054228078,4.3475929866551954,0.5805050134544905,0.20999139242392262,2024,18.44587762937582,False,-0.3301009532858663,False
2024-02-05,185.41941833496097,186.97051518171523,183.60158444736317,185.88375846902116,69668800,0.009846623011193989,0.009798460916754641,1.8169244432997167,-0.3206470492444299,0.21127213940623432,2024,18.05926315715533,False,0.434188164814171,False
2024-02-06,187.0199279785156,187.02980210381148,184.5204024536245,184.60931480628852,43490800,0.008631834022169604,0.008594792746347654,1.3417819573084415,-0.37574925935282366,0.1964878598588696,2024,17.588060002431344,False,0.3733137645439965,False
2024-02-07,187.12860107421875,188.74884702540385,186.3382338864455,188.3437817688575,53439000,0.0005810776256722772,0.0005809088654407804,1.288212023774099,0.22874263062532774,0.19612022544463928,2024,17.794051393155655,False,-0.030118413213591416,False
2024-02-08,186.0517578125,187.25704946443747,185.0934399218184,187.1088621926835,40962000,-0.005754562667262486,-0.005771183959191641,1.162907337215014,-0.23348116544097008,0.19682399176534351,2024,17.52815539004134,False,-0.34760425367194175,False
2024-02-09,186.8134307861328,187.94113632063824,185.97259122428568,186.61557552858977,45155200,0.0040938767931471,0.004085519680443826,1.0537492342326182,0.10236804843513503,0.1966649043344732,2024,17.625616024991423,False,0.1459117817598878,False
2024-02-12,185.1317443847656,186.63535673641036,184.77562606711913,186.3880527684402,41781900,-0.009001956627478491,-0.009042719051150146,1.0045444531792898,-0.07470457444546807,0.19977566785802858,2024,17.547973813296938,False,-0.5103347044376328,False
2024-02-13,183.0445251464844,184.20192116931864,181.5310258479947,183.76666370675508,56529500,-0.011274237409783505,-0.01133827338381971,1.4591506187833325,0.352966236576125,0.1989132118402267,2024,17.8502732014411,False,-0.6242011710569513,False
2024-02-14,182.1641082763672,183.5292310959524,180.472557481369,183.3215042025078,54630500,-0.004809850878700894,-0.004821455437189036,1.677977974643631,-0.03359307971943848,0.19878008932768457,2024,17.81610291111513,False,-0.3002637162811337,False
2024-02-15,181.87722778320312,182.5004386022798,179.3943014199978,181.57057328309747,65434500,-0.0015748464166652765,-0.0015760877907702129,1.7078208306454397,0.1977649847612597,0.15995528570734133,2024,17.996560215554354,False,-0.1381541167728986,False
2024-02-16,180.34396362304688,182.8565806751117,179.71086599707365,181.44199396902647,49752500,-0.008430215144822228,-0.008465950387434773,1.744286093552423,-0.2396595068350793,0.14911819866161233,2024,17.7225712916621,False,-0.48168411558579255,False
2024-02-20,179.60203552246094,180.46264852115328,178.0588611409836,179.82955095197704,53665600,-0.004113961375145969,-0.004122446995249206,1.3383965126993633,0.0786513240540676,0.13896702718515708,2024,17.798282776940614,False,-0.2653919347898996,False
2024-02-21,180.35386657714844,180.9177118425544,178.71176441081158,179.97795967071906,41371400,0.00418609428618355,0.004177356968500534,1.2231217847493216,-0.22908902537193288,0.13691755866663058,2024,17.538100402983837,False,0.15053290084619214,False
2024-02-22,182.3817138671875,182.9653626660908,180.4923231436991,181.50131240098543,52292200,0.011243713974779856,0.011180973277083566,1.3559690113410152,0.26396979555925104,0.14629305275962157,2024,17.7723577974567,False,0.5041979157252922,False
2024-02-23,180.5516815185547,183.04449459753943,180.26480046872615,183.01481932952075,45119700,-0.010034078032436167,-0.010084758700946883,1.5395559351396104,-0.137161947670972,0.1486098298153739,2024,17.62482953835907,False,-0.5620554329760664,False
2024-02-26,179.2063751220703,180.78911167382452,178.70186529911302,180.27473021897956,40867400,-0.007451087606437645,-0.007478985626482807,1.1647165862764228,-0.09424486421673905,0.14786656305587506,2024,17.52584326164173,False,-0.43261896746073214,False
2024-02-27,180.66050720214844,181.93658908973129,177.62360710096542,179.1470080612827,54318900,0.008114287670221598,0.008081543847299427,2.3873407949308465,0.32914988474921336,0.15291538772630184,2024,17.810382809051283,False,0.3473789527606316,False
2024-02-28,179.46356201171875,181.145226165725,178.18748003378263,180.54180381169616,48953900,-0.0066253837596634835,-0.006647429040895243,1.6481039932491892,-0.09876856858294258,0.14019555188247906,2024,17.70638961733029,False,-0.39124204774274796,False
2024-02-29,178.80076599121094,180.6011460945577,177.59392143922238,179.31516246277232,136682600,-0.003693206649183378,-0.0037000433750118858,1.6818857786566357,1.7920676391462171,0.1238081398398897,2024,18.733172014881045,False,-0.24430745688037828,False
2024-03-01,177.7225341796875,178.5831471920378,175.46712311031385,177.6137198257161,73563100,-0.006030353424640422,-0.006048609436323304,1.7533083782012064,-0.461796161325582,0.11295198865398459,2024,18.11365411287493,False,-0.36142442911568057,False
2024-03-04,173.2117462158203,174.99232313140854,171.91586043766767,174.25041105183348,81510100,-0.0253810693432186,-0.025708724734306264,1.7761282135610017,0.10802970511030674,0.1408497155346441,2024,18.21623750918164,False,-1.3311098946449702,False
2024-03-05,168.285400390625,170.1846930657021,167.7907924514621,168.91849794898403,95132400,-0.028441176379903954,-0.02885346272325867,1.422524240773873,0.16712407419448638,0.16008526090438155,2024,18.37078017401057,False,-1.4844551935436439,False
2024-03-06,167.29617309570312,169.39332087872134,166.8609157238647,169.21525418377138,68587700,-0.005878271630371246,-0.0058956166750423694,1.5137256925823104,-0.2790290164024034,0.152006096407694,2024,18.043623790908224,False,-0.353803444646943,False
2024-03-07,167.17752075195312,168.88886037705046,166.67302597532623,167.32589712912582,71765100,-0.0007092352535890134,-0.0007094868798933451,1.325438008505907,0.04632609053809933,0.151380999639497,2024,18.088908857357907,False,-0.09477739793899254,False
2024-03-08,168.88880920410156,171.82678133583968,167.11811956465033,167.17747009753631,76267000,0.010236355010238007,0.010184318337583174,2.7880247325913423,0.06273104893604264,0.16145307379457283,2024,18.149750912533456,False,0.45371806006532445,False
2024-03-11,170.88705444335938,172.49948126334272,170.1946063009313,171.07500788792643,60139500,0.011831720814864388,0.01176227325881503,1.3487709586423764,-0.21146105130659398,0.16919527971648612,2024,17.91217743818395,False,0.5336635793658998,False
2024-03-12,171.3618621826172,172.15323790323208,169.16580172767317,171.28272310113206,59825400,0.0027784886386181817,0.0027746357741707723,1.7433495046728986,-0.005222856857805547,0.17014297994850305,2024,17.906940894619655,False,0.07999624766063018,False
2024-03-13,169.28453063964844,171.3223130850131,168.91851047344855,170.90684419661972,52488700,-0.012122484644541132,-0.012196561231760114,1.419977715909232,-0.12263520177048548,0.1706694825009012,2024,17.77610848535129,False,-0.6667077645174126,False
2024-03-14,171.1343536376953,172.43022407386235,170.19460153541087,171.04532782778392,72913500,0.010927300864746803,0.010868029307168675,1.306355206263534,0.3891275645996186,0.17846367336056476,2024,18.104784378734294,False,0.48834210991464516,False
2024-03-15,170.75843811035156,170.75843811035156,168.4535633292171,169.32407812222547,121752700,-0.002196610553948708,-0.0021990266416958824,1.3497867552787919,0.6698238323492907,0.1784057492759586,2024,18.617502504485824,False,-0.16931139536910061,False
2024-03-18,171.84658813476562,175.79356502758816,171.64874797271588,173.67664359575858,75604200,0.00637245243313167,0.006352234205795292,2.411928627655864,-0.3790347154518955,0.18029798191875201,2024,18.14102240838894,False,0.26009369055845816,False
2024-03-19,174.18115234375,174.7054356079408,171.1640405724947,172.45991109697533,55215200,0.01358516473515059,0.013493713705320546,2.0331677611462156,-0.26968078492993774,0.18872940157147003,2024,17.826748853771875,False,0.6215305653356447,False
2024-03-20,176.7432098388672,176.7432098388672,173.2018149693641,173.82502584048726,53423100,0.014709154582126738,0.014602024221527185,2.003695006292853,-0.03245664237383905,0.1963847704787507,2024,17.79375381338098,False,0.677854921633432,False
2024-03-21,169.5219268798828,175.57593855649498,168.99764365136926,175.14068113790177,106181300,-0.040857484514216225,-0.04171560670836371,3.880497954572485,0.9875540730507963,0.23814909883687377,2024,18.480658577823036,True,-2.106649927011694,False
2024-03-22,170.42210388183594,171.18380430580046,168.22604350725263,169.90770741812418,71160100,0.005310091847829046,0.00529604302187155,1.7355499851114584,-0.32982455479448824,0.2388992385786111,2024,18.080442840097607,False,0.2068576437344688,False
2024-03-25,169.00755310058594,170.085794876263,167.6226416976105,168.73057383883838,54288300,-0.008300277657825372,-0.008334916771770109,1.4574219515423332,-0.23709635034239696,0.23913665187620045,2024,17.809819310494166,False,-0.47517280649012833,False
2024-03-26,167.8798370361328,169.57138777241732,167.7512341389727,168.16670300567833,57388400,-0.006672577904148214,-0.0066949390787196675,1.0842002622702491,0.05710438529112172,0.2358419721573575,2024,17.86535276769953,False,-0.3936069977610052,False
2024-03-27,171.44100952148438,171.72789059246503,168.27552158079686,168.5722893771007,60273300,0.021212627723632416,0.020990771882213387,2.0137358157795546,0.05026974092325287,0.25112202402919703,2024,17.914399794160158,False,1.0037510490590642,False
2024-03-28,169.63072204589844,170.37263389978352,168.67118150733492,169.89781453968297,65672700,-0.01055924414256948,-0.010615388539008128,1.0030331604602996,0.08958195419862536,0.25283215684333854,2024,18.00019388721323,False,-0.58837207914707,False
2024-04-01,168.19639587402344,169.40324060587884,167.6523240532299,169.3438900607447,46240500,-0.008455580183682199,-0.008491531404202847,1.040995286225004,-0.2958946411522596,0.2534179748071609,2024,17.649366617044787,False,-0.4829551853290822,False
2024-04-02,167.0192108154297,167.51381877100314,166.41578850586058,167.25662806803024,49329500,-0.006998872077350837,-0.007023479063844043,0.6574275257209692,0.06680291086817824,0.23925418671745735,2024,17.71403285761041,False,-0.4099579544167075,False
2024-04-03,167.82046508789062,168.83935621904524,166.76201196368757,166.96973884210524,47691700,0.0047973779096968094,0.0047859071639981595,1.2378372651212295,-0.03320122847383411,0.21766568989370097,2024,17.68026795749322,False,0.18116498947438586,False
2024-04-04,166.99942016601562,170.06598011820813,166.99942016601562,168.45355351894443,53704400,-0.004892400467636726,-0.0049044074367469,1.83626982006525,0.12607434836669684,0.2173461638110995,2024,17.799005511428202,False,-0.3044003661556555,False
2024-04-05,167.75123596191406,168.5524984345705,167.12802510796487,167.7611226870966,42104800,0.00450190662429284,0.004491803353970396,0.8491581706909423,-0.2159897513052934,0.21793252854290615,2024,17.55567233015552,False,0.16635860132094238,False
2024-04-08,166.6334228515625,167.37533481002382,166.4256959559663,167.20716991074772,37425500,-0.006663516390456592,-0.006685816736822117,0.5698969857346483,-0.1111345974805723,0.2158696644299129,2024,17.43786287495391,False,-0.3931529154335382,False
2024-04-09,167.84027099609375,168.24585316442327,166.53451377109624,166.88073030235694,42373800,0.007242533483851732,0.007216432288304751,1.019623826374096,0.13221733844571215,0.21298047274616252,2024,17.562040828279326,False,0.30369440033404194,False
2024-04-10,165.9706573486328,167.26652787853376,165.30788444762385,166.9796618833238,49709300,-0.01113924349838813,-0.01120174948430704,1.180114281764668,0.17311404688746346,0.21554535388187587,2024,17.72170261641496,False,-0.6174364790235486,False
2024-04-11,173.15234375,173.5678277091418,166.34654865134516,166.5246002673459,91070300,0.04327081977075964,0.042360796936221315,4.170477223353574,0.8320575827863197,0.261965524692187,2024,18.327142304688422,True,2.109111094338705,False
2024-04-12,174.6460723876953,176.43655077441642,172.33131077483722,172.38075949507746,101670900,0.008626672936359325,0.008589675815827856,2.3506053949303887,0.1164001875474221,0.260965099558209,2024,18.437251694216602,False,0.3730551369088415,False
2024-04-15,170.82769775390625,174.72521085075485,170.63974431610336,173.46890241983837,73531800,-0.02186350131775472,-0.022106049481445244,2.391571500622221,-0.2767665084109613,0.27348411573826414,2024,18.1132285372765,False,-1.1548407269999568,False
2024-04-16,167.5533905029297,171.88614579113815,166.45536027289515,169.8978273072319,73711200,-0.019167308896789748,-0.019353383296103838,3.2412268721879673,0.002439760756570708,0.28071652593133367,2024,18.115665326615694,False,-1.0197315861350507,False
2024-04-17,166.1882781982422,168.80969440593617,166.1882781982422,167.78091646807815,50901200,-0.008147327252465475,-0.00818069810223391,1.5773773193359375,-0.3094509382563301,0.2761079245206771,2024,17.745397076527258,False,-0.4675082949729129,False
2024-04-18,165.23863220214844,166.8213838226369,164.7539260277304,166.21796146542746,43122900,-0.0057142778443191045,-0.005730666793788755,1.2511951759424185,-0.152811721531123,0.26889077062219313,2024,17.579564759667488,False,-0.34558553728677105,False
2024-04-19,163.22059631347656,164.60549230510932,162.31051964837013,164.4175539945718,68149400,-0.01221285762159463,-0.012288047382269272,1.4060557972301089,0.5803528983440354,0.23081860043284924,2024,18.037212926633117,False,-0.6712364528974253,False
2024-04-22,164.0515594482422,165.45624419964858,162.99310629576294,163.73501821268977,48116400,0.005091043370345938,0.005078127826229595,1.5014413225756327,-0.29395710013587795,0.2307298480760586,2024,17.689133654087478,False,0.19588088578114876,False
2024-04-23,165.10012817382812,165.24851961582092,163.14148491226467,163.56685559955991,49537800,0.0063917022740449525,0.006371361971826747,1.276216273640823,0.02954086340623996,0.2311989256159128,2024,17.718246592667263,False,0.2610583210675258,False
2024-04-24,167.197265625,167.4742448528629,164.41757152765254,164.7439994721628,48251800,0.012702215766688507,0.012622219333059393,1.8281838006047646,-0.025959973999652775,0.23520925110436885,2024,17.691943711477524,False,0.5772850301769294,False
2024-04-25,168.05789184570312,168.77012851479734,166.33665071301928,167.70177351115603,50558300,0.0051473701886572965,0.005134167764523657,1.4479997190564975,0.04780132554640448,0.22265819058828396,2024,17.73863770359902,False,0.19870348403879745,False
2024-04-26,167.4742431640625,169.49223681731962,167.35552700029277,168.04799015720317,44838400,-0.003472902552987378,-0.0034789470778134883,1.2758438412130475,-0.11313473752084224,0.21999429600530343,2024,17.61857549540751,False,-0.23326777850482366,False
2024-04-29,171.6289520263672,174.1316669492416,171.2332717193323,171.50034913417457,68169400,0.02480804680057358,0.024505323638816134,1.6887565854646915,0.5203352483585497,0.23503977801061607,2024,18.037506356443973,False,1.1839214177454933,False
2024-04-30,168.49313354492188,173.10288291918897,168.16669051085722,171.46078102452523,65934800,-0.018270917840036427,-0.018439892438084287,2.9296104265374785,-0.03278010368288409,0.2435544549889419,2024,18.004176948095473,False,-0.9748124532811793,False
2024-05-01,167.4742431640625,170.84747276952126,167.28628974114312,167.75122238913238,50383100,-0.006047073607232334,-0.006065431200731705,2.1264064020217743,-0.23586482403829234,0.24403133132227217,2024,17.735166379197736,False,-0.36226229568912377,False
2024-05-02,171.1640167236328,171.5498103000238,169.04709541575278,170.64962025703286,94214900,0.02203188675380785,0.021792691640983648,1.4621734942759592,0.8699702876559798,0.2552091228215892,2024,18.361088911750084,False,1.0448050119929129,False
2024-05-03,181.4024200439453,184.98337684032407,180.69018337477516,184.637145231003,163224100,0.05981633006920939,0.058095619590771364,2.3666682420823664,0.732465883846398,0.3255332156484119,2024,18.91063466728708,True,2.938224648776682,False
2024-05-06,179.7504425048828,182.2135806366563,178.47434543693257,180.383540128798,78569700,-0.009106700663984002,-0.009148420140151206,2.080236992808606,-0.5186390980253528,0.3267117411553494,2024,18.179496699621026,False,-0.5155835422701778,False
2024-05-07,180.43296813964844,182.9060078076493,179.36462828599997,181.47164781905605,77305800,0.003797073460595657,0.0037898827737924148,1.9627120022259101,-0.016086353899785744,0.32646123524336285,2024,18.163279556020033,False,0.13103864327205156,False
2024-05-08,180.7693023681641,181.09574539643793,179.49320552179933,180.878116710922,45057100,0.0018640397704667855,0.001862304604278417,0.8865110688842475,-0.417157574205299,0.3218570370520871,2024,17.623441154458394,False,0.034172218195922276,False
2024-05-09,182.57958984375,182.66861565405213,180.14611203583203,180.5912561815798,48983000,0.010014352281445316,0.009964540931853264,1.381591239403504,0.08713166182466248,0.289970474155001,2024,17.706983877517455,False,0.4425932613589657,False
2024-05-10,181.32159423828125,183.34232534295325,180.41028294678512,183.1541169572085,50759500,-0.006890121763036827,-0.006913968251925251,1.6170398283146716,0.036267684706939196,0.2909794260057107,2024,17.742609370186884,False,-0.4045083576366321,False
2024-05-13,184.5210723876953,185.3333368917867,182.87674310968825,183.6890076137796,72044800,0.017645323287911907,0.01749145200643878,1.3313350883507375,0.4193362818782691,0.28148831335774877,2024,18.09279871958282,False,0.8249895356870821,False
2024-05-14,185.6602020263672,186.52199740854093,184.53096697721375,185.73944844741243,52393600,0.006173439293038818,0.006154461681392541,1.0724056149871106,-0.27276361375144353,0.26782478441406665,2024,17.77429502351361,False,0.25012092519879997,False
2024-05-15,187.9285888671875,188.849800179078,185.6007724639543,186.13568203158255,70400000,0.012217948790652189,0.012143912095327239,1.728862933898695,0.3436755634275943,0.26411800888892595,2024,18.069703835332817,False,0.5530178841925579,False
2024-05-16,188.0474548339844,189.29556710780693,187.86916171755817,188.67151097089564,52845200,0.0006325060360077295,0.0006323060883725513,0.7585348025624948,-0.2493579545454545,0.2612731745506649,2024,17.782877461994847,False,-0.02754127951851784,False
2024-05-17,188.07716369628903,189.0082902438942,187.3936765447615,187.72056236134895,41282900,0.000157985984606146,0.0001579735061347451,0.8584847130829931,-0.21879565220682295,0.253029900770257,2024,17.53595895283112,False,-0.05131999648601576,False
2024-05-20,189.23611450195312,190.10781001398533,187.22528381236825,187.5422694948197,44361300,0.006162102739573294,0.0061431946205780285,1.5232431764959597,0.07456840483590055,0.25294595227610916,2024,17.60787804824,False,0.24955283814863763,False
2024-05-21,190.5337829589844,190.91018461353585,189.11727756366656,189.28567056183377,42309400,0.00685740383354716,0.006833998777570948,0.940991682433156,-0.04625428019467415,0.2529326190301356,2024,17.560519865186436,False,0.2843951337944419,False
2024-05-22,189.09744262695312,190.9993265483893,188.47340160760692,190.45451683728567,34648500,-0.007538507396037342,-0.007567065557385057,1.3357795355093502,-0.18106850959833987,0.25726942302871186,2024,17.360765021481132,False,-0.4369996683986788,False
2024-05-23,185.11541748046875,189.19651013997455,184.8677780692908,189.1766947549615,51005900,-0.021058059226850667,-0.021282942834169104,2.3383962986985996,0.4720954731085041,0.2751282774696972,2024,17.747451889877542,False,-1.1144791459524392,False
2024-05-24,188.1861267089844,188.7804673088457,186.26444256610336,187.0370913918068,36327000,0.016588079319971527,0.016451999933950412,1.336987368167247,-0.28778827547401375,0.27623550516460793,2024,17.40807185193235,False,0.7720098881358494,False
2024-05-28,188.1960296630859,191.1776023727862,187.3144340702039,189.70166621887228,52280100,5.2623188939060483e-05,5.262180438762622e-05,2.052736345978315,0.4391526963415642,0.2678180911725692,2024,17.772126378623554,False,-0.05659984101454896,False
2024-05-29,188.49319458007812,190.4346940804733,187.72056087959157,187.81962268312432,53068000,0.0015790179926973291,0.0015777726545552324,1.439910447126867,0.015070743935072795,0.25404214082137877,2024,17.78708468686269,False,0.01988946625923483,False
2024-05-30,189.4837646484375,190.3653603450464,188.83000809203267,188.9587703074631,49889100,0.005255203353978555,0.005241442960888584,0.8102816913429959,-0.05990238938720127,0.25029372537016503,2024,17.72531312003165,False,0.2041071214832215,False
2024-05-31,190.43470764160156,190.7516933437122,188.1168063750808,189.63235836586057,75158300,0.0050185987961999245,0.005006047604675813,1.3836169893936767,0.5065074334874753,0.2433979645629739,2024,18.135107127144938,False,0.1922506092114636,False
2024-06-03,192.19789123535156,193.14883318833753,190.7021546904014,191.07855630297723,50080500,0.009258730278664862,0.00921613097722523,1.272999657909942,-0.3336664081013009,0.14469510621347859,2024,17.729142288699688,False,0.4047282192275335,False
2024-06-04,192.51486206054688,193.47570407411885,191.207318865485,192.80211709386347,47471400,0.0016491899216894979,0.0016478315013143125,1.1782909560096333,-0.05209812202354214,0.13768655704021293,2024,17.67563800346886,False,0.02340585810324569,False
2024-06-05,194.02052307128903,195.04079624688396,193.02996541617088,193.5549597642067,54156800,0.007821011815018375,0.007790586238345328,1.0364010976169955,0.14083005767683288,0.1385547920285906,2024,17.807394119092677,False,0.3326825800074041,False
2024-06-06,192.6436462402344,194.64457691185424,192.33657578915964,193.8422276391208,41181800,-0.007096552515471366,-0.007121852811917286,1.1980676070761425,-0.23958210233987232,0.1436515451991545,2024,17.533506993430308,False,-0.41485282763538117,False
2024-06-07,195.0308837890625,195.08041469163095,192.30685040959915,192.81202934049512,53103900,0.012391986942829725,0.01231583474525058,1.4221154250788168,0.2894992448120286,0.1453565358909505,2024,17.78776094867381,False,0.5617391256868898,False
2024-06-10,191.2964782714844,195.4370168860641,190.3356361933404,195.04078477848907,97010200,-0.019147764933563405,-0.01933345760572791,2.6667405165106643,0.826799914883841,0.16259290014180944,2024,18.390326695886664,False,-1.018752216836304,False
2024-06-11,205.1940155029297,205.2039307530545,191.80168667352532,191.82148694435384,172373300,0.07264920586631063,0.07013148183265622,6.531498516991503,0.7768574850891967,0.28641919306997315,2024,18.96517303761147,True,3.5812940418550343,True
2024-06-12,211.05813598632812,218.12080209568063,204.94638168818943,205.41194501546696,198134300,0.028578418668914418,0.028177672871715347,6.24208128529317,0.14944889956855256,0.29772602301924445,2024,19.104455646604343,False,1.3728588614945647,False
2024-06-13,212.2170867919922,214.70338117421304,209.6020150722442,212.71236564129833,97862700,0.005491144893552624,0.005476123522027066,2.403843243295964,-0.5060789575555571,0.2969628638957671,2024,18.399076044098358,False,0.215930409190108,False
2024-06-14,210.48361206054688,213.13829945342,209.30484597389383,211.8307711431916,70122700,-0.008168403202822194,-0.008201947401511108,1.8212598320592486,-0.2834583554306186,0.30074291055619423,2024,18.06575713695599,False,-0.4685644338165154,False
2024-06-17,214.6241149902344,216.88258512602053,210.7114154637887,211.35527186274084,93728300,0.019671379111911413,0.01948039804464694,2.875338431803254,0.3366327879559685,0.30387987009844,2024,18.355910740024722,False,0.9265174012787157,False
2024-06-18,212.26658630371097,216.5656178731208,210.98877362098577,215.5354294813442,79943300,-0.010984453851472842,-0.011045228424801042,2.627283148632581,-0.14707404273842584,0.3102815485652183,2024,18.196828203865003,False,-0.6096798011073553,False
2024-06-20,207.7001037597656,212.21705896960657,206.87795427864972,211.90997342693947,86172500,-0.02151295982784429,-0.02174773682016947,2.570583545366097,0.07792022596014925,0.3251770898294107,2024,18.271861670817042,False,-1.1372747108762442,False
2024-06-21,205.53079223632812,209.88923942625428,205.15437552925596,208.40340309586463,241805100,-0.010444441211962974,-0.010499367170109467,2.303724831437408,1.8060587774522032,0.32676072398819245,2024,19.303642591869515,False,-0.5826191791676735,False
2024-06-24,206.17465209960935,210.69159220230495,204.63928484253907,205.75861973380415,80727000,0.00313266861999395,0.00312777203723487,2.9355244682754793,-0.6661484807392399,0.31273215654856756,2024,18.206583662161417,False,0.09774459255735751,False
2024-06-25,207.09588623046875,209.38407188516825,206.64022308060072,207.1751175381149,55549700,0.0044682220703557984,0.004458269202855781,1.3249170973459194,-0.31188202212394867,0.3099897546317246,2024,17.832788691497175,False,0.16467063160948447,False
2024-06-26,211.2364044189453,212.8312027309874,208.65104852463384,209.5029286499739,66213200,0.019993242086270735,0.01979600186861469,1.9788985794622127,0.19196323292475026,0.3138875349763722,2024,18.008390411903665,False,0.9426463057307011,False
2024-06-27,212.07839965820312,213.70291360533915,210.3449237645947,212.6628250462321,49772700,0.003986032812733686,0.003978109631669162,1.5833719257389498,-0.2482964121957555,0.3135773501792309,2024,17.722977219002537,False,0.14050760235940823,False
2024-06-28,208.6312561035156,214.0298076128335,208.3142855019514,213.73263728250333,82542700,-0.016254100182965914,-0.016387647170738085,2.739533000772557,0.6583930548272448,0.3234193230577601,2024,18.228826305281295,False,-0.8737475223032763,False
2024-07-01,214.7033538818359,215.45617219578955,209.9189589919497,210.0873519655429,60402900,0.029104449121025056,0.02868895716319106,2.5790063842632445,-0.2682223867162087,0.3343475254525669,2024,17.916547691552974,False,1.3992188207841207,False
2024-07-02,218.19012451171875,218.29908645117231,213.0689435868198,214.1090169642201,58046200,0.016239944867381118,0.016109487481493424,2.3970575552201936,-0.03901633861950338,0.3361183749292585,2024,17.87674982038353,False,0.7545644912757357,False
2024-07-03,219.4580535888672,219.4580535888672,216.9618440422543,217.9226861859784,37369800,0.005811120370300404,0.00579430093869223,1.137442671067007,-0.35620591873369833,0.3356722733520327,2024,17.43637347632038,False,0.23196472907954627,False
2024-07-05,224.2028045654297,224.3117665065084,219.5570869821695,219.5570869821695,60412400,0.02162030920702196,0.02138990534186311,2.1207047492357933,0.6166102039614876,0.33978506062592606,2024,17.916704956400427,False,1.0241804125343825,False
2024-07-08,225.66883850097656,225.69855401964364,221.14198303770857,224.9457205741863,59085900,0.006538874205380685,0.006517588506728285,2.0191405300804743,-0.02195741271659457,0.33556757075526716,2024,17.894502892156215,False,0.2684332669532809,False
2024-07-09,226.5207061767578,227.23390886254344,224.23252052432463,225.77778797195697,48076100,0.0037748573593050505,0.0037677504646577275,1.3249951357103682,-0.18633548782366016,0.33545127001161884,2024,17.688295750892944,False,0.12992537022247178,False
2024-07-10,230.78012084960935,230.87918266211804,227.08534498663496,227.1348758928893,62627700,0.01880364380255739,0.018629040679938803,1.6439187489443148,0.3026784618552669,0.3219950616544018,2024,17.95271824617976,False,0.8830342391596687,False
2024-07-11,225.4212188720703,230.19569903805672,223.63821202212716,229.2051413563895,64710600,-0.023220812771093224,-0.0234946635083553,2.9089927952394836,0.033258446342433245,0.2515073104640569,2024,17.98543559458111,False,-1.2228570832958583,False
2024-07-12,228.3631591796875,230.44333633793113,226.52072130415215,226.75846058686048,53046500,0.013050857955331896,0.012966429292909126,1.7177092171388613,-0.18025022175655925,0.2381143379703669,2024,17.786679464204358,False,0.5947558702440527,False
2024-07-15,232.1867218017578,234.99000194235265,230.88909361652625,234.2470836578572,62631300,0.016743342646883486,0.01660471810427558,1.7662113896968545,0.1806867559593941,0.24230622160466248,2024,17.952775727078436,False,0.779790302672952,False
2024-07-16,232.60275268554688,234.0390582431099,230.1362587163494,232.781045805997,43234300,0.001791794468523733,0.0017901911197769228,1.6778819174322737,-0.3097013793422777,0.23791703218301583,2024,17.58214474278905,False,0.030551927373519448,False
2024-07-17,226.7188262939453,229.27446669281912,224.49997184852455,227.28343626123907,57345900,-0.025296030780667444,-0.025621475400077948,2.1059101806147944,0.32639825323874794,0.2547675145334977,2024,17.864611925576416,False,-1.3268485195897874,False
2024-07-18,222.0632171630859,228.26411801705945,220.17126344980832,228.10562515807683,66034600,-0.020534726678689275,-0.020748495700956146,3.644392200851361,0.15151388329418491,0.2638964079856654,2024,18.005689420191466,False,-1.0882543815702956,False
2024-07-19,222.1919708251953,224.65846466815103,221.17169771561296,222.6971648700337,49151500,0.0005798063441315726,0.0005796383213771939,1.5692587538553318,-0.25567051212546155,0.24840704828593366,2024,17.710417943256957,False,-0.030182118517198986,False
2024-07-22,221.8452911376953,225.62921338494564,220.98349573063444,224.86647978572935,48201800,-0.0015602709954480876,-0.001561489485852798,2.0941249780360165,-0.019321892515996475,0.2437699645923006,2024,17.690906943467997,False,-0.13742372652957402,False
2024-07-23,222.88536071777344,224.7971447504236,220.57735968997056,222.25140445670337,39960300,0.00468826529850741,0.004677309611519575,1.8932535752297788,-0.17097909206710127,0.24377372326248586,2024,17.50339704424879,False,0.1756972376030079,False
2024-07-24,216.4764862060547,222.67738745667293,215.07981125172523,221.88493822578135,61777600,-0.028754129437123188,-0.029175628982031947,3.5096542530332333,0.5459743795717249,0.27051472214872735,2024,17.939051413363753,False,-1.5001376123365888,False
2024-07-25,215.43637084960935,218.7646448818125,212.59346035218633,216.86276105080304,51391200,-0.0048047498122050225,-0.00481632972987863,2.864504496287733,-0.1681256636709746,0.2633110155023023,2024,17.754977529000836,False,-0.3000080962792403,False
2024-07-26,215.9019470214844,217.417498981548,213.9703475571551,216.6349499920164,41601300,0.0021610843611921116,0.002158752577234271,1.5966282249644896,-0.19049759491897444,0.2631157881413851,2024,17.54364199878093,False,0.04905744639380537,False
2024-07-29,216.1792907714844,217.22927938341869,213.7127969665886,214.91137828370984,36311800,0.0012845819772639988,0.0012837576077404757,1.6266509175234725,-0.12714746894928763,0.2550764656246236,2024,17.407653342821423,False,0.005134956612387805,False
2024-07-30,216.73399353027344,218.24954536257857,214.0792914541732,217.12031036763145,41643800,0.0025659384708380806,0.0025626520713188648,1.9241346687144782,0.14683931944987583,0.23454985093954142,2024,17.544663079965805,False,0.06934512708920483,False
2024-07-31,219.98301696777344,221.70659250258416,218.54671157945197,219.349060756356,50036300,0.014990834545971499,0.014879582449010957,1.436420395850422,0.20153059999327638,0.23350048859284284,2024,17.728259319967393,False,0.6919702116320229,False
2024-08-01,216.2981719970703,222.36038006072013,214.97082835556836,222.25141811315143,62501000,-0.016750588393116495,-0.01689246608699164,3.4163727029796,0.24911314385755934,0.24034728312532955,2024,17.950693130578376,False,-0.898627087649355,False
2024-08-02,217.7840118408203,223.46981835778237,215.6543188775265,217.0807092384795,105568600,0.006869405460209421,0.00684591859371186,3.588647033450866,0.6890705748708021,0.22781594876264313,2024,18.474871546007275,False,0.28499654838737337,False
2024-08-05,207.29400634765625,211.4840610296135,194.1493019288255,197.21012147966275,119548600,-0.04816701375136423,-0.04936569419400101,8.362402467013732,0.13242574022957587,0.28184160815667425,2024,18.59923354958349,True,-2.4729384039314986,False
2024-08-06,205.2732696533203,208.0072186015693,199.17144565753833,203.36150053141452,69660500,-0.009748167493791038,-0.00979599193276097,4.304395286806425,-0.4173039249309486,0.280836737692482,2024,18.059144014952064,False,-0.5477281442632155,False
2024-08-07,207.8388214111328,211.6227439207339,204.4412006806638,204.94637966039352,63516400,0.012498226204246565,0.01242076809998215,3.4553425540573413,-0.08820063019932389,0.2747289889390257,2024,17.966808713978054,False,0.5670628908694261,False
2024-08-08,211.2958526611328,212.17744837655164,206.8581585633277,211.097744151489,47161100,0.01663323159036545,0.01649641445012635,2.5174605872434204,-0.25749727629399655,0.27614672900188664,2024,17.66907997941691,False,0.7742725176179245,False
2024-08-09,214.1981964111328,214.7330909034816,209.9685109200368,210.09728825409005,42201600,0.013735923887983947,0.013642441160440786,2.224379132632682,-0.10516082110044078,0.27668268831670934,2024,17.557968716675223,False,0.629085270800452,False
2024-08-12,215.7254180908203,217.6889882123591,213.81143620679725,214.27753840147545,38028100,0.00712994649476939,0.007104648603491133,1.7974479038577666,-0.09889435471640884,0.2696279006160775,2024,17.453835944395262,False,0.2980525435996337,False
2024-08-13,219.4344024658203,220.04925425523973,217.19314118814535,217.19314118814535,44155300,0.01719308001729547,0.017046951571094076,1.3015794401423724,0.16112295907499985,0.27900645673069907,2024,17.603223545756833,False,0.8023271324847715,False
2024-08-14,219.88064575195312,221.1797757696837,217.8773991282609,218.7401920302427,41960600,0.002033606768666596,0.0020315417895182732,1.5018950986473818,-0.04970411253009266,0.26612584899810265,2024,17.552241664554714,False,0.04266940529120309,False
2024-08-15,222.8557891845703,223.4805677293667,220.91204211865187,222.73678951211636,46414000,0.013530719915992195,0.013439997171812294,1.1525505440594874,0.10613289609776788,0.2610029292703619,2024,17.653111717370063,False,0.618802276106791,False
2024-08-16,224.1747283935547,224.94825642777528,221.79462933024135,222.0623936904576,44340200,0.005918352912483771,0.00590090825713047,1.4067719051710017,-0.04468048433662253,0.26179377906058204,2024,17.607402295295074,False,0.23733826864389573,False
2024-08-19,224.0160675048828,224.115243980586,221.1897044016044,223.84747960195193,40687800,-0.0007077554629322247,-0.0007080060400684138,1.3059507791412535,-0.08237220400449252,0.2617245739748146,2024,17.52143887575516,False,-0.09470324401631847,False
2024-08-20,224.63092041015625,225.28544883578485,223.5797163441377,223.8970689622142,30299000,0.002744682165532808,0.002740922403434676,0.7593489304734349,-0.2553296074007442,0.26140343342106104,2024,17.226625299639036,False,0.07830216844776648,False
2024-08-21,224.5218048095703,226.0886991217363,223.1830133382552,224.64081959285892,34765500,-0.00048575503491110616,-0.00048587305210792274,1.2941664111178846,0.14741410607610805,0.2370703759818402,2024,17.36413610245701,False,-0.08357856060413094,False
2024-08-22,222.6673583984375,226.44574924370923,222.04257986640772,225.9003088690964,43695300,-0.008259538144661183,-0.008293837122890854,1.9774651340779579,0.25685809207403887,0.23867829020394557,2024,17.592751125680085,False,-0.4731313050824142,False
2024-08-23,224.9581756591797,226.32673228874265,222.46900358067504,223.78797197411373,38677300,0.010288069509690079,0.01023550752276281,1.7148648617742255,-0.11484072657700028,0.24062030111211027,2024,17.47076344845192,False,0.4563095299978478,False
2024-08-26,225.2953643798828,225.39454085782168,222.0326640536948,224.87885041051024,30602200,0.001498895160022995,0.0014977729379281764,1.4922086006431314,-0.20878137822443654,0.24061240791955768,2024,17.236582492440483,False,0.015874423785961534,False
2024-08-27,226.1383056640625,226.95151036486345,223.02435510684415,224.1251473651203,35934600,0.003741494133711276,0.0037345121544720764,1.7366165570609888,0.17424891020906985,0.24068048734196199,2024,17.39721120544193,False,0.12825350262451912,False
2024-08-28,224.611083984375,227.95312221094204,223.80779089178384,226.02921369079436,38052200,-0.006753485108163204,-0.00677639308609722,1.8455595537068739,0.05892927707557627,0.23771550428496235,2024,17.45446948553988,False,-0.39766134593706554,False
2024-08-29,227.8837127685547,230.98775191089825,226.9812734022471,228.1911537968638,51906300,0.014570201639770186,0.014465076154571611,1.7581241151359739,0.3640814460136339,0.23233838169930313,2024,17.764950747317997,False,0.6708918382435137,False
2024-08-30,227.1002655029297,228.4886453526855,225.59287085733376,228.28039594132483,52990800,-0.003437925668784869,-0.0034438489149200605,1.2751083707184718,0.020893417562030114,0.2327202283898387,2024,17.785628890414333,False,-0.23151504871521877,False
2024-09-03,220.92193603515625,227.10024860517055,219.33520335446548,226.65398476754012,50190600,-0.027205293899992045,-0.02758220970526388,3.51483668397211,-0.05284313503476079,0.17436223966926032,2024,17.731338336056336,False,-1.4225237754547504,False
2024-09-04,219.0178680419922,219.94014563997789,215.67581475954933,219.82114598403248,43840200,-0.008618736678376093,-0.008656092785851702,1.9470241942136708,-0.1265256840922404,0.1732803959012482,2024,17.59606178544754,False,-0.49113113510670686,False
2024-09-05,220.53518676757812,223.6094607351492,219.6823205428289,219.79140861107143,36615400,0.006927830770843801,0.006903943611920862,1.780731796082554,-0.16479851825493497,0.17048794667187844,2024,17.415979502213048,False,0.2879243043825301,False
2024-09-06,218.9881134033203,223.37144384512357,217.9468210396507,222.0921370424939,48423000,-0.007015086285928063,-0.007039807686742341,2.477131165325897,0.3224763350939768,0.16612562635388006,2024,17.69548548607487,False,-0.4107704660808006,False
2024-09-09,219.077392578125,219.4344067184307,214.91223769602945,218.98814282610013,67180000,0.00040768959290615747,0.0004076065100846429,2.0641878968815077,0.38735724758895573,0.16013420227282485,2024,18.022886157033803,False,-0.038807076515635086,False
2024-09-10,218.2840118408203,219.6426417511051,214.9320468059923,217.10388142289187,51591000,-0.003621463301019312,-0.0036280366741914686,2.1580118971553075,-0.23204822863947605,0.15934960884769145,2024,17.75885781601767,False,-0.24071231950893296,False
2024-09-11,220.81288146972656,221.23930705217748,216.08244775598524,219.62283934479092,44587100,0.011585226089533274,0.011518631208739706,2.3353978544495573,-0.13575817487546282,0.15285276846159845,2024,17.61295515991286,False,0.5213114600185357,False
2024-09-12,220.92193603515625,221.6954640556368,217.99641184157417,220.65417167969628,37455600,0.0004938777335081745,0.0004937558160402438,1.6743707213728076,-0.15994536536352444,0.1527208808265839,2024,17.43866681615716,False,-0.03448809485136849,False
2024-09-13,220.6541748046875,222.18139254741288,220.06907298412548,221.72521710949164,36766600,-0.001212017399784826,-0.001212752486892456,0.9572987074262811,-0.01839511314729969,0.14455738928938192,2024,17.42010040951595,False,-0.11997235928022258,False
2024-09-16,214.5254669189453,215.4179946756504,212.14536768072225,214.74362792854853,59357400,-0.027775173033399603,-0.028168197804639156,1.5255191105886978,0.6144381041488742,0.17245368456519014,2024,17.899087372172144,False,-1.451081039955915,False
2024-09-17,214.99156188964844,215.10064996456288,212.72056577105593,213.96019610771708,45519300,0.0021726789709271,0.0021703221171454705,1.1070593527426917,-0.2331318420281212,0.17308543308208266,2024,17.633646991776924,False,0.04963846492489281,False
2024-09-18,218.85919189453125,220.8624385201308,215.7353147340035,215.745241460142,59894900,0.017989682808425833,0.017829783311183966,2.3426586481220637,0.3158132923836703,0.18640604411143444,2024,17.90810193425364,False,0.8422457665864463,False
2024-09-19,226.97132873535156,227.913459803403,222.7665127356472,223.12352684243388,66781300,0.037065552379127675,0.03639514072985698,2.2676639804832406,0.11497473073667375,0.2295295138275153,2024,18.016933674170815,False,1.798158382061459,False
2024-09-20,226.3068695068359,231.15630188440372,225.7316793208168,228.0621899769112,318679900,-0.002927502923906311,-0.00293179644216334,2.3970207247390096,3.7719930579368777,0.22757245461788134,2024,19.579697711819932,False,-0.20593720864630882,False
2024-09-23,224.59124755859375,227.54652178723228,223.9367191660146,225.4540253555904,54146000,-0.007580953914394284,-0.007609835404271093,1.6072766238479166,-0.8300928298270459,0.22658400852676344,2024,17.807194678268687,False,-0.4391267096971112,False
2024-09-24,225.48377990722656,227.4473651253421,223.85738561877668,226.75316007712863,43556100,0.003974029969266546,0.003966154370516554,1.5921231709183163,-0.1955804676245706,0.2269812715801775,2024,17.58956034329929,False,0.13990612679105807,False
2024-09-25,224.4920654296875,225.40443143928672,222.1615697374452,223.06400902085235,42308700,-0.004398163264546562,-0.0044078636375960685,1.4445328816564373,-0.028638927727689167,0.22706447731778776,2024,17.560503320263223,False,-0.2796336012268056,False
2024-09-26,225.6325225830078,226.604388370512,223.54002631267903,225.41434646896755,36636700,0.00508016686976176,0.005067306359352667,1.3581207277889737,-0.13406226142613697,0.22652053931675764,2024,17.416561055506914,False,0.19533585248229432,False
2024-09-27,225.9002685546875,227.6159275297645,225.4143432340109,226.5647236129495,34026000,0.0011866461829819208,0.0011859426748885903,0.9745824163199834,-0.071259147248524,0.22026806473838853,2024,17.34263552561351,False,0.0002272872181396062,False
2024-09-30,231.06707763671875,231.06707763671875,227.74486252768645,228.13162655878588,54541900,0.022872080299366493,0.02261443545524081,1.4377708598779493,0.6029477458414154,0.2345111727701376,2024,17.814479789926473,False,1.0869080263096875,False
2024-10-01,224.33343505859375,227.74488511973175,221.88392424124012,227.61597385138083,63285000,-0.02914150577829855,-0.02957455331723945,2.6126113911467534,0.16030061292327558,0.23780027387166083,2024,17.963158908010218,False,-1.5195494630044508,False
2024-10-02,224.8986968994141,225.4837987967651,221.16989422947793,224.01608068964856,32880600,0.0025197396040081976,0.0025165703827972896,1.9181545410272192,-0.48043612230386346,0.23522186502468362,2024,17.30839340657401,False,0.06703005151901102,False
2024-10-03,223.79788208007812,224.928424248049,221.46738631978812,223.27228007150777,34044200,-0.004894714084663243,-0.00490673243126727,1.5465016451864675,0.0353886486256334,0.23524248535140382,2024,17.343170267685633,False,-0.30451630402652574,False
2024-10-04,224.9185028076172,226.1085447535635,222.27065455992025,226.00936828631615,37245100,0.005007289242970003,0.00499479446281596,1.706347030473513,0.09402188919111043,0.23384214268925693,2024,17.43303097736223,False,0.1916838751725356,False
2024-10-07,219.8509063720703,223.81772316941647,219.49389225502097,222.63759275105315,39505400,-0.02253081170419058,-0.022788508544414162,1.9667105247580623,0.060687177642159584,0.24906418614120188,2024,17.4919479547013,False,-1.1882803777832303,False
2024-10-08,223.8970489501953,224.10529834651464,221.39795026893304,222.4392426471427,31855700,0.018404029552998136,0.018236725002051653,1.2091932833754475,-0.19363681927027698,0.25661290240689955,2024,17.276726919255125,False,0.8630091335642744,False
2024-10-09,227.6357879638672,227.84405251552317,222.96486939830248,223.36154504729697,33591100,0.016698473835193406,0.01656058720135652,2.1434165343083786,0.05447690680160844,0.2598870138222623,2024,17.329771738663688,False,0.7775418776154754,False
2024-10-10,227.13992309570312,227.59611368544336,225.285441085757,225.89038125247495,28183500,-0.0021783256165448517,-0.0021807016188889632,1.0172903856768463,-0.1609831175519706,0.2602005006961965,2024,17.154247293765575,False,-0.1683951172265638,False
2024-10-11,225.6623077392578,227.5068782710055,225.45404318616428,227.39779019694816,31759200,-0.006505308869998783,-0.006526560607963632,0.9096933845120296,0.1268721060194795,0.26158488066309554,2024,17.273693036596026,False,-0.3852249641488998,False
2024-10-14,229.38116455078125,229.80759005626183,226.703566469934,226.80272780199272,39882100,0.0164797428900727,0.01634542559460191,1.3532164214122502,0.25576525857074484,0.24250268162251634,2024,17.501438184719355,False,0.7665810315549223,False
2024-10-15,231.91000366210935,235.5198058846921,230.44227073800852,231.6719892368544,64751400,0.011024615365784474,0.01096428728475128,2.1894420536000223,0.6235704739720325,0.24394113496089143,2024,17.98606589537548,False,0.4932186456272524,False
2024-10-16,229.8571929931641,230.19436878170097,227.93328446814013,229.6786935047168,34082200,-0.008851755579876497,-0.008891165102973341,0.9836909100460857,-0.47364535747489633,0.24197215933997618,2024,17.34428584117331,False,-0.5028079662342626,False
2024-10-17,230.22413635253903,231.91004568892728,228.6076687095473,231.49351658619665,32993800,0.0015963971133410304,0.0015951242259783643,1.4344182289918932,-0.031934558215138686,0.20609634338246594,2024,17.31183025330017,False,0.020760352936646992,False
2024-10-18,233.0504608154297,234.22066437649204,232.0686683201459,234.22066437649204,46431500,0.01227640380226136,0.012201659859899216,0.9234034761469442,0.40727954949111655,0.20952048785665636,2024,17.65348868770961,False,0.5559471285359333,False
2024-10-21,234.51820373535156,234.88514457730523,232.5050454306036,232.5050454306036,36254500,0.006297961886821968,0.006278212601648164,1.014888869517151,-0.21918309768153088,0.20732770181395357,2024,17.4060740970743,False,0.2563608880936922,False
2024-10-22,233.9033660888672,234.2603802258017,230.67041566655348,231.94970749678197,38846600,-0.002621705422825915,-0.002625148110947136,1.5348067106842218,0.07149733136576142,0.20788660370572434,2024,17.475131140602937,False,-0.19061336257050815,False
2024-10-23,228.8456573486328,233.18932661738793,225.87054472777703,232.13812257917175,52287000,-0.021623069495771197,-0.021860273684962434,3.1981301172174623,0.3459865213429232,0.2234811487038011,2024,17.77225835129714,False,-1.1427924263474567,False
2024-10-24,228.65725708007812,228.9051831435476,226.51517225997247,228.0721400698136,31109500,-0.0008232634638448699,-0.0008236025313176682,1.045237275254338,-0.4050241933941515,0.22302312136743171,2024,17.253023828886615,False,-0.10049147583723013,False
2024-10-25,229.49026489257812,231.2852470135028,227.665532857223,227.83412074973037,38802300,0.0036430412187105077,0.003636421416652952,1.577284403752005,0.2472813770713127,0.22326840896741146,2024,17.473990106958794,False,0.123319919747434,False
2024-10-28,231.46376037597656,232.78272881287972,230.62082086290692,231.38443735420992,36087100,0.008599473639207433,0.008562708787664242,0.9340157381272646,-0.0699752334268845,0.210240810553552,2024,17.401446046432213,False,0.37169215048333776,False
2024-10-29,231.73150634765625,232.38603471678388,230.39271482775456,231.1662428522856,35417200,0.0011567511529440022,0.0011560826318211378,0.8601850997502408,-0.018563420169534273,0.17866748033288957,2024,17.382708164045706,False,-0.0012707853204324546,False
2024-10-30,228.19113159179688,231.53316974412917,227.64569128136463,230.68030356750913,47070900,-0.015277917153604048,-0.015395827016199189,1.703606286382202,0.32904069209310727,0.1885203277585921,2024,17.66716555489797,False,-0.8248299267346414,False
2024-10-31,224.0359039306641,227.92338265648337,223.5003751779276,227.43744214117888,64370100,-0.018209417833844332,-0.018377249820004563,1.9742404681370322,0.367513686800125,0.19959757582178922,2024,17.980159813081475,False,-0.9717306209404347,False
2024-11-01,221.0607757568359,223.4805363045207,218.44267740554844,219.1368672842602,65276700,-0.013279693663516334,-0.013368657279618272,2.278947444079295,0.014084178834583128,0.2041591792111829,2024,17.99414573119117,False,-0.7246967697305134,False
2024-11-04,220.16824340820312,220.94177147156717,217.88733586004025,219.15671602208408,44944500,-0.004037497586702354,-0.004045670285669348,1.3873188813446786,-0.311477142686441,0.1876363242790097,2024,17.620938975469443,False,-0.26156025101111524,False
2024-11-05,221.5962677001953,222.0921197268828,219.30543375805163,219.9599620650078,28111300,0.006486059342103001,0.006465115372978542,1.2575509496402537,-0.37453303518784276,0.1768653411349113,2024,17.151682224273472,False,0.26578665659014095,False
2024-11-06,220.87237548828125,224.19459083458287,219.35506917081855,220.76328741365683,54561100,-0.003266716625811794,-0.0032720639933004206,2.191094134368598,0.9408956540608224,0.16508586172383768,2024,17.814831750914642,False,-0.2229355769666423,False
2024-11-07,225.59288024902344,225.9895710313294,222.70703236030377,222.7665321945981,42137700,0.021372092142833976,0.021146911716193893,1.4550719275369701,-0.22769702223745492,0.18355863424034885,2024,17.55645340861097,False,1.0117419849096787,False
2024-11-08,225.3248291015625,227.01257809039103,224.77878865400953,225.53330763226649,38328800,-0.001188207478733605,-0.0011889139569237583,0.9913640876987619,-0.0903917394637106,0.18214568725679137,2024,17.461712155886524,False,-0.11877921818529273,False
2024-11-11,222.61447143554688,224.07388164377815,219.90414468405433,223.37892800863307,42005600,-0.012028668464201808,-0.012101598319432652,1.8730754262447291,0.09592786625200889,0.17601917505482237,2024,17.553313524499227,False,-0.6620065334679105,False
2024-11-12,222.61447143554688,223.9646735619087,221.75074442821315,222.9321731823864,40398300,0.0,0.0,0.9945126744990398,-0.038263945759613005,0.16992099905996097,2024,17.514298287591618,False,-0.05923684636766966,False
2024-11-13,223.498046875,225.01702229393592,221.15504963584843,222.39604361529624,48566200,0.0039690835629657695,0.00396122753143685,1.7279670726820506,0.2021842503273652,0.16917611990488962,2024,17.698438394256435,False,0.13965825698010909,False
2024-11-14,226.5757293701172,227.2210402122622,223.3789275067786,223.3987876531247,44923900,0.013770511814980235,0.013676559845728855,1.6957300396493098,-0.07499660257545371,0.17725807336766178,2024,17.620480527340796,False,0.6308185095205185,False
2024-11-15,223.3789520263672,225.2851172657963,222.65421566813873,224.7688594461005,47923700,-0.014109089939319919,-0.014209569384126009,1.1777750651041685,0.0667751464142694,0.1763565509349909,2024,17.68512074167731,False,-0.7662587210916366,False
2024-11-18,226.3771820068359,228.08479108540536,223.54770942404784,223.62713486361545,44633700,0.01342216871048274,0.013332889398146388,2.0042133315452757,-0.06865079282275788,0.18248335408292207,2024,17.613999759450028,False,0.6133626568859256,False
2024-11-19,226.63528442382812,228.5017442258817,225.02696106605572,225.34464764897945,36211800,0.0011401432542985646,0.0011394937845905326,1.5332048443647617,-0.18868926394181973,0.18273753110806384,2024,17.404895618146483,False,-0.0021030252229366805,False
2024-11-20,227.35009765625,228.2733899080337,224.2625040209905,226.4168677573381,35169600,0.0031540244681631524,0.0031490609669213216,1.7641892079182664,-0.028780673703047044,0.1667894320950626,2024,17.375692659489594,False,0.09881475738541144,False
2024-11-21,226.87356567382812,228.50174921258224,224.08381355701644,227.2309725554499,42108300,-0.00209602717278079,-0.002098226912081706,1.947311773605825,0.19729254810973118,0.16690101239555843,2024,17.555755452613166,False,-0.16427105251032906,False
2024-11-22,228.21383666992188,229.0577186823492,226.4168797117104,226.4168797117104,38168300,0.005907567909522848,0.005890186650604376,1.157177412716816,-0.09356825138986846,0.16781167604845848,2024,17.457515912334365,False,0.23679782039066827,False
2024-11-25,231.19224548339844,231.56951255942457,228.08480637706975,229.79241557012372,90152800,0.013050956317711693,0.01296652638810849,1.507276411917996,1.361981015659592,0.17157495774201723,2024,18.31701657756908,False,0.594760799290112,False
2024-11-26,233.3664703369141,233.87280565588551,231.64893863936055,231.64893863936055,45986200,0.009404402163098347,0.009360456082633126,0.9529505302601262,-0.4899082446690508,0.17478691715737324,2024,17.64385193119002,False,0.41202799612807683,False
2024-11-27,233.2373809814453,233.99191506726265,232.12545514826604,232.78070364946953,33498400,-0.0005531615372268428,-0.0005533145875136001,0.8002404722359204,-0.27155537965737553,0.1647004637205633,2024,17.327008264312834,False,-0.08695637390327522,False
2024-11-29,235.62008666992188,236.0966241243161,232.2842941914573,233.1182385238603,28481400,0.010215796792307996,0.010163968221484281,1.6179986972840146,-0.14976834714493825,0.1504955871600275,2024,17.164761835713872,False,0.4526878653579144,False
2024-12-02,237.8638153076172,239.0551666028684,235.45133007089743,235.5605381566453,48137100,0.009522654326320268,0.009477599654489327,1.5150839682405353,0.6901240809791653,0.13998613720294129,2024,17.689563768314784,False,0.4179537409132403,False
2024-12-03,240.90174865722656,241.01095673492537,237.17876666593097,238.0822139315433,38861000,0.012771733883443215,0.012690863135458346,1.5907688882936009,-0.19270167916222625,0.1403680153827716,2024,17.475501760717165,False,0.5807686587771141,False
2024-12-04,241.25917053222656,242.35125137710352,239.51185632927692,241.12017980186528,44383900,0.0014836831903140002,0.001482583619884466,1.1769065779190029,0.14211934844702911,0.14055688568759694,2024,17.60838737156068,False,0.01511213540392177,False
2024-12-05,241.2889862060547,242.77817929899135,240.38555390946996,242.2321539506657,40033900,0.00012358358756836552,0.00012357595174590912,0.9916015758291359,-0.09800851209560224,0.1386503293599138,2024,17.505237178131694,False,-0.053043938097647604,False
2024-12-06,241.09039306640625,242.867505033938,240.33587413565135,241.15989600483465,36870600,-0.0008230509927993346,-0.0008233898852309696,1.050075395409605,-0.07901553433465136,0.12473116470107434,2024,17.4229250705928,False,-0.10048082868156062,False
2024-12-09,244.97222900390625,245.4587041321111,240.0082527322972,240.08767817050537,44649200,0.016101163916684147,0.0159729149835866,2.224926238364351,0.21097025814605685,0.1312073646751155,2024,17.61434697038983,False,0.7476100265753373,False
2024-12-10,245.98489379882812,246.42172615122828,243.5723933612922,245.11122909402775,36914800,0.0041337942632906355,0.004125273609467017,1.1583364921044024,-0.17322594805730007,0.11629625938296673,2024,17.42412313969831,False,0.14791208969587089,False
2024-12-11,244.71414184570312,248.9930875652187,244.48578799816377,246.17355228515189,45205800,-0.0051659755747612834,-0.005179365360692464,1.8418631359265154,0.22459826411087147,0.1206175603683708,2024,17.62673597727546,False,-0.31810951295030254,False
2024-12-12,246.1735076904297,246.9478867446912,243.90992066775823,245.11120954102955,32777500,0.005963553367695162,0.005945841764487837,1.2340751470110687,-0.274927111122909,0.12065497071946696,2024,17.305252892864427,False,0.23960331271969212,False
2024-12-13,246.34230041503903,247.4939314395242,244.46591792091505,246.0345362986312,33155300,0.0006856656761848878,0.0006854307148722756,1.2291894301171749,0.011526199374571,0.11677378481211233,2024,17.316713171314248,False,-0.024877392009163876,False
2024-12-16,249.2313232421875,249.56888515433104,245.86574781090837,246.2033097230519,51694800,0.011727676579625257,0.011659440364001286,1.4858234090520754,0.5591715351693394,0.09719846780460016,2024,17.760867773493636,False,0.5284498093375447,False
2024-12-17,251.65374755859375,252.00123197197036,247.98040799068028,248.27824960945253,51356400,0.009719582133150606,0.009672650851318463,1.5977604229215348,-0.006546112955268191,0.09409284126659244,2024,17.754300140903144,False,0.4278220079502549,False
2024-12-18,246.26287841796875,252.4479889260113,245.95511429725673,250.3432677271904,56774100,-0.02142177175156046,-0.02165454823027291,2.6365624695308605,0.1054922073977147,0.1338325568505809,2024,17.85459081139636,False,-1.1327051769854017,False
2024-12-19,247.99029541015625,250.18437937092787,245.30975151809525,245.7168011678756,60882300,0.0070145244922201755,0.0069900371599346525,1.96565266587161,0.07236046013939457,0.13414457357357643,2024,17.924453066467066,False,0.2922686212504454,False
2024-12-20,252.65646362304688,253.16278373693368,243.9198625662762,246.25292226826556,147495300,0.01881593070072829,0.018641100731113018,3.658295947831965,1.422630222577005,0.14095975472382274,2024,18.809306875609565,False,0.8836499490188229,False
2024-12-23,253.4308319091797,253.8080837794399,251.6239373953799,252.9344343151273,40858800,0.0030649059004013157,0.0030602186511885297,0.8618313595098477,-0.7229823594378939,0.1411821706113307,2024,17.52563280282139,False,0.09434892882221739,False
2024-12-24,256.3397521972656,256.34965954757746,253.45069916161225,253.64927033575188,23234700,0.011478162566772365,0.01141278823470223,1.1309055115783693,-0.4313415959352698,0.1401584489136038,2024,16.961157451901094,False,0.5159463902016642,False
2024-12-26,257.15380859375,258.2260444048055,255.77383898408215,256.32980188696064,27237100,0.0031756931553008627,0.0031706612920804583,0.9535948287654386,0.1722595944858336,0.1394198795823364,2024,17.12009060920619,False,0.09990059891514864,False
2024-12-27,253.74853515625,256.836144148833,251.2367643772991,255.97238682838488,42355300,-0.013242166064433514,-0.013330625341669195,2.2066648653108443,0.555059092194103,0.152733222276645,2024,17.561604142421523,False,-0.7228162208381655,False
2024-12-30,250.38296508789065,251.67360197393796,248.9434149702759,250.4127477342041,35557500,-0.013263406885430595,-0.013352151443498274,1.090404454114396,-0.16049467244949278,0.16304597207142665,2024,17.386661690549982,False,-0.7238806215292534,False
2024-12-31,248.6157989501953,251.4551941340452,247.63292614272083,250.6212497119267,39480700,-0.007057852905747897,-0.007082877365050706,1.5374195877592132,0.11033396611122837,0.16495735556121427,2024,17.491322528197657,False,-0.4129135480124254,False
