Price,Close,High,Low,Open,Volume
Ticker,AAPL,AAPL,AAPL,AAPL,AAPL
Date,,,,,
2020-01-02,72.27153778076172,72.3316938789073,71.02991503384398,71.28256770874596,135480400
2020-01-03,71.56893157958984,72.32689716209705,71.34515259353762,71.50155702432866,146322800
2020-01-06,72.13916778564453,72.17766855781666,70.44276927666618,70.69302062414934,118387200
2020-01-07,71.7999267578125,72.40388908002937,71.5809576466451,72.14882777323544,108872000
2020-01-08,72.95491790771484,73.25569843032547,71.50395296037216,71.50395296037216,132079200
2020-01-09,74.50453186035156,74.6970284371342,73.6791919560673,73.92943603722999,170108400
2020-01-10,74.67298126220703,75.23604892918155,74.17248564445511,74.73795456246773,140644800
2020-01-13,76.26829528808594,76.29476778625667,74.87026834030729,74.98817927043977,121532000
2020-01-14,75.23844146728516,76.4150983993522,75.11572800719021,76.2057563300334,161954400
2020-01-15,74.916015625,75.91701422144251,74.48529580198468,75.03873644474652,121923600
2020-01-16,75.85442352294922,75.9651160195382,75.09645823135983,75.45739478385697,108829200
2020-01-17,76.69420623779297,76.69660748800922,75.7966747158336,76.10226501476049,137816400
2020-01-21,76.17447662353516,76.76400206376488,76.03731893774885,76.32366259336249,110843200
2020-01-22,76.44638061523438,76.99740524586852,76.35253356734525,76.65812393494353,101832400
2020-01-23,76.81454467773438,76.89394751401544,75.95310504727735,76.49932724037184,104472000
2020-01-24,76.59317016601562,77.80110229414466,76.40307478925112,77.05998219911793,146537600
2020-01-27,74.34089660644531,75.01945169928203,73.36155372985573,74.60798611282112,161940000
2020-01-28,76.44396209716797,76.6148033558296,75.12052796860432,75.2191848484719,162234000
2020-01-29,78.04413604736328,78.8887302471814,77.33188970578509,78.07060855632155,216229200
2020-01-30,77.9310302734375,77.9839679399373,76.69903440937786,77.12975418029563,126743200
2020-01-31,74.47564697265625,77.64466563733676,74.18208496382785,77.2235730132215,199588400
2020-02-03,74.27113342285156,75.4333461257712,72.7215115901091,73.22200714636392,173788400
2020-02-04,76.72310638427734,76.91320175349885,75.4670464773754,75.8712937858949,136616400
2020-02-05,77.34871673583984,78.14518291668757,76.74715573258482,77.84680366564679,118826800
2020-02-06,78.25344848632812,78.25585707985009,77.06236227335305,77.61820397472934,105425600
2020-02-07,77.18978881835938,78.00261640454451,76.70016229061778,77.75418535570422,117684000
2020-02-10,77.55638885498047,77.55638885498047,75.69918842968313,75.77877968419138,109348800
2020-02-11,77.08848571777344,78.12321641331339,76.87141125259707,78.05086071182195,94323200
2020-02-12,78.91915893554688,78.92398019498478,77.53710627398911,77.53710627398911,113730400
2020-02-13,78.35717010498047,78.68278545723169,77.99055564537478,78.19315895415963,94747600
2020-02-14,78.37650299072266,78.62493413204714,77.8699908243287,78.32584662159003,80113600
2020-02-18,76.94136047363281,77.12225708916644,75.88250875090567,76.0634053664393,152531200
2020-02-19,78.05567932128906,78.28481796940162,77.18255286966328,77.18255286966328,93984000
2020-02-20,77.25492095947266,78.30412292796458,76.75082321347557,77.8169106346844,100566000
2020-02-21,75.5062484741211,77.29110106607291,74.891202892234,76.84970917824121,129554000
2020-02-24,71.9196548461914,73.36682749250087,69.76096006520021,71.69775916241636,222195200
2020-02-25,69.48360443115234,72.96888275320897,69.0132775682206,72.58779705787798,230673600
2020-02-26,70.58586883544922,71.8473240795573,69.10251783059799,69.10975340191128,198054800
2020-02-27,65.97179412841797,68.98191678336323,65.83672522986622,67.80006024068396,320605600
2020-02-28,65.93318939208984,67.15123091808199,61.835280759075644,62.0499482580576,426510000
2020-03-02,72.07164764404297,72.7059931705142,66.98483395876607,68.08468516851758,341397200
2020-03-03,69.78266143798828,73.3234084754312,68.93364883952992,73.24381722467581,319475600
2020-03-04,73.01951599121094,73.17870588852956,70.70163100181635,71.4999874378904,219178400
2020-03-05,70.65098571777344,72.25010562325896,70.28677817477744,71.27808809920204,187572800
2020-03-06,69.71273040771484,70.14447238483373,67.83140857783133,68.01712645055636,226176800
2020-03-09,64.19902038574219,67.07406711242609,63.4344272820737,63.61532393782106,286744800
2020-03-10,68.8227310180664,69.08804757078283,64.9708381447339,66.84493210656007,285290000
2020-03-11,66.4324722290039,67.82899618098686,65.57140256073914,66.9052206904251,255598800
2020-03-12,59.87195587158203,65.12278275616039,59.816481938991764,61.731574731862445,418474000
2020-03-13,67.04511260986328,67.51544677339488,61.01040024313374,63.89027874713733,370732000
2020-03-16,58.41995620727539,62.488918914128035,57.88691260105301,58.35724302986641,322423600
2020-03-17,60.988685607910156,62.1343603897057,57.50099755431687,59.69828839419459,324056000
2020-03-18,59.49569320678711,60.298874658885616,57.19227545874743,57.83144573834236,300233600
2020-03-19,59.03982925415039,60.98386423258545,58.51643550459872,59.66934960367585,271857200
2020-03-20,55.291656494140625,60.74026183260014,54.99257275597992,59.6187005747609,401693200
2020-03-23,54.117034912109375,55.11317353712298,51.280577065059646,55.01187186548029,336752800
2020-03-24,59.54634475708008,59.74171251843163,56.51210499986582,57.008967128821915,287531200
2020-03-25,59.21831130981445,62.28872853386047,58.92405254951491,60.47976255514235,303602000
2020-03-26,62.33455276489258,62.392437317540725,59.42091128360293,59.459503438935364,252087200
2020-03-27,59.7537727355957,61.71468959022156,59.58734725663957,60.962160830090674,204216800
2020-03-30,61.45901870727539,61.63026911474741,60.154150297630075,60.477355032834254,167976400
2020-03-31,61.333587646484375,63.31138954512221,60.781251700779876,61.64955676864546,197002000
2020-04-01,58.10639953613281,59.990135502333565,57.67707190892179,59.45468128316464,176218400
2020-04-02,59.076011657714844,59.12907496179199,57.13921209995254,57.96892520332119,165934000
2020-04-03,58.22700500488281,59.26173205327884,57.638487411525155,58.56226659383969,129880000
2020-04-06,63.30656814575195,63.46092940152983,60.14932068380105,60.51593510688668,201820400
2020-04-07,62.573341369628906,65.53281460871749,62.46962908019549,65.31573278898928,202887200
2020-04-08,64.17487335205078,64.48842448399525,63.00748829000569,63.371688404036405,168895200
2020-04-09,64.63797760009766,65.13966834587349,63.84444973045493,64.80923169926753,161834800
2020-04-13,65.90667724609375,66.01521817669068,64.11700321080237,64.71517076301717,131022800
2020-04-14,69.23513793945312,69.52457536922498,67.0643792982631,67.53471328146745,194994800
2020-04-15,68.60324096679688,69.0615109892011,67.68670092198845,68.11361434863234,131154400
2020-04-16,69.1483383178711,69.51254587742164,68.10155073366812,69.3147638013278,157125200
2020-04-17,68.21006774902344,69.21103471741856,66.7773662410789,68.66593066550611,215250000
2020-04-20,66.79425811767578,67.93993657233999,66.77496571925322,67.04028220194732,130015200
2020-04-21,64.7296371459961,66.87145442951221,64.02052176535352,66.63749449289608,180991600
2020-04-22,66.59406280517578,67.02821165517099,65.65340205638569,65.99348115115153,116862400
2020-04-23,66.33599090576172,67.95682478512697,66.29739874664567,66.53859422059466,124814400
2020-04-24,68.25106811523438,68.26071799300543,66.81113116713207,66.85937319528729,126161200
2020-04-27,68.29933166503906,68.62976831599522,67.5226818754922,67.96888765338052,117087600
2020-04-28,67.19224548339844,68.94091302319053,67.10059736775176,68.76001638114307,112004800
2020-04-29,69.39917755126953,69.86709736755677,68.47298779881385,68.67559111709774,137280800
2020-04-30,70.86323547363281,71.0393108397726,69.54872440544703,69.93704563014794,183064000
2020-05-01,69.72238159179688,72.11745102481503,68.94573182479387,69.04220854800435,240616800
2020-05-04,70.70886993408203,70.83670324791197,69.05909368437592,69.74650229526233,133568000
2020-05-05,71.77010345458984,72.59981622891917,71.0223962339129,71.16711494770513,147751200
2020-05-06,72.51058197021484,73.1400984978459,72.0860756657677,72.46957550915792,142333600
2020-05-07,73.26072692871094,73.6056421260466,72.8338134962802,73.13530790467281,115215200
2020-05-08,75.00444030761719,75.05764724717811,73.5920466345589,73.91854342819974,133838400
2020-05-11,76.18468475341797,76.67805029133442,74.30551752010811,74.51351103092436,145946400
2020-05-12,75.31401824951172,77.31652289559408,75.1930940380801,76.86668099114186,162301200
2020-05-13,74.4046401977539,76.4119858446997,73.33083297953847,75.49295772589451,200622400
2020-05-14,74.86175537109375,74.92221747074527,72.92454733645849,73.6452582213304,158929200
2020-05-15,74.41918182373047,74.4651336180388,72.60531851354459,72.6391808380365,166348400
2020-05-18,76.17256927490234,76.54501787394523,75.0503965474728,75.73966595706034,135178400
2020-05-19,75.73240661621094,77.03354472425552,75.70096514534589,76.18949622469526,101729600
2020-05-20,77.20527648925781,77.2754072194724,76.54986193395195,76.58855856818843,111504800
2020-05-21,76.62965393066406,77.60672336639306,76.39263988211127,77.0673988694635,102688800
2020-05-22,77.123046875,77.20527445284804,76.26690139409212,76.368473598234,81803200
2020-05-26,76.60063934326172,78.41691564137308,76.5450115593525,78.2379502036352,125522000
2020-05-27,76.93439483642578,77.07950535982266,75.72031846461518,76.45796054995435,112945200
2020-05-28,76.96825408935547,78.22344788867842,76.3346124557575,76.61031579665872,133560800
2020-05-29,76.89328002929688,77.66961131806718,76.53776259003484,77.21010083931498,153532400
2020-06-01,77.83889770507812,77.9598218875062,76.71671774944491,76.84731793304262,80791200
2020-06-02,78.19926452636719,78.22345084365439,77.13271214546359,77.57287802595609,87642800
2020-06-03,78.62976837158203,78.89096883567885,77.94775395832036,78.51852014905218,104491200
2020-06-04,77.95256805419922,78.75066471951315,77.58011949942701,78.4531959492946,87560400
2020-06-05,80.1727523803711,80.23321448623865,78.17266857529869,78.2016892052146,137250400
2020-06-08,80.64677429199219,80.68063661442805,79.16182879014318,79.87044290894595,95654400
2020-06-09,83.19342803955078,83.58522126328481,80.29608895604107,80.32753042867137,147712400
2020-06-10,85.33380889892578,85.80057465077022,83.7013318100298,84.1390769278612,166651600
2020-06-11,81.23687744140625,84.90330013235034,81.13530524486026,84.48006542527774,201662400
2020-06-12,81.938232421875,84.11486795424553,80.83057003176687,83.36997815286581,200146000
2020-06-15,82.9515609741211,83.60213360857718,80.43391883264572,80.5959604702638,138808800
2020-06-16,85.14997863769531,85.420855036557,83.36997801465319,85.00003381550317,165428800
2020-06-17,85.03146362304688,85.95290528003906,84.91053944359251,85.89244319031188,114406400
2020-06-18,85.06531524658203,85.48129466685762,84.45827358020233,84.98792201010629,96820400
2020-06-19,84.5792465209961,86.23348915637818,83.47399725092669,85.76914423098822,264476000
2020-06-22,86.79212951660156,86.93481917934642,84.92505967255737,84.97101145656654,135445200
2020-06-23,88.64469909667969,90.05951379803278,87.61442248881565,88.03282290304573,212155600
2020-06-24,87.0799331665039,89.19127232771852,86.70748456883423,88.27466483721669,192623200
2020-06-25,88.2359619140625,88.27465854046778,86.47772685166568,87.23471346059793,137522400
2020-06-26,85.52482604980469,88.35203361567392,85.37729473069855,88.13195074987644,205256800
2020-06-29,87.49589538574219,87.59021978453077,84.95648772182999,85.43292926447474,130646000
2020-06-30,88.22628021240234,88.51166689112543,87.06541101774955,87.08475563938902,140223200
2020-07-01,88.05941009521484,88.84541733018017,88.01104484759307,88.30367932080465,110737200
2020-07-02,88.05941009521484,89.59756962987294,87.94574844202161,88.96392805520118,114041600
2020-07-06,90.4150161743164,90.88178176519018,89.45245698793732,89.48389845748481,118655600
2020-07-07,90.13445281982422,91.56861161548748,90.02320465691763,90.79228055894066,112424400
2020-07-08,92.23371124267578,92.2651527115249,91.0220485529992,91.10911780370648,117092000
2020-07-09,92.63035583496094,93.17692818708905,91.58556900054663,93.12372124513385,125642800
2020-07-10,92.79237365722656,92.85042228036532,91.6169942125863,92.22644940084874,90257200
2020-07-13,92.36432647705078,96.695832354325,92.15149869689814,94.09354111984942,191649200
2020-07-14,93.89280700683594,94.08386192882043,90.8164950630273,91.74760549870197,170989200
2020-07-15,94.53852844238281,96.01138416249864,93.34379687777705,95.7622806311285,153198000
2020-07-16,93.37525939941406,94.22898406159878,92.7778934824319,93.41395603386725,110577600
2020-07-17,93.18661499023438,93.97987752001936,92.71500761457771,93.82509836770011,92186800
2020-07-20,95.1504135131836,95.28826887148021,92.9302469895083,93.27367496235873,90318000
2020-07-21,93.837158203125,96.01379331608409,93.58805470208915,95.93882091931,103433200
2020-07-22,94.10079956054688,94.78039302096889,93.4526475751938,93.53970946249737,89001600
2020-07-23,89.81766510009766,93.91215697447913,89.00989228366163,93.83476371071059,197004400
2020-07-24,89.59515380859375,89.93858177491317,86.23829692519554,88.0207257853986,185438800
2020-07-27,91.71858215332031,91.81048572351438,90.43195431248509,90.65445070078177,121214000
2020-07-28,90.21186828613281,91.46706199244389,90.20702659484037,91.29051001469016,103625600
2020-07-29,91.94109344482422,92.12490060025137,90.6568789640174,90.69315474979174,90329200
2020-07-30,93.05359649658203,93.15758954142316,90.71008481567014,91.11638837269675,158130000
2020-07-31,102.79524993896484,102.94519477180637,97.53746050279906,99.53029641393837,374336800
2020-08-03,105.38542938232422,107.99738887948055,104.37450494640413,104.67197372398552,308151200
2020-08-04,106.08921813964844,107.17753592025956,104.85336899973937,105.57407987592546,173071600
2020-08-05,106.47376251220703,106.7930041847868,105.34674803582895,105.8111002305475,121776800
2020-08-06,110.18856048583984,110.68193335336008,106.21741336825394,106.80510328626323,202428800
2020-08-07,107.68331146240234,110.16672672210422,106.88861887505509,109.71123083778318,198045600
2020-08-10,109.24847412109375,110.26364648269501,106.6051500806847,109.12490669471406,212403600
2020-08-11,105.99945831298828,109.01105257691337,105.74021214896973,108.5143723583924,187902400
2020-08-12,109.52225494384766,109.77907584610773,106.89346742029055,107.0872920051885,165598000
2020-08-13,111.46055603027344,112.46119213168998,110.41146007450844,110.89845425314837,210082000
2020-08-14,111.36121368408203,111.4508577562041,109.55619139980415,111.28610608884811,165565200
2020-08-17,111.0704574584961,112.50478464058327,110.4453668374708,112.48055471705385,119561600
2020-08-18,111.99598693847656,112.41998472569632,110.48897736471524,110.82333108852379,105633600
2020-08-19,112.13652038574219,113.54661780572758,112.04203328527555,112.4030347872071,145538000
2020-08-20,114.62476348876953,114.73863746481582,112.16072762152713,112.17768930590152,126907200
2020-08-21,120.53168487548828,121.01382862104187,115.56969610018756,115.58180736652324,338054800
2020-08-24,121.9732666015625,124.81042301409434,120.11252368244841,124.72561457851019,345937600
2020-08-25,120.97262573242188,121.31667291273054,119.25482982936344,120.84906568793242,211495600
2020-08-26,122.61772155761719,123.07321745146164,121.22216092863566,122.28579308436115,163022400
2020-08-27,121.15190887451172,123.55052326117902,120.01074388155709,123.21859477393856,155552400
2020-08-28,120.95568084716797,122.54021598651187,120.73277587733193,122.1234863946809,187630000
2020-08-31,125.05755615234375,126.95707306517328,122.11138325352543,123.64262300855076,225702700
2020-09-01,130.03887939453125,130.63975477764288,126.50153297923832,128.66270574189053,151948100
2020-09-02,127.34468078613281,133.7216082722021,123.08048105831436,133.34364518172669,200119000
2020-09-03,117.14937591552734,124.86371200273943,116.7811062092152,122.99328312594758,257599600
2020-09-04,117.22691345214844,119.88234909092412,107.46769559812107,116.36438135713807,332607200
2020-09-08,109.3381118774414,115.3176895401304,109.20243319485355,110.43323478516716,231366600
2020-09-09,113.6992416381836,115.4630720645518,111.70282021985868,113.641095738678,176940500
2020-09-10,109.98741912841797,116.78107546431981,109.02797501855585,116.64539679803357,182274400
2020-09-11,108.5434341430664,111.6737525060593,106.6051585333688,111.03411800577045,180860300
2020-09-14,111.79975128173828,112.35215960156188,109.3187605672934,111.17950360312706,140150100
2020-09-15,111.97419738769531,115.16266206661024,110.10376088589828,114.678093101315,184642000
2020-09-16,108.66943359375,112.42000005035005,108.58221472900694,111.67376709645097,154679000
2020-09-17,106.9346694946289,108.73726653223142,105.35497742143326,106.33380874471821,178011000
2020-09-18,103.54267883300781,107.45799642585531,102.81582548420052,106.99281442322203,287104900
2020-09-21,106.68268585205078,106.78929159662262,99.91810106836907,101.31366180172101,195713800
2020-09-22,108.3592758178711,109.37687328481859,105.79106701888293,109.20242821602568,183055400
2020-09-23,103.81405639648438,108.65005253506956,103.47485221017152,108.17517702574132,150718700
2020-09-24,104.88008880615234,106.84743726159023,101.75946405865736,101.92421570211286,167743300
2020-09-25,108.81476593017578,108.96983149153748,104.34704111001957,105.08358773862179,149981400
2020-09-28,111.41207122802734,111.76096139819123,109.29935070600561,111.46053107152444,137672400
2020-09-29,110.56893920898438,111.75128862730942,110.06499075546874,111.01474914862773,99382200
2020-09-30,112.23583984375,113.64109400987672,110.11343321080598,110.27818485285505,142675200
2020-10-01,113.18559265136719,114.0868910063814,112.25522134843862,114.00935821598722,116120400
2020-10-02,109.53192901611328,111.80940830617745,108.75662336739482,109.40594378910399,144712000
2020-10-05,112.90455627441406,113.04992842651572,110.04560265679896,110.39449286426901,106243800
2020-10-06,109.6676254272461,112.53627212533412,108.78570657319916,112.12922867288654,161498200
2020-10-07,111.52838134765625,111.98387730301256,110.6076959885073,111.08257884073628,96849000
2020-10-08,111.42178344726562,112.80765091391855,111.05350632008391,112.66227875286972,83477200
2020-10-09,113.36003875732422,113.38911170550134,111.37330350063716,111.72219366663035,100506900
2020-10-12,120.56074523925781,121.31667154926015,115.59875698215505,116.35468329215739,240226800
2020-10-13,117.36257934570312,121.52018115565947,115.95733257416443,121.4038819645373,262330500
2020-10-14,117.4498062133789,119.23301612314903,115.92826024261022,117.26566767493782,150712000
2020-10-15,116.98463439941406,117.459509897586,114.50364375467132,115.0560520589753,112559200
2020-10-16,115.3467788696289,117.79870373934006,115.14326081684207,117.53703239008934,115393800
2020-10-19,112.40061950683594,116.70358685493457,112.09049566738797,116.25778429784908,120639300
2020-10-20,113.88338470458984,115.30801845057066,112.06140091237076,112.6138091614312,124423700
2020-10-21,113.26314544677734,115.04635557719843,112.8561019222811,113.06931343655647,89946000
2020-10-22,112.17772674560547,114.39705371708895,111.05352308398986,113.82525843569856,101988000
2020-10-23,111.48961639404297,112.95301658165369,110.75306957595657,112.79795098039979,82572600
2020-10-26,111.49931335449219,112.95302013932815,109.39627858637218,110.49140909640037,111850700
2020-10-27,113.00145721435547,113.66047116286873,111.00503586765389,111.92571374848922,92276800
2020-10-28,107.76812744140625,111.86758385649746,107.67121513386326,111.49931413026005,143937800
2020-10-29,111.76097869873047,113.32129125851726,108.73726588721904,108.90202494425338,146129200
2020-10-30,105.50035858154297,108.53375772487753,104.395541902172,107.63245912918691,190272600
2020-11-02,105.41313171386719,107.26418875001484,104.00788464199921,105.74264246216923,122866900
2020-11-03,107.03158569335938,108.04917599163862,105.37436086993179,106.27565935922766,107624400
2020-11-04,111.40239715576172,112.02264481194184,108.88264012828803,110.61739783333208,138235500
2020-11-05,115.3564682006836,115.92826333290571,113.26313445106743,114.3097976289083,126387100
2020-11-06,115.22541046142578,115.7205180962264,112.74013248938302,114.86620819105919,114457900
2020-11-09,112.92459106445312,118.4290806298261,112.66247568801708,116.98257616030648,154515300
2020-11-10,112.58480834960938,114.15751541071181,110.79851455087879,112.1770700305599,138023400
2020-11-11,116.00206756591797,116.1379803531598,113.0411019505022,113.76920934216545,112295000
2020-11-12,115.7302474975586,117.011716271587,115.10892975298067,116.12828311248381,103162300
2020-11-13,115.7787857055664,116.17681389575209,114.42936059587085,115.95353177622367,81581900
2020-11-16,116.7884292602539,117.4582830279043,114.7011865774211,115.44870691157024,91183000
2020-11-17,115.90497589111328,117.14761119066519,115.48752740079281,116.06030900690259,74271000
2020-11-18,114.58468627929688,116.32243681277677,114.55556316864666,115.14775777417243,76322100
2020-11-19,115.17686462402344,115.58460292894434,113.40028105826617,114.15751145503081,74113000
2020-11-20,113.91481018066406,115.30306839104708,113.8662741381708,115.17686579253606,73604300
2020-11-23,110.52668762207031,114.18664449638574,110.42960812922888,113.75948583985478,127959300
2020-11-24,111.80816650390625,112.46831748552103,109.30347536130687,110.58495144916897,113874200
2020-11-25,112.64305877685547,113.34204301090116,111.80816176471099,112.17707422528561,76499200
2020-11-27,113.18671417236328,114.06044449798334,112.82751927666311,113.1673012347678,46691300
2020-11-30,115.57490539550781,117.4388583652438,113.40028619079179,113.5556193082818,169410200
2020-12-01,119.1377944946289,119.86590193418374,116.50690050184049,117.47771042124693,127728200
2020-12-02,119.48726654052734,119.76880225855713,117.36119080484525,118.45820316266558,89004200
2020-12-03,119.35137176513672,120.16684852789926,118.64267727747634,119.91443587941438,78967600
2020-12-04,118.68151092529297,119.27370556007313,117.97281643546543,119.02129291081638,78260400
2020-12-07,120.1377182006836,120.93378197653361,118.68150343461471,118.73974965511624,86712000
2020-12-08,120.74932098388672,121.33181279274314,119.49697544555106,120.73961821864586,82225500
2020-12-09,118.22522735595703,122.27350282433629,117.46799682595132,120.89495455654684,115089200
2020-12-10,119.64259338378906,120.25420827611856,116.64279476467264,116.98257670113864,81312200
2020-12-11,118.8368148803711,119.1765967824479,117.03110830740295,118.8562278147655,86939800
2020-12-14,118.22522735595703,119.74939858875337,117.99223505596105,119.02129117041069,79184500
2020-12-15,124.14716339111328,124.16658373624205,120.50662638207584,120.71049556577894,157243700
2020-12-16,124.0792007446289,124.62285187377786,122.86568846942772,123.69088274191743,98208600
2020-12-17,124.94322204589844,125.79753943581208,124.30248400346319,125.13738104904724,94359800
2020-12-18,122.96278381347656,125.33156230733624,122.43854558581786,125.19564951572379,192541500
2020-12-21,124.48695373535156,124.56462030770652,119.84648343417716,121.3706547348561,121251600
2020-12-22,128.03038024902344,130.48652745671254,125.86546408305279,127.7682574980973,168904800
2020-12-23,127.13725280761719,128.56432952785477,126.96249934769376,128.30222155804168,88223700
2020-12-24,128.11778259277344,129.56429466422506,127.27318272727676,127.48676208852152,54930100
2020-12-28,132.7000274658203,133.33104806992824,129.6128438187215,130.0788433061159,124486200
2020-12-29,130.93310546875,134.7386778886634,130.41857748936,134.02028815847115,121047300
2020-12-30,129.81668090820312,132.02042318765425,129.50601467789232,131.62238763508645,96452100
2020-12-31,128.81674194335938,130.80690479845464,127.8750553457784,130.1661668388547,99116600
2021-01-04,125.63250732421875,129.70990576661,123.05985971825433,129.62253643457043,143301900
2021-01-05,127.18577575683594,127.89447751624492,124.68108490808069,125.12766389601812,97664900
2021-01-06,122.90452575683594,127.2246340413711,122.6909464043688,123.99183545726343,155088000
2021-01-07,127.09842681884766,127.78770834669253,124.1277509770645,124.61315591365346,109578200
2021-01-08,128.19546508789062,128.75853667263522,126.42858375506596,128.56436281946557,105158200
2021-01-11,125.21504211425781,126.37030813032683,124.74905756448756,125.41891868730954,100384500
2021-01-12,125.04029846191406,125.90431854480057,123.1569251813032,124.74905257493837,91951100
2021-01-13,127.06932830810547,127.61297957219367,124.73939008676004,125.00149813762589,88636800
2021-01-14,125.14710998535156,127.17609915715049,125.00147960973679,126.98194013638121,90221800
2021-01-15,123.42877197265625,126.41886828778621,123.29285917712234,125.02089964036091,111598500
2021-01-19,124.09862518310547,124.9529425933155,123.23460500719132,124.05008172781939,90757300
2021-01-20,128.176025390625,128.62260444676102,124.79761120554318,124.9044008833116,104319500
2021-01-21,132.87474060058594,135.59301116722563,129.69048544958548,129.89436203777117,120150900
2021-01-22,135.01048278808594,135.76771300467377,131.0787013937247,132.30191601743337,114459400
2021-01-25,138.74815368652344,140.85480946109453,132.55438158085332,138.89378406433565,157611700
2021-01-26,138.98109436035156,140.08781661999487,137.24333702503608,139.40825291905207,98390600
2021-01-27,137.9132080078125,140.08782682258447,136.31137810940206,139.2432124060488,140843800
2021-01-28,133.08831787109375,137.8452949915903,132.7097026247184,135.44739349341899,142621100
2021-01-29,128.10804748535156,132.7485164111063,126.40913060377333,131.8650760774745,177523800
2021-02-01,130.2244415283203,131.42825115687322,127.1081351803439,129.84582625364877,106239800
2021-02-02,131.0496368408203,132.33109823624255,130.68072432979122,131.7680267032869,83305400
2021-02-03,130.0302734375,131.80685723730443,129.70990440998943,131.79713965825755,89880900
2021-02-04,133.3795623779297,133.38926514344305,130.66129188255576,132.3213832150557,84183100
2021-02-05,132.9663543701172,133.6080499269068,132.09132576396362,133.5399993993488,75693800
2021-02-08,133.1121826171875,133.16079860710033,131.1773789685877,132.2565886683768,71297200
2021-02-09,132.23712158203125,134.0552584795755,132.08157120488215,132.83020097423812,76774200
2021-02-10,131.63433837890625,133.1899609934861,130.67179521713933,132.69409868188646,73046600
2021-02-11,131.381591796875,132.60663492557896,130.05931666495545,132.13022184665593,64280000
2021-02-12,131.6149139404297,131.7704791984505,129.98152323777,130.62321880046613,60145100
2021-02-16,129.49539184570312,132.23715902657875,129.1064787039169,131.7315941955358,80576300
2021-02-17,127.21055603027344,128.55228022303262,125.87856393692216,127.60918638254499,97918500
2021-02-18,126.11192321777344,126.39387225132121,123.87572097237708,125.61606083959396,96856700
2021-02-19,126.2674560546875,127.08416608284661,125.2271451192894,126.62720249840024,87668800
2021-02-22,122.50483703613281,126.12164769737448,122.1159313080217,124.4590755242555,103916400
2021-02-23,122.36872100830078,123.19514104352085,115.10593306236852,120.32697521018065,158273000
2021-02-24,121.87287139892578,122.07704524597303,118.83942290821223,121.47424838833642,111039900
2021-02-25,117.63379669189453,122.9520628532438,117.19628243074794,121.22144033722896,148199500
2021-02-26,117.89632415771484,121.38673620225251,117.83798347678476,119.18942513713463,164560400
2021-03-01,124.24518585205078,124.38130174579385,119.38388273905605,120.31725204661986,116307900
2021-03-02,121.64923095703125,125.14936711599789,121.5422817134225,124.84796874824156,102260900
2021-03-03,118.67412567138672,122.22287832128721,118.46022715397075,121.34784230356715,112966300
2021-03-04,116.79766082763672,120.17140622773192,115.32955269233915,118.37272563793533,178155000
2021-03-05,118.0518798828125,118.5574595470923,114.30867806869652,117.62409026429847,153766600
2021-03-08,113.1322250366211,117.64351287063639,112.98638448752729,117.57545493676041,154376600
2021-03-09,117.73101806640625,118.6741119196786,115.49482341109125,115.72816384952438,129525800
2021-03-10,116.65181732177734,118.7810627593394,116.13651302909358,118.31438187621302,111943300
2021-03-11,118.576904296875,119.79223007158603,117.89632483014077,119.1408172366033,103026500
2021-03-12,117.67268371582031,117.80879958845243,115.85456138090896,117.06016228897577,88105100
2021-03-15,120.55058288574219,120.56030756816384,117.07961303714333,118.04215631738552,92403800
2021-03-16,122.08676147460938,123.6909929248944,121.26034146014726,122.21315268038276,115227900
2021-03-17,121.29920959472656,122.3686945512962,118.94633378896354,120.60890560077927,111932600
2021-03-18,117.18655395507812,119.76304569936237,116.98238014530207,119.47136458953443,121229700
2021-03-19,116.6615219116211,118.0615792444134,116.36012356493978,116.57402203720062,185549500
2021-03-22,119.96721649169922,120.43390477213393,116.92404394954326,116.99210188442348,111912300
2021-03-23,119.14080810546875,120.79364806529563,118.75190240381558,119.90889482634996,95467100
2021-03-24,116.7587661743164,119.49082337056949,116.73932422708299,119.41304074611715,88530500
2021-03-25,117.24488067626953,118.28520644839449,115.69899016650163,116.22401168427893,98844700
2021-03-26,117.84770202636719,118.11021653249013,115.62122444554402,117.01155734823239,94071200
2021-03-29,118.022705078125,119.17969748186921,117.381016985914,118.275494892758,80819200
2021-03-30,116.57405853271484,117.06018887904162,115.56290652222388,116.77823238804083,85671900
2021-03-31,118.76164245605469,120.09363482806863,117.78938178497403,118.27551212051436,118323800
2021-04-01,119.58805084228516,120.73531861862071,119.0921958715762,120.22974638293907,75089100
2021-04-05,122.40760803222656,122.66039785902176,119.65610882120376,120.43392024929994,88651200
2021-04-06,122.70899200439453,123.6034698490668,122.16452851942161,122.99094842847227,80171300
2021-04-07,124.35212707519531,124.37156902257611,121.66868585332091,122.33954801322936,83466700
2021-04-08,126.7438735961914,126.77304022302052,124.95491791825974,125.37298279315496,88844600
2021-04-09,129.3106689453125,129.34955284443396,125.87858997142516,126.199437772379,106686700
2021-04-12,127.59950256347656,129.16484292014434,127.00642292932238,128.8439951014523,91420000
2021-04-13,130.700927734375,130.92455825539042,128.27027730561244,128.76613948780823,91266500
2021-04-14,128.36756896972656,131.2551842091699,128.0078372862974,131.19685094542675,87222800
2021-04-15,130.76902770996094,131.2551579244961,129.93288314753977,130.10789773924117,89347100
2021-04-16,130.43844604492188,130.93429345955573,129.58285222938275,130.57456189416538,84922400
2021-04-19,131.09959411621094,131.71212294052938,129.64120345679902,129.80648595127033,94264200
2021-04-20,129.41763305664062,131.77050236465828,128.15369107517074,131.2746547075029,94812300
2021-04-21,129.79678344726562,130.03984858480732,127.65781320400242,128.68840701349623,68847100
2021-04-22,128.280029296875,130.4287163012516,127.76473251290152,129.349506750087,84566500
2021-04-23,130.5940399169922,131.37183646308597,128.49395363729542,128.49395363729542,78657500
2021-04-26,130.98297119140625,131.31353629033433,129.8551451456873,131.0899204687679,66905100
2021-04-27,130.66207885742188,131.6537886519638,130.38984712331498,131.26487557787047,66015800
2021-04-28,129.8745574951172,131.27461496858584,129.38842725213598,130.5843034959248,107760100
2021-04-29,129.77731323242188,133.26773932174638,128.77588621347985,132.68437715116124,151101000
2021-04-30,127.81336975097656,129.8551078660134,127.43418875564703,128.12448539137938,109839500
2021-05-03,128.86338806152344,130.35096013574108,128.17309147912826,128.3772578570978,75135100
2021-05-04,124.3034896850586,127.84252433773976,123.18538875024454,127.55084325291588,137564700
2021-05-05,124.54659271240234,126.83139629296987,124.42019408305968,125.61607050473611,84000900
2021-05-06,126.14108276367188,126.15080002789722,123.60347484441658,124.34239490228468,78128300
2021-05-07,126.8130874633789,127.835683170004,126.10212100699981,127.43639054602403,78973300
2021-05-10,123.5407485961914,126.16056709673003,123.50179122048604,126.03396862881701,88071200
2021-05-11,122.62527465820312,122.97587617421408,119.5671838636692,120.2781429577982,126142800
2021-05-12,119.56716918945312,121.38838724678817,119.06073823482639,120.18073848547931,112172300
2021-05-13,121.70978546142578,122.85900193405529,121.01830882379365,121.32996037075966,105861300
2021-05-14,124.12508392333984,124.55360758966998,122.5668261780835,122.95639247198734,81918000
2021-05-17,122.97586822509766,123.61865372868071,121.90456648281831,123.51152281141687,74244600
2021-05-18,121.5928955078125,123.67706631560182,121.52472197411315,123.25828391420353,63342900
2021-05-19,121.43707275390625,121.66106832172552,119.65481225870738,119.94698879018051,92612000
2021-05-20,123.9887466430664,124.38805416925351,121.83640180117781,121.96301512916867,76857100
2021-05-21,122.15777587890625,124.66072928690556,121.94351406158702,124.48542483913151,79295400
2021-05-24,123.78421020507812,124.60230012567476,122.65447618088876,122.72264972174192,63092900
2021-05-25,123.58942413330078,124.97238470676444,123.02455343641832,124.4854213164092,72009500
2021-05-26,123.5407485961914,124.06666202267431,123.12196609530832,123.64787952179124,56575900
2021-05-27,122.01168060302734,124.3101132618625,121.81690119683103,123.14142196396851,94625600
2021-05-28,121.3591537475586,122.51811120313376,121.30072141546492,122.29410821284534,71311100
2021-06-01,121.03778076171875,122.07986629236983,120.70665425214682,121.8169133247897,67637100
2021-06-02,121.79740905761719,121.97271348131765,120.81376347552442,121.037759031701,59278900
2021-06-03,120.31709289550781,121.59291527515944,119.91778539724056,121.42735201359653,76229200
2021-06-04,122.60577392578125,122.86873431142617,120.61899267015994,120.83325448650514,75169300
2021-06-07,122.61552429199219,123.02456555539773,121.5734387321586,122.87847726693603,71057600
2021-06-08,123.43359375,125.10873085926178,122.91742162506401,123.2972466766342,74403800
2021-06-09,123.81343841552734,124.41726657205889,123.21935146016743,123.89135316418162,56877900
2021-06-10,122.82003784179688,124.84577650141729,122.65447459192099,123.70629386140669,71186400
2021-06-11,124.02767944335938,124.11533537847384,122.81028956380078,123.22907197958327,53522400
2021-06-14,127.07604217529297,127.1344745215217,123.75500589494463,124.48543994424124,96906500
2021-06-15,126.25794982910156,127.19291187851302,126.01447183152456,126.5501263983375,62746300
2021-06-16,126.754638671875,127.47533888931655,125.10873990323489,126.96890049704093,91815000
2021-06-17,128.3518524169922,129.0920350275276,126.26768138864819,126.41377710106734,96721700
2021-06-18,127.05656433105469,128.07916002857564,126.84230250511071,127.30004232774398,108953300
2021-06-21,128.8485565185547,128.95568742961305,125.8391720998025,126.90073257983343,79663300
2021-06-22,130.4846954345703,130.58209255634193,128.18626305147518,128.6829675675103,74783600
2021-06-23,130.21202087402344,130.81585637036997,129.75428108226635,130.28020184164183,60214200
2021-06-24,129.92958068847656,131.12748807728477,129.46209231078763,130.94244245203893,68711000
2021-06-25,129.637451171875,130.3971014851615,129.34527454506005,129.97832637994586,70783700
2021-06-28,131.26382446289062,131.72156417420152,129.8711377936739,129.9295701209538,62111300
2021-06-29,132.7734375,132.92926700154416,130.84509571572818,131.28335318569188,64556100
2021-06-30,133.38697814941406,133.82523552499876,132.32540290188453,132.61757943917965,63261400
2021-07-01,133.6888885498047,133.74732088516166,132.21827209331306,133.03636937045857,52485800
2021-07-02,136.30873107910156,136.34768102067733,134.1563790042736,134.30245986108,78852600
2021-07-06,138.31497192382812,139.41548226335163,136.4158466947496,136.4158466947496,108181800
2021-07-07,140.7985076904297,141.11015189740712,138.938331639493,139.79536435422264,104911600
2021-07-08,139.50311279296875,140.30171263383818,137.00015267093528,137.886415856141,105575500
2021-07-09,141.3243865966797,141.85029259632174,138.92855627210733,139.02595342720224,99890800
2021-07-12,140.7303009033203,142.50282808936566,140.2433448448313,142.3956971620693,76299700
2021-07-13,141.8405303955078,143.61305721006948,139.88297280050324,140.27253162136344,100827100
2021-07-14,145.2589569091797,145.66801299296932,143.8273051980656,144.23636128185524,127050800
2021-07-15,144.60646057128906,146.08681108461445,143.2527233830004,145.3466432583112,106820300
2021-07-16,142.5709686279297,145.85304711779946,142.0742788872529,144.58697348148013,93251400
2021-07-19,138.7337646484375,140.31151223035158,137.9741144596603,139.99985324997218,121434600
2021-07-20,142.33718872070312,143.26241672238854,139.23042288703223,139.71737873604005,96350000
2021-07-21,141.60679626464844,142.31776271135624,140.85689473808662,141.7334095777614,74993500
2021-07-22,142.97027587890625,144.33374665171397,142.00609770767423,142.13271101540525,77338200
2021-07-23,144.684326171875,144.84015561733656,143.08711150767857,143.70068066123733,71447400
2021-07-26,145.10316467285156,145.92124724515625,143.84680978043045,144.40194679352788,72434100
2021-07-27,142.94107055664062,145.31741825019225,141.7528967098648,145.22975487472473,104818600
2021-07-28,141.19775390625,143.13584408542147,138.82140631068384,141.0321906538661,118931200
2021-07-29,141.8405303955078,142.72679380278865,140.80818614558353,140.91531705042755,56699500
2021-07-30,142.05479431152344,142.51253410621536,140.35044843873504,140.61340882010876,70440600
2021-08-02,141.7236785888672,143.11636561756876,141.46071818751764,142.54176110337934,62880000
2021-08-03,143.5156707763672,144.17792379335657,141.3925349204239,142.00610422671278,64786600
2021-08-04,143.11636352539062,143.9344460279435,142.4638442773508,143.42802249439222,56368300
2021-08-05,143.22348022460938,143.9831303102646,142.35669923658142,143.1455654900914,46397700
2021-08-06,142.54075622558594,143.48686754429556,142.04332223777357,142.74559073997008,54126800
2021-08-09,142.49197387695312,143.0869508994325,141.936020036627,142.59926530339968,48908700
2021-08-10,142.0140838623047,144.0721181416092,141.7214694614441,142.83339227832505,69023100
2021-08-11,142.2676239013672,143.10644361120174,141.94574966449076,142.45294678468827,48493500
2021-08-12,145.22299194335938,145.37905487994794,142.24810732768088,142.58949314109574,72282600
2021-08-13,145.42782592773438,145.7594485046543,144.61826619020815,145.30102293180235,59375000
2021-08-16,147.39810180664062,147.4663849394875,142.86263134674047,144.88164213986906,103296000
2021-08-17,146.49098205566406,147.9442754116722,145.41806793520456,146.52999034959836,92229700
2021-08-18,142.75531005859375,147.0079285089272,142.55047558587256,146.11058891263426,86326000
2021-08-19,143.08692932128906,144.35491465635323,140.9411159989395,141.45806146213795,86960300
2021-08-20,144.5402374267578,144.84260006919433,143.1649606824682,143.80870914358007,60549600
2021-08-23,146.02281188964844,146.49098584387335,144.24762936861552,144.65728343893502,60131800
2021-08-24,145.93502807617188,147.14449367144724,145.4766024407117,145.7692167650667,48606400
2021-08-25,144.70602416992188,146.6177576408254,144.15981885908616,146.12030896754547,58991300
2021-08-26,143.90625,145.44733817166107,143.87699005673284,144.6963131171606,48597200
2021-08-27,144.94015502929688,145.08645474475415,143.21374397198983,143.84772924961433,55802400
2021-08-30,149.34884643554688,149.70974393152048,144.94992729692555,145.33032150285524,90956700
2021-08-31,148.090576171875,149.0366872034825,147.56386751356777,148.9001358629917,86453100
2021-09-01,148.7538604736328,151.16302859498964,148.58804915099893,149.06598641010868,80313700
2021-09-02,149.8657684326172,150.90942268736845,148.64655451799135,150.08035127222993,71115500
2021-09-03,150.4998016357422,150.82167596581917,149.3195957587932,149.97309277453053,57808700
2021-09-07,152.8308868408203,153.386840580654,150.5875305279746,151.15324750307346,82278300
2021-09-08,151.28981018066406,153.17226923823645,150.18763608775444,153.11374935418493,74420200
2021-09-09,150.27542114257812,152.26517148741016,150.15836649901337,151.66044621375175,57305700
2021-09-10,145.3010711669922,151.65073329616885,145.03771673531628,151.18255921551165,140893200
2021-09-13,145.86676025390625,147.6906995642944,145.08646034770857,146.92016289482572,102404300
2021-09-14,144.4719696044922,147.34932639599026,143.2917788504928,146.64705797915482,109296300
2021-09-15,145.35952758789062,145.75943323857632,142.76503735858526,144.90110206305175,83281300
2021-09-16,145.12547302246094,145.30104757606733,143.59414799108714,144.78410203525485,68034100
2021-09-17,142.46270751953125,145.15474141357228,142.17009319848557,145.15474141357228,129868800
2021-09-20,139.4195556640625,141.27275491051466,137.79068761664803,140.2583754550107,123478900
2021-09-21,139.89747619628906,141.03867353306788,139.2634909051742,140.38516176883357,75834000
2021-09-22,142.25791931152344,142.82362160529345,140.160861950327,140.8923904729101,76404300
2021-09-23,143.2137908935547,143.4576337545293,142.0530964940377,143.03821629449968,64838200
2021-09-24,143.30154418945312,143.83800136075783,141.97503867631073,142.07258175581498,53477900
2021-09-27,141.7897186279297,142.36519899589,140.27790504587242,141.88726170941032,74150700
2021-09-28,138.41493225097656,141.18498292082313,138.20034939372246,139.72192610299075,108972300
2021-09-29,139.312255859375,140.89235227723765,138.53195600356045,138.96112166840754,74602000
2021-09-30,138.01499938964844,140.8240726910163,137.80041657451724,140.12180436567434,89056700
2021-10-01,139.13670349121094,139.40005789714257,135.68389579904266,138.40517505038864,94639600
2021-10-04,135.71315002441406,138.70754679310303,134.8645818313905,138.26861784072736,98322000
2021-10-05,137.63465881347656,138.7368332577452,135.92775886392107,136.0545619084437,80861100
2021-10-06,138.50267028808594,138.64896997252256,134.96206909492875,136.0349830573943,83221100
2021-10-07,139.7609405517578,140.66804355787346,139.2049866756737,139.53660933038944,61732700
2021-10-08,139.38055419921875,140.62902828496263,139.048931525846,140.48272854170557,58773200
2021-10-11,139.29273986816406,141.24348200456123,138.31736879996546,138.76604603984862,64452200
2021-10-12,138.02474975585938,139.72190071402855,137.56632417893402,139.70238912610083,73035900
2021-10-13,137.43955993652344,137.9174823014052,135.77166862906188,137.76143421982243,78762700
2021-10-14,140.2193603515625,140.33641501765865,138.02477512030043,138.61000380183043,69907100
2021-10-15,141.2727508544922,141.3312707409973,139.97550546602724,140.22911148485912,67940300
2021-10-18,142.94064331054688,143.22349439217342,139.63413574665708,139.91698682828363,85589200
2021-10-19,145.09620666503906,145.49611240776287,142.94064476173952,143.38930715549284,76378900
2021-10-20,145.58387756347656,146.06181473584434,144.4719551618084,145.03767215675973,58418800
2021-10-21,145.7984619140625,145.9545248556128,144.22811391179323,145.1449650896746,61421000
2021-10-22,145.02792358398438,146.48121692115393,144.97915205496275,146.00329463249273,58883400
2021-10-25,144.9791259765625,145.69114254666354,143.98424351880567,145.01813426297446,50720600
2021-10-26,145.64244079589844,147.1249943659197,145.34006320959406,145.65218915043056,60893400
2021-10-27,145.18399047851562,146.04230690415662,144.83285629616836,145.68142436893194,56094900
2021-10-28,148.81240844726562,149.39762230558532,146.03259425054543,146.13013733509126,100077900
2021-10-29,146.11058044433594,146.24713179057537,142.80407331191392,143.59412144965486,124953200
2021-11-01,145.29129028320312,146.01305539533712,144.15985619885288,145.3205502265068,74588300
2021-11-02,146.3251953125,147.8370236875447,144.98892661408803,144.99868985144568,69122000
2021-11-03,147.7589874267578,148.2271614322934,146.13011931995035,146.6860731609645,54511500
2021-11-04,147.24205017089844,148.6758322133497,146.92992422765454,147.84677558220335,60394600
2021-11-05,147.76950073242188,148.66815006608644,146.57781000839395,148.36534609443586,65463900
2021-11-08,146.94898986816406,148.0527725947036,146.67548855791236,147.8964818732159,55020900
2021-11-09,147.3104248046875,147.9160328251653,146.57782868777164,146.71457936674102,56787900
2021-11-10,144.48744201660156,146.64616444006643,144.41907415140022,146.53871644786318,65187100
2021-11-11,144.4385986328125,145.96239567531134,144.25300529217714,145.50331597045192,41000000
2021-11-12,146.50942993164062,146.90990439693277,144.05766590459464,144.9856178095641,63804000
2021-11-15,146.51919555664062,148.3555742437889,145.9624154592678,146.88060480284193,59222800
2021-11-16,147.4960174560547,147.97465228236786,145.87453448172622,146.46061733416252,59256200
2021-11-17,149.92822265625,151.40317727562876,147.48623592599793,147.49599850722544,88807000
2021-11-18,154.20655822753906,154.98799688592075,149.4984160214015,150.1431040324191,137827700
2021-11-19,156.8243865966797,157.28348128204507,152.89766786630707,153.9916731226482,117305600
2021-11-22,157.2834930419922,161.85488526610547,157.26395297389544,157.92816624213555,117467900
2021-11-23,157.6644287109375,158.04537802988585,155.36895531169498,157.3811499145866,96041900
2021-11-24,158.18214416503906,158.37750013405517,155.9355132595911,157.01975602804134,69463600
2021-11-26,153.1711883544922,156.72672078738918,152.73163368073872,155.867151508964,76959800
2021-11-29,156.5215606689453,157.4495124904144,155.1051966783485,155.67173929364688,88748200
2021-11-30,161.46417236328125,161.67906839694083,156.2090119296681,156.2773947152438,174048100
2021-12-01,160.9464569091797,166.34813007275002,160.71202083002768,163.59356203535145,152052500
2021-12-02,159.9598846435547,160.38967666927002,154.13819694441963,155.0563862894109,136739200
2021-12-03,158.08441162109375,161.13202046747685,156.01361213812496,160.2138312915339,118023100
2021-12-06,161.48370361328125,163.98429560873123,160.4678287996897,160.47759138079394,107497000
2021-12-07,167.20767211914062,167.59839885439817,164.43357936996645,165.15641265166715,120405400
2021-12-08,171.01718139648438,171.87676531869016,166.73881675330688,168.13564062689133,116998900
2021-12-09,170.50926208496094,172.64844463234323,169.8841141404718,170.85114615502485,108923700
2021-12-10,175.28578186035156,175.46161263264923,170.63624509261138,171.14418244016858,115402700
2021-12-13,171.66189575195312,177.9036129181879,171.45676231906222,176.91704079075095,153237000
2021-12-14,170.28463745117188,173.61551126067369,168.21383726682737,171.18328686899508,139380400
2021-12-15,175.13929748535156,175.33465344975855,168.31149697974806,171.04652519555987,131063300
2021-12-16,168.26263427734375,176.9365751900634,166.78767978084602,175.11973661793166,150185800
2021-12-17,167.16864013671875,169.44457351876034,165.75229083845704,165.98671202152144,195432700
2021-12-20,165.81089782714844,166.62163920449956,163.5740445559153,164.375008447403,107499100
2021-12-21,168.9757537841797,169.18087236492605,165.19554741578878,167.578929337747,91185900
2021-12-22,171.56419372558594,171.7790897184107,168.15517538914062,169.02452194022183,92135300
2021-12-23,172.1893768310547,172.7461569911751,171.2028195021509,171.76936224404878,68356600
2021-12-27,176.14537048339844,176.23327841950962,172.96102548062714,172.9805506410723,74919600
2021-12-28,175.12950134277344,177.12217071968058,174.38714279522745,175.9793227997058,79144300
2021-12-29,175.2174072265625,176.43840038673264,174.0061766459811,175.16856451921535,62348900
2021-12-30,174.0648193359375,176.379833000267,173.95737131856603,175.30535282655248,59773000
2021-12-31,173.44944763183594,175.07091555859822,173.14662874511,173.9573701608435,64062300
2022-01-03,177.78636169433594,178.63618304508262,173.58615726537937,173.70336783595081,104487900
2022-01-04,175.52999877929688,178.69481886787932,174.96345608354855,178.39201490568885,99310400
2022-01-05,170.8609161376953,175.9890879826122,170.587414831676,175.4420853705736,94537600
2022-01-06,168.00869750976562,171.23212317548703,167.65705080251047,168.69245085589924,96904000
2022-01-07,168.1747283935547,170.09901499255682,167.06118311991872,168.8780217142409,86709100
2022-01-10,168.19424438476562,168.4970482896935,164.26752639043735,165.1564129469489,106765600
2022-01-11,171.01718139648438,171.11485190283432,166.8560422275084,168.32123396506768,76138300
2022-01-12,171.456787109375,173.06849253983535,170.76327115991117,172.03309245435602,74805200
2022-01-13,168.19424438476562,172.52143678948505,167.80351764880953,171.7009330010287,84505800
2022-01-14,169.05386352539062,169.74737940608347,167.11979931497876,167.36399798657283,80440800
2022-01-18,165.85972595214844,168.53613361538314,165.47877665458643,167.53003637041928,90956700
2022-01-19,162.3726043701172,167.11006537282074,162.08934042059263,166.05512514217625,94815000
2022-01-20,160.69248962402344,165.74251639966073,160.3701455866801,163.10517370877471,91420500
2022-01-21,158.6412353515625,162.4702688967568,158.53378733529433,160.60458738914824,122848900
2022-01-24,157.86953735351562,158.53376542721094,151.11012055841888,156.30667494751387,162294600
2022-01-25,156.07223510742188,158.98307875093712,153.3762874615523,155.29079647095608,115798400
2022-01-26,155.98431396484375,160.57524507136318,154.15771304423117,159.70589857439398,108275300
2022-01-27,155.52523803710938,160.03802433796415,154.60704872462142,158.68028043462846,121954600
2022-01-28,166.37744140625,166.39698147337538,159.0221785798324,161.86465470605705,179935700
2022-01-31,170.72418212890625,170.93907816240107,165.57646971606974,166.2113952349244,115541600
2022-02-01,170.5581512451172,170.7828098897894,168.3115200842747,169.97206836673854,86213900
2022-02-02,171.7595672607422,171.79864739328102,169.30781806090394,170.69486467196293,84914300
2022-02-03,168.88778686523438,172.15029228212393,168.12588824034546,170.43112418107953,89418100
2022-02-04,168.60414123535156,170.27659447810953,166.9316879925936,167.9097269846018,82465400
2022-02-07,167.89019775390625,170.12990075671365,167.19578341710826,169.0638417050099,77251200
2022-02-08,170.99058532714844,171.49916986063508,167.66524328351184,167.95865801143464,74829200
2022-02-09,172.40875244140625,172.77062217708496,171.05905354274313,172.1838075995271,71285000
2022-02-10,168.34007263183594,171.62628436106874,167.78259814649985,170.31571564595043,90865900
2022-02-11,164.93650817871094,169.27900403758753,164.34967876719554,168.54547473503922,98670700
2022-02-14,165.17124938964844,165.85587378073802,162.90219149496014,163.69440078491326,86185500
2022-02-15,168.995361328125,169.15185115822308,166.5111487010071,167.21533801275692,62527400
2022-02-16,168.76063537597656,169.5332796330186,166.31553783336227,168.07601104878276,61177400
2022-02-17,165.17124938964844,168.13470669398032,164.77024977354867,167.274027503072,69589300
2022-02-18,163.62596130371094,166.79479876362558,162.54033719370844,166.0906242687398,82772700
2022-02-22,160.71139526367188,163.02934320107533,158.58903724171788,161.35688974047144,91162800
2022-02-23,156.55471801757812,162.5011823133144,156.24173835796486,161.90457789540673,90009200
2022-02-24,159.16610717773438,159.27369208830245,148.66196063900136,149.22922517438823,141147500
2022-02-25,161.22975158691406,161.4938113988268,157.3371452242796,160.24192254485857,91974200
2022-02-28,161.49388122558594,161.78729606715922,158.86295252152024,159.47912219645423,95056600
2022-03-01,159.615966796875,162.94130845487337,158.4129829679633,161.08302534266187,83474400
2022-03-02,162.90223693847656,163.68467142814512,159.3715141755355,160.7798932721996,79724800
2022-03-03,162.57948303222656,165.20063634825544,161.91442341280975,164.7702966304226,76678400
2022-03-04,159.58665466308594,161.91439273743828,158.54016047816125,160.87767357199544,83737200
2022-03-07,155.8016357421875,161.3960207362876,155.54733601828758,159.7724722055909,96418800
2022-03-08,153.9824981689453,159.30303394754864,152.3785144348394,155.33219707675556,131148300
2022-03-09,159.3714599609375,159.82136448965088,155.9092082958325,157.93374136581392,91454900
2022-03-10,155.03875732421875,156.86768560681452,152.55452973284972,156.68185579600046,105342000
2022-03-11,151.33197021484375,155.78205064733166,151.10702542359093,155.43973102802846,96970100
2022-03-14,147.312255859375,150.7353929741164,146.8036862331013,148.12403016599976,108732100
2022-03-15,151.68408203125,152.1535515492418,147.0775261791108,147.58609577139651,92964300
2022-03-16,156.0852813720703,156.48628104894496,151.06795013405093,153.60106822684398,102300200
2022-03-17,157.09262084960938,157.46428044860957,154.16829376386883,155.12676781405298,75615400
2022-03-18,160.3788604736328,160.86788006337628,156.25153394230247,156.98506332691767,123511700
2022-03-21,161.74813842773438,162.69683770871782,159.43017522147943,159.91919485399893,95811400
2022-03-22,165.11253356933594,165.69934795266286,161.2883979046786,161.8752122880055,81532000
2022-03-23,166.47201538085938,168.84864285363813,163.9682231459706,164.30076772924696,98062700
2022-03-24,170.24728393554688,170.31573891650316,166.4720521767643,167.30337650948087,90131400
2022-03-25,170.8830108642578,171.43071043053845,168.95627243907444,170.06146151483682,80546200
2022-03-28,171.74366760253906,171.87080253422522,168.22272096176943,168.38898581373743,90371900
2022-03-29,175.0299072265625,175.07879724912362,172.46743429498167,172.80975399507543,100589400
2022-03-30,173.86602783203125,175.66561632731086,172.81951875433577,174.6288971925018,92633200
2022-03-31,170.77545166015625,174.12034444944086,170.57005683003788,173.9345145849757,103049300
2022-04-01,170.4820098876953,171.0394993928561,168.1640617684755,170.20816010667752,78751300
2022-04-04,174.52133178710938,174.57023673592576,170.60917466091976,170.73632454310336,76468400
2022-04-05,171.2155303955078,174.38438259894033,170.58958593943765,173.60194829792937,73401800
2022-04-06,168.0564422607422,169.81691543605135,166.39377895438548,168.57480173407063,89058800
2022-04-07,168.3596649169922,169.55287391806212,166.11996174699982,167.401190693142,77594700
2022-04-08,166.35467529296875,168.00756384278074,165.48422104719532,168.00756384278074,76575500
2022-04-11,162.11000061035156,165.31796805598518,161.8654908055094,165.00500326610816,72246700
2022-04-12,163.9780731201172,166.13953162244414,162.98046885243798,164.33016786613953,79265200
2022-04-13,166.65785217285156,167.28379658301122,163.10758048377514,163.71395993382896,70618900
2022-04-14,161.6600799560547,167.5087646523774,161.41557017548345,166.8730302686766,75329400
2022-04-18,161.44493103027344,162.94132974863555,159.977872292766,160.32017704396847,69023900
2022-04-19,163.7237548828125,164.1345444765827,160.31040765157212,161.39603175237912,67723800
2022-04-20,163.55747985839844,165.17125338034182,162.45230578739907,165.05387853639598,67929800
2022-04-21,162.76527404785156,167.7630547165198,162.266479452362,165.20059691129774,87227800
2022-04-22,158.23695373535156,164.18343379206294,157.95332893712188,162.80440987833427,84882400
2022-04-25,159.3030242919922,159.58664908398902,154.98009296481885,157.5816658069576,96046400
2022-04-26,153.35655212402344,158.7748828167284,153.2783071958642,158.6868628689345,95623200
2022-04-27,153.131591796875,156.28086402556207,151.96772285920957,152.48608239761126,88063200
2022-04-28,160.04632568359375,160.9070049099631,155.43975472715812,155.7527344180899,130216800
2022-04-29,154.1878662109375,162.55010393809633,153.79665651995063,158.28585264208988,131747600
2022-05-02,154.49105834960938,154.75511815394006,149.9040527150275,153.26850950984627,123055300
2022-05-03,155.97767639160156,157.18067526746918,152.88708408047324,154.67688255687574,88966500
2022-05-04,162.37405395507812,162.8239435793619,155.76250015329012,156.16349976201118,108256500
2022-05-05,153.3271942138672,160.47665766238154,151.5471558846843,160.25171284753384,130525300
2022-05-06,154.052001953125,156.16767394547392,151.0156200226824,152.8080631040653,116124600
2022-05-09,148.93914794921875,152.63177739233632,148.38085428930862,151.75023984870148,131577900
2022-05-10,151.33888244628906,153.52312542416914,149.7913080506125,152.32816310530018,115366700
2022-05-11,143.49325561523438,152.25956414663153,142.81741468212965,150.3495886480442,142689800
2022-05-12,139.6341094970703,143.19940187956024,135.95128476595931,139.83980605277625,182602000
2022-05-13,144.09072875976562,145.06041547307086,140.17282438448345,141.6224448185645,113990900
2022-05-16,142.5529327392578,144.49230601105745,141.22084476017127,142.56273706460962,86643800
2022-05-17,146.17703247070312,146.69615365751025,143.66956086149628,145.80482673464496,78336300
2022-05-18,137.92984008789062,144.33560760113403,137.0287088681347,143.83608013972986,109742900
2022-05-19,134.53106689453125,138.75260707730666,133.7964597180681,137.00914057415054,136095600
2022-05-20,134.76612854003906,137.81230015984903,129.8883411847853,136.23534285932448,137426100
2022-05-23,140.1728057861328,140.31972120246527,134.8248604473741,134.96198648449013,117726300
2022-05-24,137.47927856445312,139.05623582746938,134.51146690573626,137.92003986063096,104132700
2022-05-25,137.635986328125,138.87991021944293,135.50072064953915,135.58886991195646,92482700
2022-05-26,140.8291015625,141.37760590054086,134.32537951243148,134.5702485880299,90601500
2022-05-27,146.56881713867188,146.6079896103765,142.27870662441157,142.4060433122878,90978500
2022-05-31,145.78524780273438,147.567901829154,143.8262952175465,146.01053811087894,103718400
2022-06-01,145.65786743164062,148.62567820823514,144.6489935062906,146.82343119645515,74286600
2022-06-02,148.1065673828125,148.16533354946895,143.84584095281429,144.79593383540592,72348100
2022-06-03,142.39625549316406,144.93309527765794,141.49513917786348,143.88504856420633,88570300
2022-06-06,143.14064025878906,145.52077501341512,141.92608448379778,144.01237341190438,71598400
2022-06-07,145.65786743164062,145.94190886611432,141.1424829420523,141.3873519166599,67808200
2022-06-08,144.9232940673828,146.79408210793065,144.4335560047601,145.5305644824367,53950200
2022-06-09,139.7124786376953,144.91349464755012,139.60473566244548,144.06135517233236,69473000
2022-06-10,134.3155517578125,137.8710395567264,134.24698126233585,137.40089525066517,91437900
2022-06-13,129.17332458496094,132.4251777606438,128.7423526705115,130.14299644685158,122207100
2022-06-14,130.03526306152344,131.14207601932122,128.7815346427886,130.3976794412042,84784300
2022-06-15,132.65045166015625,134.52125474775525,129.4475753177957,131.5338494146611,91533000
2022-06-16,127.3906478881836,129.67282879246193,126.39157816992548,129.36919361966238,108123900
2022-06-17,128.85986328125,130.3486710219844,127.14578023984714,127.40045357119396,134520300
2022-06-21,133.08140563964844,134.2469845261448,130.58375367786297,130.68169231513036,81000500
2022-06-22,132.57212829589844,134.93265491125933,131.1616799782049,132.02360899242208,73409200
2022-06-23,135.43215942382812,135.74558399228505,132.84634321517927,134.0119221215175,72433800
2022-06-24,138.75262451171875,138.99749360130787,136.90141479225005,137.02873655581266,89116800
2022-06-27,138.75262451171875,140.54506804098577,138.07678343315314,139.77127334833523,70207900
2022-06-28,134.61920166015625,140.47646473111445,134.50166930718802,139.21294709984699,67083400
2022-06-29,136.3724822998047,137.78293057588337,133.86502534038587,134.63881999394516,66242400
2022-06-30,133.9140167236328,135.53014683096814,131.02456428701487,134.43313802820109,98964500
2022-07-01,136.07858276367188,136.18632571299105,132.87570725736074,133.2478979449589,71051600
2022-07-05,138.6546173095703,138.70359409768392,134.1196387404863,134.94240992218974,73353800
2022-07-06,139.98670959472656,141.16207781793045,138.18447732277275,138.44894003031942,74064300
2022-07-07,143.3463134765625,143.5422056804672,140.33931508968487,140.3491044689141,66253700
2022-07-08,144.02215576171875,144.52169812610057,142.02403114104803,142.2786895406023,64547800
2022-07-11,141.89666748046875,143.63034399150357,140.82904234672395,142.6802511820269,63141600
2022-07-12,142.8663787841797,145.40321819395862,142.07300556646354,142.768425199881,77588800
2022-07-13,142.50399780273438,143.44428658574307,139.20315284375937,140.05530730128564,71185600
2022-07-14,145.42282104492188,145.8929653987599,140.30995449187216,141.12292146669557,78140700
2022-07-15,147.0879364013672,147.76377735798872,145.1583671279135,146.7059412883577,76259900
2022-07-18,144.0515899658203,148.45923341835072,143.68917356336667,147.64626627696484,81420900
2022-07-19,147.90090942382812,148.1261847699647,143.89485526545627,144.88412086859606,82982400
2022-07-20,149.8990020751953,150.5650535340759,147.2838029205586,148.0184099284549,64823400
2022-07-21,152.16165161132812,152.37713759641647,148.82163378808133,151.32909076479385,65086600
2022-07-22,150.92745971679688,153.0725146399616,150.26142318216912,152.20078156045275,66675400
2022-07-25,149.8108673095703,151.85796878260385,149.15462011252404,150.84910958984113,53623900
2022-07-26,148.4886016845703,149.94801169458665,147.70501771546552,149.13504463438227,55138700
2022-07-27,153.57205200195312,154.1009774684585,149.03708779660727,149.44846596743406,78620700
2022-07-28,154.12057495117188,154.40461645264705,151.24091273921562,153.7581586202447,81378700
2022-07-29,159.17466735839844,160.27169083424704,156.22644946059978,157.93074338059327,101786900
2022-08-01,158.19520568847656,160.2325181068246,157.58793518866128,157.70546755749734,67829400
2022-08-02,156.7259521484375,159.07670355733856,156.35376142488207,156.81411634866453,59907000
2022-08-03,162.72036743164062,163.1709180629882,157.45078129075776,157.53893055181024,82507500
2022-08-04,162.40695190429688,163.7586338892835,161.05526991931026,162.6028441618955,55474100
2022-08-05,162.1813507080078,162.67176904705062,159.87637852795464,160.0823608155598,56697000
2022-08-08,161.71055603027344,164.59421857415984,161.05339717997808,163.18181120847004,60276900
2022-08-09,161.75958251953125,162.6423445061743,160.1215870695177,160.8768354992681,63135500
2022-08-10,165.996826171875,166.0949008724902,163.70165667502752,164.4667081851827,70170500
2022-08-11,165.2611846923828,167.71327649760102,164.9669306824805,166.8010905635419,57149200
2022-08-12,168.80198669433594,168.87063747457046,166.1537158722437,166.5656804191666,68039400
2022-08-15,169.87110900878906,170.06727335382837,168.0663730882192,168.2331135298216,54091700
2022-08-16,169.7141876220703,170.3811644180383,168.37044601656845,169.46897842594916,56377100
2022-08-17,171.20504760742188,172.7743773350279,169.26299514755854,169.45915949271176,79542000
2022-08-18,170.81268310546875,171.5483105348056,169.8024226331564,170.42035446304044,62290100
2022-08-19,168.2331085205078,170.41056710828244,168.02712623620275,169.71416649279175,70346300
2022-08-22,164.35879516601562,166.6049043800519,163.9370276482697,166.43816395511286,69026800
2022-08-23,164.0253143310547,165.47696339789675,163.4564272588674,163.87819481513557,54147100
2022-08-24,164.31959533691406,164.8884825026039,163.0641253734546,164.11362798077442,53841500
2022-08-25,166.77166748046875,166.87956011908489,165.1238689631101,165.5456215718219,51218200
2022-08-26,160.48452758789062,167.77215348287845,160.4256797689523,167.30135596498863,78961000
2022-08-29,158.2874298095703,159.7782908024648,156.7573269679059,158.06182659509352,73314000
2022-08-30,155.86476135253906,159.44480926961938,154.6975633016655,159.02305667853338,77906200
2022-08-31,154.20713806152344,157.50274977749038,154.12866933419335,157.23791969354875,87991100
2022-09-01,154.93296813964844,155.38414463005734,151.70600708998924,153.63825654168207,74229900
2022-09-02,152.82415771484375,157.286967514474,152.00025851175562,156.6886565527691,76957800
2022-09-06,151.56869506835938,154.07963464254792,150.7447958267751,153.4715206737186,73714800
2022-09-07,152.9712677001953,153.66765323664163,150.66629592998046,151.85311468464747,87449600
2022-09-08,151.5000457763672,153.36362955067995,149.75414265238146,151.67658920142858,84923800
2022-09-09,154.35427856445312,154.79566708651402,151.7844910019974,152.49069467763707,68028800
2022-09-12,160.29811096191406,161.11220709833708,156.24726616785827,156.53170218353472,104956000
2022-09-13,150.89190673828125,157.46350930410847,150.43091231518306,156.8357744463717,122656600
2022-09-14,152.33375549316406,154.08946168271527,150.66633598686377,151.82371618505977,87965400
2022-09-15,149.4500732421875,152.26508456095567,148.47905455230304,151.6863795720259,90481100
2022-09-16,147.81211853027344,148.44967149809492,145.52676674658431,148.31235493010595,162278800
2022-09-19,151.5196533203125,151.5981220543988,146.24276190884032,146.44872924023372,81474200
2022-09-20,153.89328002929688,155.05067517637016,150.14649142825516,150.46035140561636,107689800
2022-09-21,150.77423095703125,155.6980357811973,150.65653533272163,154.32485530993193,101696800
2022-09-22,149.81301879882812,151.5098622787984,148.01808565192604,149.45991695080835,86652500
2022-09-23,147.54727172851562,148.5673503753869,145.71311171309017,148.29271727039426,96029900
2022-09-26,147.88076782226562,150.82327820825114,146.77241745430226,146.7920383807957,93339400
2022-09-27,148.8517608642578,151.75504386028683,147.0764489671257,149.81299153282302,84442700
2022-09-28,146.96856689453125,147.75323924438212,142.06438341593866,144.81072915722658,146691400
2022-09-29,139.74961853027344,143.9083718149734,137.98410935439225,143.30025780798485,128138200
2022-09-30,135.5516357421875,140.35774479295515,135.35547138562947,138.5726147256006,124925300
2022-10-03,139.72018432617188,140.32831325471835,135.05140704196927,135.56144631438175,114311700
2022-10-04,143.3002471923828,143.41794280659562,141.49549629829846,142.2507447443845,87830100
2022-10-05,143.59446716308594,144.55569777280346,140.2694318056122,141.30913113651346,79471000
2022-10-06,142.64305114746094,144.7126168501461,142.43708385477177,143.01577382273572,68402200
2022-10-07,137.4053955078125,140.35772324812106,136.7776606833551,139.80844218113944,85925600
2022-10-10,137.7290802001953,139.17091126885134,135.91454138275128,137.7290802001953,74899000
2022-10-11,136.316650390625,138.64124303543636,135.57122005048993,137.21901816017072,77033700
2022-10-12,135.68894958496094,137.67024396939837,135.51240615749046,136.46381898254117,70433700
2022-10-13,140.24986267089844,140.83835578471064,131.79503908177543,132.40316808901153,113224000
2022-10-14,135.72816467285156,141.75050040665323,135.54180333634727,141.54451814883853,88598000
2022-10-17,139.6809844970703,140.16158499262147,137.5819941601383,138.3666666620457,85250900
2022-10-18,140.99526977539062,143.88873492707052,137.91544326382163,142.7019309504816,99136600
2022-10-19,141.10316467285156,142.1722730567363,138.78838952105372,138.974750883936,61758300
2022-10-20,140.6421661376953,143.09425775385319,139.91634163141597,140.2792613677454,64522000
2022-10-21,144.4477996826172,145.01668666487555,139.91632474569775,140.13210997918807,86548600
2022-10-24,146.58599853515625,147.35104973792764,143.20211591268642,144.36931363563602,75981900
2022-10-25,149.420654296875,149.56778877679034,146.4977652190575,147.21377179556336,74732300
2022-10-26,146.48797607421875,149.07738452163943,145.20306734701933,148.06712385627637,88194300
2022-10-27,142.02511596679688,146.1936707329396,141.36795736433479,145.23245523627315,109180200
2022-10-28,152.75550842285156,154.48177557471033,144.98728378991743,145.35999154749908,164762400
2022-10-31,150.4014892578125,151.28425122815005,149.00870300208484,150.22494584357278,97943200
2022-11-01,147.76304626464844,152.47106552613408,146.27218522217615,152.10816072803473,80379300
2022-11-02,142.25074768066406,149.25392123210702,142.2213237765035,146.0956258102425,93604600
2022-11-03,136.2185821533203,140.06345955714755,136.09106861510674,139.33763513663766,97918500
2022-11-04,135.9533233642578,140.16808578570755,132.02346880241154,139.59825507529519,140814800
2022-11-07,136.48387145996094,136.70983394000362,133.29086405936027,134.70561435237354,83374600
2022-11-08,137.0537109375,138.94985902565782,135.07896394018204,137.9477566640864,89908500
2022-11-09,132.50486755371094,136.12034157773797,132.22977893126608,136.07121539704306,74917800
2022-11-10,144.29446411132812,144.29446411132812,137.05371017047622,138.7632027049217,118854000
2022-11-11,147.07481384277344,147.37937519314977,141.83828048896822,143.26286485614494,93979700
2022-11-14,145.67971801757812,147.64464544159856,144.84461786588682,146.3576203774582,73374100
2022-11-15,147.4088592529297,150.89660867721872,145.95481705312972,149.5506380930854,89868300
2022-11-16,146.18075561523438,147.2418181251695,144.70706018330316,146.51480463978803,64218300
2022-11-17,148.07691955566406,148.82358651784583,143.58705356948877,143.8621421866718,80389400
2022-11-18,148.63694763183594,150.0222252429551,147.3401031595605,149.6390649453273,74829600
2022-11-21,145.41445922851562,147.73307435769456,145.12955132737417,147.52676535819396,58724100
2022-11-22,147.54640197753906,147.7821986794849,144.3533947208252,145.53236323934706,51804100
2022-11-23,148.42080688476562,149.16747394284351,146.72113379241404,146.82920540527334,58301400
2022-11-25,145.51271057128906,146.2692118769101,144.54006603549058,145.7092003283938,35195900
2022-11-28,141.69090270996094,144.06846284178744,140.86563687733454,142.59476743015247,69246000
2022-11-29,138.69444274902344,142.27061115238274,137.88883005476464,141.75972566869967,83763800
2022-11-30,145.43409729003906,146.1119996275474,138.08527316426236,138.9203582971881,111380900
2022-12-01,145.70919799804688,146.51482547786148,144.03901260255705,145.61096061666942,71250400
2022-12-02,145.21792602539062,145.4045964870408,143.09580128958288,143.4003775640245,65447400
2022-12-05,144.0586395263672,148.27340168825526,143.21372024795548,145.17864740787067,68826400
2022-12-06,140.40390014648438,144.71691547188212,139.43125562304482,144.49095300364328,64727200
2022-12-07,138.4684600830078,140.85584008868295,137.5449416476374,139.69653991914743,69721100
2022-12-08,140.14845275878906,141.0032064446931,138.62564588690643,139.86354485762612,62128300
2022-12-09,139.66705322265625,143.01725827820258,138.42913927736055,139.84388950557997,76097000
2022-12-12,141.95620727539062,141.9660265170688,138.58634846990296,140.1975885864345,70462700
2022-12-13,142.91900634765625,147.34009332894186,141.71058010364294,146.87833415604433,93886200
2022-12-14,140.69863891601562,144.0881358235322,138.68458524913544,142.8011107216781,82291200
2022-12-15,134.10630798339844,139.3133690938159,133.64454880056923,138.63546667684503,98931900
2022-12-16,132.15118408203125,135.23611943482993,131.38486361161162,134.29296269794702,160156900
2022-12-19,130.04872131347656,132.82909551472687,129.01714637272462,132.74067737544078,79592600
2022-12-20,129.97996520996094,130.91330283228723,127.6122238272619,129.08591954394805,77432800
2022-12-21,133.07470703125,134.41085828161889,130.42205800232537,130.64802045895354,85928000
2022-12-22,129.9111785888672,132.20032094511618,128.0150307307424,131.99401195090732,77852100
2022-12-23,129.54766845703125,130.0978457490201,127.3665977700706,128.62415014924704,63814900
2022-12-27,127.7497787475586,129.1055837164495,126.4627534469259,129.07611099897005,69007800
2022-12-28,123.8297348022461,128.73222692892008,123.66271775984323,127.39607559848972,85438400
2022-12-29,127.3371353149414,128.19187403447657,125.49010604619004,125.74554124055933,75703700
2022-12-30,127.6515121459961,127.67116561919678,125.19536018378078,126.15817798931155,77034200
2023-01-03,122.8767318725586,128.60448941700523,121.9925130634904,127.99536673400503,112117500
2023-01-04,124.14411163330078,126.40378110334795,122.88655931785308,124.66481618620305,89113600
2023-01-05,122.82762145996094,125.52939692056383,122.57218626779334,124.90062068574457,80962700
2023-01-06,127.34695434570312,128.00520329992693,122.699904718632,123.80026688503307,87754700
2023-01-09,127.8676528930664,131.07049435820306,127.61221771125115,128.1820484933381,70790800
2023-01-10,128.43748474121094,128.95818934117645,125.87325369613974,127.97572556898378,63896200
2023-01-11,131.14906311035156,131.16870158744862,128.17219978892,128.94833938796359,69458900
2023-01-12,131.0704803466797,131.90556546211644,129.1350257391296,131.53223946571177,71379600
2023-01-13,132.39683532714844,132.55403315564018,129.35120610397337,129.71471296505177,57809700
2023-01-17,133.55615234375,134.88246968730516,131.77789498509242,132.46561675484807,63646600
2023-01-18,132.8389129638672,136.17928328311848,132.66206171643108,134.42067999537736,69672800
2023-01-19,132.89788818359375,133.86069855178562,131.42419241972087,131.7287538123279,58280400
2023-01-20,135.45225524902344,135.59963378756996,131.8662690124696,132.9076780568954,80223600
2023-01-23,138.6354522705078,140.806703627411,135.4817372209474,135.6978804326285,81760300
2023-01-24,140.0305633544922,140.64952034187644,137.83967329148908,137.84949253259393,66435100
2023-01-25,139.372314453125,139.93231102042415,136.37579688239575,138.41932337339787,65799300
2023-01-26,141.43548583984375,141.72039372676826,139.41159795380088,140.65933109437518,54105100
2023-01-27,143.37091064453125,144.64811636457318,140.57089828761406,140.64949717713105,70555800
2023-01-30,140.49234008789062,142.99762607371383,140.34497649686972,142.41797596075202,64015300
2023-01-31,141.75967407226562,141.8088002532181,139.78492752410364,140.19756045993424,65874500
2023-02-01,142.8796844482422,144.0389993752098,138.8417731528238,141.44529588395375,77663600
2023-02-02,148.17520141601562,148.52887400177488,145.57166328269082,146.28885767804982,118339000
2023-02-03,151.79063415527344,154.6201342687517,145.23760339877686,145.43409313083382,154357300
2023-02-06,149.06922912597656,150.41521473457135,148.13589150827315,149.8945101165513,69858300
2023-02-07,151.9380340576172,152.5078649107581,147.9983592694092,147.9983592694092,83322600
2023-02-08,149.25587463378906,151.86923151834947,148.5190269025848,151.18150996746658,64120100
2023-02-09,148.22430419921875,151.62363543992853,147.782198500911,151.0832773681269,56007100
2023-02-10,148.58836364746094,148.9130734935689,146.8270751036462,147.0632318137508,57450700
2023-02-13,151.38284301757812,151.78625678187208,148.49982115470684,148.52933886882354,62199000
2023-02-14,150.74327087402344,151.3041375201495,148.44079888424892,149.68058802933567,61707600
2023-02-15,152.83912658691406,153.00639866157246,150.42841784233283,150.6547253534473,65573800
2023-02-16,151.2451171875,153.8230981335769,150.8908895372368,151.04831237083192,68167900
2023-02-17,150.10369873046875,150.5464794908576,148.4309630722788,149.90690894964015,59144100
2023-02-21,146.09896850585938,148.87375415444836,146.0300988341385,147.79138776370112,58867200
2023-02-22,146.5220489501953,147.54536466728035,144.80011234851025,146.4826819914061,51011300
2023-02-23,147.0041961669922,147.92912460701393,144.87884561858363,147.68313363952294,48394200
2023-02-24,144.35733032226562,144.82962872471046,143.38320079150859,144.75090982195374,55469600
2023-02-27,145.54794311523438,146.77789803104127,145.08547886576312,145.34131909727375,44998500
2023-02-28,145.04611206054688,146.68932985809187,144.47541123636594,144.69188448050687,50547000
2023-03-01,142.9797821044922,144.86899086128216,142.68458995191014,144.4754113339038,55479000
2023-03-02,143.57017517089844,144.35734928778834,141.59239813777418,142.0647116163666,52238100
2023-03-03,148.60804748535156,148.6867663889097,144.96738452683869,145.66599039801153,70732300
2023-03-06,151.3631591796875,153.79355106354063,150.99909736370918,151.32379221822697,87558000
2023-03-07,149.16891479492188,151.55993956940895,148.7064506179963,151.23522972088062,56182000
2023-03-08,150.41856384277344,151.00894821688513,149.39524794362458,150.35952840818192,47204800
2023-03-09,148.17510986328125,152.06176399701366,147.82088228318355,151.09748364556307,53833600
2023-03-10,146.11862182617188,148.5194958597798,145.242894659562,147.80120650188752,68572400
2023-03-13,148.0570526123047,150.68423448355665,145.33146834316847,145.43970497520198,84457100
2023-03-14,150.14303588867188,150.94004418166887,147.6929755826584,148.85404568502526,73695900
2023-03-15,150.53662109375,150.7924462663543,147.51584514285557,148.76548332238644,77167900
2023-03-16,153.3507537841797,153.95097226183628,149.20825986230471,149.71992520737962,76161100
2023-03-17,152.51441955566406,154.2265223157517,151.80596427660015,153.57710247425993,98944600
2023-03-20,154.8759307861328,155.2892088870571,151.678047720229,152.58330783129233,73641400
2023-03-21,156.7257537841797,156.84382463636302,154.02968755125636,154.7971931327365,73938300
2023-03-22,155.29901123046875,159.53989288471735,155.27932775015748,156.7454392443716,75701800
2023-03-23,156.38136291503906,158.9593583364734,155.15140813839363,156.28297554136526,67622100
2023-03-24,157.68020629882812,157.76875944157217,155.31869907440637,156.31249715364865,59196500
2023-03-27,155.74179077148438,158.19186606543823,155.33836200567538,157.37517430078694,52390300
2023-03-28,155.12188720703125,155.94842821050446,153.47866946121147,155.43676283008696,45992200
2023-03-29,158.19186401367188,158.46737267599337,156.7946372221569,156.8143056879684,51305700
2023-03-30,159.75637817382812,159.8646148025582,158.68386113447403,158.9396863414281,49501700
2023-03-31,162.25563049316406,162.35403288236776,159.31358823359025,159.8350878653574,68749800
2023-04-03,163.5052947998047,163.62336567436975,161.58656801762768,161.6357692200628,56976200
2023-04-04,162.97390747070312,164.16449510354033,162.46224215834394,163.92835343175463,46278300
2023-04-05,161.1339111328125,162.40323287933546,159.20535043705326,162.0982064947886,51511700
2023-04-06,162.01947021484375,162.31466233453045,159.40212310856722,159.8252203026454,45390100
2023-04-10,159.431640625,159.431640625,157.5129143705151,158.8314221542027,47716900
2023-04-11,158.22142028808594,159.75640178486614,157.93606230921543,159.7465675495636,47644200
2023-04-12,157.53262329101562,159.46118408911326,157.2177476424543,158.6346580327857,50133100
2023-04-13,162.90505981445312,163.14121655398105,158.83144989570576,159.0380889195549,68445600
2023-04-14,162.56065368652344,163.6528540223282,161.19294470872245,161.95058596716467,49386500
2023-04-17,162.58035278320312,162.73779061232008,161.39959909302152,162.44259843625022,41516200
2023-04-18,163.8004608154297,164.7253892225956,162.99360326395418,163.43639900098648,49923000
2023-04-19,164.9418487548828,165.46334834295578,162.8853530999642,163.14119328481948,47720200
2023-04-20,163.97756958007812,165.17800667808302,162.90505258707114,163.42655222639002,52456400
2023-04-21,162.37371826171875,163.78077935638615,161.85221862385353,162.4032359760057,58337300
2023-04-24,162.67874145507812,162.9444158925364,161.26183114076272,162.35403159020615,41949600
2023-04-25,161.1437530517578,163.64301445601814,161.1043860925183,162.54097982284455,48714100
2023-04-26,161.1339111328125,162.6295403559192,160.1893142654478,160.44513945575562,45498800
2023-04-27,165.7093505859375,165.85693915334915,162.5409858833323,162.5409858833323,64902300
2023-04-28,166.95896911621094,167.12625617335198,165.1878463008649,165.78806481489534,55275900
2023-05-01,166.8704071044922,167.71661652166532,165.93564455408003,166.56538074727197,52472900
2023-05-02,165.8372344970703,167.61822139630092,164.85327080237903,167.36238122666072,48425700
2023-05-03,164.76473999023438,168.17909567440717,164.47939708632646,166.78186884038578,65136000
2023-05-04,163.13134765625,164.36130237503923,161.67508547315035,162.24578626436005,81235400
2023-05-05,170.78659057617188,171.50487988988195,168.02163990321543,168.23811312336284,113453200
2023-05-08,170.71771240234375,171.06210572406735,169.35000337616833,169.7140651629481,55962800
2023-05-09,169.01547241210938,170.7570775926942,168.84820036158354,170.27494492179522,45326900
2023-05-10,170.77676391601562,171.23922812803062,169.14338031673282,170.24543004162442,53724500
2023-05-11,170.96372985839844,171.7902559418124,169.40906507439723,171.06213225532295,49514700
2023-05-12,170.0375213623047,171.50564580777203,168.49055408757272,171.07210045600348,45533100
2023-05-15,169.5448455810547,170.66811525184778,168.95364468701064,170.6188460048669,37266700
2023-05-16,169.5448455810547,170.5991352991019,169.27880367524853,169.46601779285794,42110300
2023-05-17,170.15574645996094,170.39221479568312,167.91905489711874,169.19013234108013,57951600
2023-05-18,172.48109436035156,172.6683084617715,170.04734111161662,170.4611756877155,65496700
2023-05-19,172.5894775390625,173.80142270664055,172.37270490292832,173.80142270664055,55809500
2023-05-22,171.64358520507812,172.14611049896482,170.90459157041087,171.42681253611994,43570900
2023-05-23,169.04234313964844,170.83564173486545,168.7664533611328,170.58931050155752,50747300
2023-05-24,169.31822204589844,169.8897122746601,168.0176010356781,168.57922839342694,45143500
2023-05-25,170.45135498046875,171.34798918728478,169.17042964019168,169.87986475065702,56058300
2023-05-26,172.85552978515625,173.19055165787438,170.56958397024448,170.77650880236848,54835000
2023-05-30,174.6980743408203,176.36327550868927,173.97879151124883,174.36306754730614,55964400
2023-05-31,174.6488494873047,176.7180379211288,174.16603484344822,174.72767728843633,99625300
2023-06-01,177.4471435546875,177.47670209655325,174.33351350934285,175.09221783191245,68901800
2023-06-02,178.29449462890625,179.11231590276506,176.6292935441097,178.37332240607034,61996900
2023-06-05,176.94461059570312,182.23579939859383,175.4272021453367,179.9498539235026,121946500
2023-06-06,176.58006286621094,177.4766970018392,174.82617090162998,177.328904296753,64848400
2023-06-07,175.21047973632812,178.55073052308683,174.71781728969785,175.82137635899298,61944600
2023-06-08,177.92013549804688,178.18616241252352,174.85577426667564,175.28930462040762,50214900
2023-06-09,178.30441284179688,179.555764726174,177.97925379814166,178.83648170922714,48900000
2023-06-12,181.09286499023438,181.191403498661,178.3142564640164,178.6098569544308,54274900
2023-06-13,180.61988830566406,181.4475575367352,179.76266053311636,180.11737806569877,54929100
2023-06-14,181.25050354003906,181.684048880549,179.34883379218707,180.67901332162722,57462900
2023-06-15,183.28025817871094,183.78278344228747,181.08298811392547,181.26035439367692,65433200
2023-06-16,182.2062530517578,184.245882524342,181.56579797087073,183.98968846409701,101256200
2023-06-20,182.29493713378906,183.36895259993452,181.7037512704965,181.7037512704965,49799100
2023-06-21,181.26036071777344,182.68907870149724,179.91045548906328,182.1865534203878,49515700
2023-06-22,184.25576782226562,184.30503707731958,180.97463389589913,181.04361385994784,51245300
2023-06-23,183.94044494628906,184.80753566864925,182.29495416898448,182.82703803401998,53117000
2023-06-26,182.55113220214844,185.29033397781694,182.51171079012911,184.0882365039062,48088700
2023-06-27,185.30018615722656,185.6253451571229,182.94526040179295,183.1620330683905,50730800
2023-06-28,186.4727020263672,187.11315707618536,184.84692226306757,185.1720661878379,51216800
2023-06-29,186.80772399902344,187.2806907250245,186.16726889716722,186.3052137668684,46347300
2023-06-30,191.1234588623047,191.62596911406445,188.45322195229386,188.81780236383452,85213200
2023-07-03,189.63560485839844,191.03476417603324,188.94586551693624,190.93622568872084,31458200
2023-07-05,188.5221710205078,190.14795071297073,187.82258388907837,188.75865435398987,46920300
2023-07-06,188.99513244628906,189.20205725316632,186.42343432149448,187.0540415419299,45094300
2023-07-07,187.88172912597656,189.84253092683244,187.4481988352347,188.60102706839623,46815000
2023-07-10,185.84210205078125,187.2018550195119,184.2951349736181,186.48255712554894,59922200
2023-07-11,185.31988525390625,186.5219826806886,183.86160879849567,186.384037813756,46638100
2023-07-12,186.98507690429688,188.88674640306317,185.7041517573503,186.89638625272656,60750200
2023-07-13,187.7437744140625,188.38424453327508,186.99493300399138,187.7043680387378,41342300
2023-07-14,187.8915557861328,188.37435523171476,186.84711408565676,187.43829984175193,41616200
2023-07-17,191.14315795898438,191.46831693797242,188.9951421376018,189.08381775872684,50520200
2023-07-18,190.88697814941406,191.47817907078496,189.5962050071137,190.5125649317522,48288200
2023-07-19,192.23687744140625,195.32093388898534,189.82281961650222,190.26622781119138,80507300
2023-07-20,190.2957763671875,193.58675746858663,189.6750169550875,192.22700448393437,59581200
2023-07-21,189.12322998046875,192.10876269219432,188.42364281090323,191.25153499324207,71951700
2023-07-24,189.9213409423828,192.04964595897565,189.42867857936756,190.57165886992988,45377800
2023-07-25,190.77857971191406,191.58655325087184,190.08885537064708,190.49284214012596,37283200
2023-07-26,191.6456756591797,192.7689453418544,190.48299959942145,190.82785426220883,47471900
2023-07-27,190.38449096679688,194.3060801182846,189.72432504433817,193.14340387615707,47460200
2023-07-28,192.95614624023438,193.7444090416655,191.29094501886246,191.8131659299023,48291400
2023-07-31,193.56707763671875,193.60649905306556,192.39453857567588,193.1828015190956,38824100
2023-08-01,192.73941040039062,193.8429695122176,192.41425136889904,193.36016991822595,35175100
2023-08-02,189.7538604736328,192.31569604997566,189.03457754647138,192.17775117305615,50389300
2023-08-03,188.3645477294922,189.54693452970886,187.8915960163783,188.75868668614032,61235200
2023-08-04,179.31927490234375,184.6301752435833,179.25029494609427,182.79747042079737,115956800
2023-08-07,176.22535705566406,180.44254624962392,174.74736976708382,179.4572213905704,97576100
2023-08-08,177.16140747070312,177.62451134366992,174.97398514494694,177.05302113799038,67823000
2023-08-09,175.57504272460938,178.2748232727554,174.41235154839882,178.21570618554995,60378500
2023-08-10,175.35824584960938,178.0974474344709,174.99368050557445,176.84608080013524,54686900
2023-08-11,175.41741943359375,176.2363450471093,174.1939766344996,174.9537053454994,52036700
2023-08-14,177.06517028808594,177.2920967961584,174.9438523177461,175.59504844195268,43675600
2023-08-15,175.0819854736328,177.08489459113486,174.68732936330193,176.49291042563854,43622600
2023-08-16,174.21372985839844,176.1574269074876,174.14465676238186,174.766254405872,46964900
2023-08-17,171.67807006835938,175.14122571711877,171.1650049538571,174.7761679719839,66062900
2023-08-18,172.16151428222656,172.76337470680727,169.6652772069575,170.0007364455324,61172200
2023-08-21,173.4934844970703,173.77962299820936,171.42151715942626,172.7337706675176,46311900
2023-08-22,174.8649444580078,175.30893640777694,173.89802631437342,174.69721483499137,42038900
2023-08-23,178.70301818847656,179.12728783194132,175.9502562936072,176.1377232252428,52722800
2023-08-24,174.02630615234375,178.68332143034684,173.6612333709249,178.25905172631101,54945800
2023-08-25,176.2265167236328,176.7593040006282,173.4737548580186,175.0129348306344,51449600
2023-08-28,177.78541564941406,178.1800717356574,176.16730160755293,177.68674410027091,43820700
2023-08-29,181.66297912597656,182.4325690983829,177.1046362040057,177.30196426395187,53003900
2023-08-30,185.14588928222656,185.34323241647965,182.27473336292013,182.4720614420058,60813900
2023-08-31,185.3629150390625,186.59623408851635,184.97812009783948,185.33331658628876,60794500
2023-09-01,186.9317169189453,187.3855699191495,185.76745585396847,186.96131537308187,45766500
2023-09-05,187.1685333251953,187.44479564304942,185.1064270757959,185.7674844117445,45280000
2023-09-06,180.46914672851562,186.32988234003622,179.04836051297525,185.88587535630464,81755800
2023-09-07,175.19052124023438,175.83185624974686,171.22416252451072,172.84227669356144,112488800
2023-09-08,175.80226135253906,177.83478423163749,175.41746632815568,175.97000602806156,65551300
2023-09-11,176.9665069580078,177.89396541040293,174.97345890425444,177.6670388917848,58953100
2023-09-12,173.94735717773438,177.72624932161176,172.4871113411862,177.09479044187466,90370200
2023-09-13,171.88525390625,174.93401565723292,171.65831231126361,174.15454941477398,84267900
2023-09-14,173.39483642578125,173.75003299454158,171.2636570132194,171.6780505009118,60895800
2023-09-15,172.67457580566406,174.1446979390041,171.50046839224674,174.1249606133089,109259500
2023-09-18,175.5950469970703,176.9862345995646,173.81906442528665,174.12492516303394,67257600
2023-09-19,176.68038940429688,177.23291401853146,174.7662755227223,175.15107052586188,51826900
2023-09-20,173.1481475830078,177.30195805066697,173.0593371622532,176.86782730089922,58436200
2023-09-21,171.60897827148438,173.9473619674597,171.53992021743218,172.22071489897561,63149100
2023-09-22,172.45748901367188,174.7169382879251,171.7273736602944,172.33909518451154,56725400
2023-09-25,173.7302703857422,174.6083930174941,171.82601779128095,171.87535356826675,46172700
2023-09-26,169.66526794433594,172.8620217812148,169.3692683155077,172.4871029695211,64588900
2023-09-27,168.1556854248047,170.7308568174817,166.79411110643792,170.31646332448594,66921800
2023-09-28,168.4121856689453,169.73430008001054,165.38314684947002,167.0801950701548,56294400
2023-09-29,168.92526245117188,170.7604419321708,168.06686209293406,169.72445084440017,51861100
2023-10-02,171.4313507080078,171.97401410977108,168.64897565996583,168.9351141150612,52164500
2023-10-03,170.09938049316406,171.31297744317223,168.54047825044546,169.96124934298015,49594600
2023-10-04,171.3425750732422,171.88523853747708,168.68846972057472,168.80686354725646,53020300
2023-10-05,172.5758819580078,173.10866919518492,170.3756298015613,171.47081778563683,48527900
2023-10-06,175.12149047851562,175.61481822954005,170.8689926183437,171.48072926712837,57266700
2023-10-09,176.6014404296875,176.6606373398207,173.45400756283908,174.45052401213385,42390800
2023-10-10,176.00942993164062,177.32168322438636,175.57529921161475,175.72330653262233,43698000
2023-10-11,177.400634765625,177.4499705441094,175.22999600880442,175.82198018511957,47551100
2023-10-12,178.2985076904297,179.90674578858014,176.6507798893927,177.6670488234186,56743100
2023-10-13,176.46331787109375,179.50220314362676,175.7627859383901,178.9990143278533,51427100
2023-10-16,176.33505249023438,176.69024903281087,174.15453745424634,174.39134016768617,52517000
2023-10-17,174.78602600097656,176.03908277453434,172.46739447379485,174.2926982221929,57549400
2023-10-18,173.4934844970703,175.21027033840411,172.77323025982977,173.23695950912395,54764400
2023-10-19,173.1185760498047,175.466805839834,172.85217485644313,173.69082297603654,59302900
2023-10-20,170.572998046875,173.0790962513972,170.3361953203569,172.97056355030566,64244000
2023-10-23,170.69137573242188,171.68789221712717,167.66233657820504,168.62926966195786,55980100
2023-10-24,171.12550354003906,171.35243005141567,169.1620540054936,170.74070856198063,43816600
2023-10-25,168.81674194335938,170.75057806188605,168.3727349771656,169.58633193718455,57157000
2023-10-26,164.66290283203125,169.09299056011605,163.45918215856796,168.0964590692853,70625300
2023-10-27,165.97515869140625,166.70528904611524,164.60370840247674,164.68264263448572,58499100
2023-10-30,168.01756286621094,168.88582454657922,166.61651382617845,166.76452118815135,51131000
2023-10-31,168.49114990234375,168.61940486913602,165.65943861592592,167.09010101577766,44846000
2023-11-01,171.64840698242188,171.9049319155105,167.84977842632566,168.71803982318505,56934900
2023-11-02,175.2003936767578,175.40758286457637,173.11855033416663,173.17774724497193,77334800
2023-11-03,174.29269409179688,174.46043878115682,171.03674287311975,171.91486569633807,79829200
2023-11-06,176.83824157714844,177.0355696443862,173.85855313497558,174.02628274488598,63841300
2023-11-07,179.39370727539062,180.00542885763969,176.5817331247381,176.78892234542403,70530000
2023-11-08,180.4494171142578,181.00194176498167,179.16676200069597,179.91662978825056,49340300
2023-11-09,179.975830078125,181.66300252138785,179.38383076688,180.51849360423827,53763500
2023-11-10,184.15484619140625,184.32281184408907,181.3194195461175,181.75412225306079,66133400
2023-11-13,182.5741424560547,183.7893232540613,181.9912524470517,183.58186108306094,43627500
2023-11-14,185.1823272705078,185.84425545326624,184.0560589323069,185.4391901985185,60108400
2023-11-15,185.7454376220703,187.21749618530262,185.51821216432265,185.5873762590713,53790500
2023-11-16,187.4250030517578,188.65994715340477,186.37775779056014,187.28668991537342,54412900
2023-11-17,187.40524291992188,188.08693448765234,186.29873780998344,187.9584954748911,50922700
2023-11-20,189.14402770996094,189.598493753426,187.59294582194016,187.60281994734135,46505100
2023-11-21,188.34378051757812,189.21318592585277,187.45462685911554,189.10451024981845,38134500
2023-11-22,189.00570678710938,190.60618938615343,188.53149251239262,189.18354656200316,39617700
2023-11-24,187.68186950683594,188.60066069963858,186.97054048498805,188.57102324664504,24048300
2023-11-27,187.50405883789062,188.37346446074525,186.62477908750498,187.63249787081338,40552600
2023-11-28,188.106689453125,188.77850691885152,187.11873411970524,187.4941619704054,38415400
2023-11-29,187.08908081054688,189.77632029571453,186.69390474066958,188.6006511365786,43014200
2023-11-30,187.66207885742188,188.02763251612237,185.92328320995222,187.55340318726755,48794400
2023-12-01,188.9365692138672,189.25270705783993,186.95076949469112,188.0375263099119,45704800
2023-12-04,187.14834594726562,187.7608884211111,185.19219887595256,187.69172432124148,43389500
2023-12-05,191.09030151367188,192.05849343193452,187.8893210956394,187.91897362196437,66628400
2023-12-06,190.00355529785156,192.4141533735728,189.79607806848605,192.10788966712872,41089700
2023-12-07,191.9300537109375,192.6512567588297,191.25823636118906,191.29776300970337,47477700
2023-12-08,193.3527374267578,193.629363703371,191.33730018286,191.86091528323507,53406400
2023-12-11,190.8531951904297,191.15947399253523,189.11439931154695,190.78404615931,60943700
2023-12-12,192.36477661132812,192.3746507369947,189.4107849369075,190.75440470261375,52696900
2023-12-13,195.5756378173828,195.6151493963814,192.50309623143957,192.74019585543422,70404200
2023-12-14,195.7238311767578,197.21563829918102,193.79732129680679,195.6349188149913,66831600
2023-12-15,195.1903076171875,196.01029713155143,194.6271659416612,195.1507809689053,128538400
2023-12-18,193.53054809570312,194.26164038796966,192.0486152607036,193.72813612536964,55751900
2023-12-19,194.5679168701172,194.5777909959987,193.53056080250687,193.79731295132126,40714100
2023-12-20,192.4833526611328,195.29901651008248,192.4833526611328,194.52841250300128,52242800
2023-12-21,192.33509826660156,194.7061996333918,191.16931844438724,193.73800782299358,46482500
2023-12-22,191.2681427001953,193.0563392932213,190.64572606781581,192.82909873139974,37149600
2023-12-26,190.72476196289062,191.55464074590694,190.5074106042434,191.27801448490152,28919300
2023-12-27,190.8235626220703,191.16935301152336,188.7883770898652,190.1715235726757,48087700
2023-12-28,191.24835205078125,192.31534537884878,190.84328683757997,191.80160450052028,34049900
2023-12-29,190.21099853515625,192.05846979029215,189.4206314221306,191.56449222902597,42672100
2024-01-02,183.4040069580078,186.17028459685415,181.6750853181039,184.89581391743906,82488700
2024-01-03,182.03074645996094,183.64111826756874,181.22061595613366,182.0011090098209,58414500
2024-01-04,179.71893310546875,180.88471299934187,178.70134046081682,179.95603270422265,71983600
2024-01-05,178.99771118164062,180.5586821654936,177.99988188294327,179.79796753554595,62379700
2024-01-08,183.32496643066406,183.36449308108033,179.3138706884217,179.89676064456035,59144500
2024-01-09,182.91004943847656,182.9199235647891,180.52907347198328,181.70474272826013,42841800
2024-01-10,183.9473876953125,184.1548498527509,181.70472508990332,182.12955368013527,46792900
2024-01-11,183.3546142578125,184.7970355796361,181.4083411771675,184.29316874581366,49128400
2024-01-12,183.68060302734375,184.49073341290062,182.95940005422455,183.81891613280496,40477800
2024-01-16,181.41822814941406,182.04062970854807,178.7507369031224,179.96593271976667,65603000
2024-01-17,180.47964477539062,180.72663357001974,178.12832170152117,179.08663943068214,47317400
2024-01-18,186.3579864501953,186.86183815424235,183.59170899023258,183.84857190455077,78005800
2024-01-19,189.25270080566406,189.63800274105876,186.5457131326349,187.0495648712278,68903000
2024-01-22,191.55467224121094,192.9773304317233,189.94430011236668,189.98382677043816,60133900
2024-01-23,192.8291015625,193.39224330006388,191.49537099853464,192.67104017695664,42355600
2024-01-24,192.15728759765625,194.0146482092326,191.999211146671,193.06620457832125,53631300
2024-01-25,191.83128356933594,193.90599578100486,190.78405333725613,192.86863967517039,54822100
2024-01-26,190.10235595703125,192.41416772814074,189.6281416366758,191.93007928184088,44594000
2024-01-29,189.42068481445312,189.8850250589276,187.29658673228502,189.6973111207354,47145600
2024-01-30,185.77511596679688,189.48983770252025,185.21198926058483,188.64019550498801,55859400
2024-01-31,182.178955078125,184.84644650359252,182.12956937209933,184.78715652135838,55467800
2024-02-01,184.6093292236328,184.69824158324056,181.6059517240919,181.77390231724044,64885400
2024-02-02,183.61146545410156,185.0736348136651,177.09095561888776,177.69360884630905,102551700
2024-02-05,185.41941833496094,186.97051518171523,183.60158444736317,185.88375846902116,69668800
2024-02-06,187.01992797851562,187.02980210381148,184.5204024536245,184.60931480628852,43490800
2024-02-07,187.12860107421875,188.74884702540382,186.33823388644547,188.3437817688575,53439000
2024-02-08,186.0517578125,187.25704946443747,185.0934399218184,187.1088621926835,40962000
2024-02-09,186.8134307861328,187.94113632063826,185.97259122428568,186.61557552858977,45155200
2024-02-12,185.13174438476562,186.63535673641036,184.77562606711913,186.3880527684402,41781900
2024-02-13,183.04452514648438,184.20192116931864,181.5310258479947,183.76666370675508,56529500
2024-02-14,182.1641082763672,183.5292310959524,180.472557481369,183.3215042025078,54630500
2024-02-15,181.87722778320312,182.50043860227981,179.3943014199978,181.57057328309747,65434500
2024-02-16,180.34396362304688,182.8565806751117,179.71086599707365,181.44199396902647,49752500
2024-02-20,179.60203552246094,180.46264852115328,178.0588611409836,179.82955095197704,53665600
2024-02-21,180.35386657714844,180.91771184255438,178.71176441081158,179.97795967071906,41371400
2024-02-22,182.3817138671875,182.9653626660908,180.4923231436991,181.50131240098546,52292200
2024-02-23,180.5516815185547,183.04449459753943,180.26480046872615,183.01481932952075,45119700
2024-02-26,179.2063751220703,180.78911167382452,178.70186529911302,180.27473021897956,40867400
2024-02-27,180.66050720214844,181.93658908973126,177.62360710096542,179.1470080612827,54318900
2024-02-28,179.46356201171875,181.145226165725,178.18748003378263,180.54180381169616,48953900
2024-02-29,178.80076599121094,180.6011460945577,177.59392143922238,179.31516246277232,136682600
2024-03-01,177.7225341796875,178.5831471920378,175.46712311031385,177.6137198257161,73563100
2024-03-04,173.2117462158203,174.99232313140854,171.91586043766767,174.25041105183348,81510100
2024-03-05,168.285400390625,170.1846930657021,167.7907924514621,168.91849794898403,95132400
2024-03-06,167.29617309570312,169.39332087872134,166.8609157238647,169.21525418377138,68587700
2024-03-07,167.17752075195312,168.88886037705046,166.67302597532623,167.32589712912582,71765100
2024-03-08,168.88880920410156,171.82678133583968,167.11811956465033,167.17747009753631,76267000
2024-03-11,170.88705444335938,172.49948126334272,170.1946063009313,171.07500788792643,60139500
2024-03-12,171.3618621826172,172.15323790323208,169.16580172767317,171.28272310113206,59825400
2024-03-13,169.28453063964844,171.3223130850131,168.91851047344855,170.90684419661972,52488700
2024-03-14,171.1343536376953,172.43022407386235,170.19460153541087,171.04532782778392,72913500
2024-03-15,170.75843811035156,170.75843811035156,168.4535633292171,169.32407812222547,121752700
2024-03-18,171.84658813476562,175.79356502758816,171.64874797271588,173.67664359575858,75604200
2024-03-19,174.18115234375,174.7054356079408,171.1640405724947,172.45991109697533,55215200
2024-03-20,176.7432098388672,176.7432098388672,173.2018149693641,173.82502584048726,53423100
2024-03-21,169.5219268798828,175.57593855649498,168.99764365136926,175.14068113790177,106181300
2024-03-22,170.42210388183594,171.18380430580046,168.22604350725265,169.90770741812418,71160100
2024-03-25,169.00755310058594,170.085794876263,167.6226416976105,168.73057383883838,54288300
2024-03-26,167.8798370361328,169.57138777241732,167.7512341389727,168.16670300567833,57388400
2024-03-27,171.44100952148438,171.72789059246503,168.27552158079686,168.5722893771007,60273300
2024-03-28,169.63072204589844,170.37263389978352,168.67118150733492,169.89781453968297,65672700
2024-04-01,168.19639587402344,169.40324060587884,167.6523240532299,169.3438900607447,46240500
2024-04-02,167.0192108154297,167.51381877100314,166.41578850586058,167.25662806803024,49329500
2024-04-03,167.82046508789062,168.83935621904524,166.76201196368757,166.96973884210524,47691700
2024-04-04,166.99942016601562,170.06598011820813,166.99942016601562,168.45355351894443,53704400
2024-04-05,167.75123596191406,168.5524984345705,167.12802510796487,167.7611226870966,42104800
2024-04-08,166.6334228515625,167.37533481002382,166.4256959559663,167.20716991074772,37425500
2024-04-09,167.84027099609375,168.24585316442327,166.53451377109624,166.88073030235694,42373800
2024-04-10,165.9706573486328,167.26652787853376,165.30788444762385,166.97966188332379,49709300
2024-04-11,173.15234375,173.5678277091418,166.34654865134516,166.5246002673459,91070300
2024-04-12,174.6460723876953,176.43655077441642,172.33131077483722,172.38075949507746,101670900
2024-04-15,170.82769775390625,174.72521085075485,170.63974431610336,173.46890241983837,73531800
2024-04-16,167.5533905029297,171.88614579113815,166.45536027289515,169.8978273072319,73711200
2024-04-17,166.1882781982422,168.80969440593617,166.1882781982422,167.78091646807817,50901200
2024-04-18,165.23863220214844,166.8213838226369,164.7539260277304,166.21796146542746,43122900
2024-04-19,163.22059631347656,164.60549230510932,162.31051964837013,164.4175539945718,68149400
2024-04-22,164.0515594482422,165.45624419964858,162.99310629576294,163.73501821268977,48116400
2024-04-23,165.10012817382812,165.24851961582092,163.14148491226467,163.56685559955991,49537800
2024-04-24,167.197265625,167.4742448528629,164.41757152765254,164.7439994721628,48251800
2024-04-25,168.05789184570312,168.77012851479734,166.33665071301928,167.70177351115603,50558300
2024-04-26,167.4742431640625,169.49223681731962,167.35552700029277,168.04799015720317,44838400
2024-04-29,171.6289520263672,174.1316669492416,171.2332717193323,171.50034913417457,68169400
2024-04-30,168.49313354492188,173.10288291918897,168.16669051085722,171.46078102452523,65934800
2024-05-01,167.4742431640625,170.84747276952126,167.28628974114312,167.75122238913238,50383100
2024-05-02,171.1640167236328,171.5498103000238,169.04709541575278,170.64962025703286,94214900
2024-05-03,181.4024200439453,184.98337684032407,180.69018337477516,184.637145231003,163224100
2024-05-06,179.7504425048828,182.2135806366563,178.47434543693257,180.383540128798,78569700
2024-05-07,180.43296813964844,182.9060078076493,179.36462828599997,181.47164781905605,77305800
2024-05-08,180.76930236816406,181.09574539643793,179.49320552179933,180.878116710922,45057100
2024-05-09,182.57958984375,182.66861565405213,180.14611203583203,180.5912561815798,48983000
2024-05-10,181.32159423828125,183.34232534295325,180.41028294678514,183.15411695720846,50759500
2024-05-13,184.5210723876953,185.3333368917867,182.87674310968822,183.68900761377958,72044800
2024-05-14,185.6602020263672,186.52199740854093,184.53096697721375,185.73944844741243,52393600
2024-05-15,187.9285888671875,188.849800179078,185.6007724639543,186.13568203158255,70400000
2024-05-16,188.04745483398438,189.29556710780693,187.86916171755817,188.67151097089564,52845200
2024-05-17,188.07716369628906,189.0082902438942,187.3936765447615,187.72056236134898,41282900
2024-05-20,189.23611450195312,190.10781001398533,187.22528381236822,187.54226949481966,44361300
2024-05-21,190.53378295898438,190.91018461353585,189.11727756366656,189.28567056183377,42309400
2024-05-22,189.09744262695312,190.99932654838926,188.47340160760692,190.45451683728567,34648500
2024-05-23,185.11541748046875,189.19651013997458,184.86777806929078,189.1766947549615,51005900
2024-05-24,188.18612670898438,188.7804673088457,186.26444256610336,187.0370913918068,36327000
2024-05-28,188.19602966308594,191.1776023727862,187.3144340702039,189.70166621887228,52280100
2024-05-29,188.49319458007812,190.4346940804733,187.72056087959155,187.81962268312432,53068000
2024-05-30,189.4837646484375,190.36536034504638,188.83000809203267,188.9587703074631,49889100
2024-05-31,190.43470764160156,190.7516933437122,188.11680637508078,189.63235836586054,75158300
2024-06-03,192.19789123535156,193.14883318833753,190.7021546904014,191.07855630297723,50080500
2024-06-04,192.51486206054688,193.47570407411885,191.207318865485,192.80211709386347,47471400
2024-06-05,194.02052307128906,195.04079624688396,193.02996541617088,193.5549597642067,54156800
2024-06-06,192.64364624023438,194.64457691185422,192.33657578915964,193.8422276391208,41181800
2024-06-07,195.0308837890625,195.08041469163098,192.30685040959915,192.81202934049514,53103900
2024-06-10,191.29647827148438,195.4370168860641,190.3356361933404,195.04078477848907,97010200
2024-06-11,205.1940155029297,205.2039307530545,191.80168667352532,191.82148694435384,172373300
2024-06-12,211.05813598632812,218.12080209568063,204.94638168818946,205.41194501546696,198134300
2024-06-13,212.2170867919922,214.70338117421306,209.6020150722442,212.71236564129833,97862700
2024-06-14,210.48361206054688,213.13829945342002,209.30484597389386,211.8307711431916,70122700
2024-06-17,214.62411499023438,216.88258512602053,210.71141546378874,211.35527186274084,93728300
2024-06-18,212.26658630371094,216.5656178731208,210.98877362098574,215.5354294813442,79943300
2024-06-20,207.70010375976562,212.21705896960654,206.87795427864972,211.90997342693947,86172500
2024-06-21,205.53079223632812,209.88923942625428,205.15437552925596,208.40340309586463,241805100
2024-06-24,206.17465209960938,210.69159220230495,204.63928484253907,205.75861973380415,80727000
2024-06-25,207.09588623046875,209.38407188516823,206.64022308060072,207.1751175381149,55549700
2024-06-26,211.2364044189453,212.8312027309874,208.65104852463386,209.5029286499739,66213200
2024-06-27,212.07839965820312,213.70291360533915,210.34492376459474,212.66282504623206,49772700
2024-06-28,208.63125610351562,214.02980761283354,208.3142855019514,213.73263728250333,82542700
2024-07-01,214.70335388183594,215.45617219578955,209.91895899194967,210.08735196554287,60402900
2024-07-02,218.19012451171875,218.29908645117231,213.0689435868198,214.1090169642201,58046200
2024-07-03,219.4580535888672,219.4580535888672,216.9618440422543,217.92268618597842,37369800
2024-07-05,224.2028045654297,224.3117665065084,219.55708698216947,219.55708698216947,60412400
2024-07-08,225.66883850097656,225.69855401964364,221.14198303770854,224.94572057418634,59085900
2024-07-09,226.5207061767578,227.23390886254342,224.23252052432466,225.77778797195694,48076100
2024-07-10,230.78012084960938,230.87918266211804,227.08534498663496,227.1348758928893,62627700
2024-07-11,225.4212188720703,230.19569903805672,223.63821202212716,229.2051413563895,64710600
2024-07-12,228.3631591796875,230.44333633793113,226.52072130415218,226.75846058686048,53046500
2024-07-15,232.1867218017578,234.99000194235262,230.88909361652622,234.2470836578572,62631300
2024-07-16,232.60275268554688,234.03905824310993,230.1362587163494,232.781045805997,43234300
2024-07-17,226.7188262939453,229.27446669281912,224.49997184852458,227.28343626123907,57345900
2024-07-18,222.06321716308594,228.26411801705945,220.17126344980832,228.10562515807683,66034600
2024-07-19,222.1919708251953,224.65846466815103,221.17169771561296,222.6971648700337,49151500
2024-07-22,221.8452911376953,225.62921338494564,220.98349573063444,224.86647978572938,48201800
2024-07-23,222.88536071777344,224.7971447504236,220.57735968997056,222.25140445670337,39960300
2024-07-24,216.4764862060547,222.67738745667293,215.07981125172523,221.88493822578135,61777600
2024-07-25,215.43637084960938,218.7646448818125,212.59346035218633,216.86276105080302,51391200
2024-07-26,215.90194702148438,217.41749898154802,213.9703475571551,216.6349499920164,41601300
2024-07-29,216.17929077148438,217.22927938341869,213.7127969665886,214.91137828370984,36311800
2024-07-30,216.73399353027344,218.24954536257854,214.0792914541732,217.12031036763145,41643800
2024-07-31,219.98301696777344,221.70659250258416,218.54671157945197,219.34906075635598,50036300
2024-08-01,216.2981719970703,222.36038006072013,214.97082835556836,222.25141811315143,62501000
2024-08-02,217.7840118408203,223.46981835778237,215.6543188775265,217.0807092384795,105568600
2024-08-05,207.29400634765625,211.4840610296135,194.14930192882554,197.21012147966275,119548600
2024-08-06,205.2732696533203,208.00721860156926,199.17144565753833,203.36150053141452,69660500
2024-08-07,207.8388214111328,211.62274392073394,204.4412006806638,204.94637966039352,63516400
2024-08-08,211.2958526611328,212.17744837655164,206.8581585633277,211.097744151489,47161100
2024-08-09,214.1981964111328,214.7330909034816,209.96851092003678,210.09728825409005,42201600
2024-08-12,215.7254180908203,217.68898821235913,213.81143620679725,214.27753840147545,38028100
2024-08-13,219.4344024658203,220.04925425523973,217.19314118814535,217.19314118814535,44155300
2024-08-14,219.88064575195312,221.1797757696837,217.87739912826086,218.7401920302427,41960600
2024-08-15,222.8557891845703,223.4805677293667,220.91204211865187,222.73678951211636,46414000
2024-08-16,224.1747283935547,224.94825642777528,221.79462933024135,222.06239369045758,44340200
2024-08-19,224.0160675048828,224.115243980586,221.18970440160442,223.84747960195193,40687800
2024-08-20,224.63092041015625,225.28544883578485,223.57971634413767,223.8970689622142,30299000
2024-08-21,224.5218048095703,226.08869912173634,223.1830133382552,224.64081959285892,34765500
2024-08-22,222.6673583984375,226.44574924370923,222.04257986640772,225.90030886909642,43695300
2024-08-23,224.9581756591797,226.32673228874265,222.46900358067504,223.78797197411373,38677300
2024-08-26,225.2953643798828,225.39454085782168,222.0326640536948,224.87885041051024,30602200
2024-08-27,226.1383056640625,226.95151036486342,223.02435510684418,224.12514736512034,35934600
2024-08-28,224.611083984375,227.95312221094204,223.80779089178384,226.02921369079436,38052200
2024-08-29,227.8837127685547,230.98775191089825,226.9812734022471,228.1911537968638,51906300
2024-08-30,227.1002655029297,228.4886453526855,225.59287085733376,228.28039594132485,52990800
2024-09-03,220.92193603515625,227.10024860517055,219.33520335446548,226.65398476754012,50190600
2024-09-04,219.0178680419922,219.94014563997789,215.67581475954933,219.82114598403248,43840200
2024-09-05,220.53518676757812,223.60946073514918,219.6823205428289,219.79140861107143,36615400
2024-09-06,218.9881134033203,223.37144384512357,217.9468210396507,222.0921370424939,48423000
2024-09-09,219.077392578125,219.4344067184307,214.91223769602945,218.98814282610013,67180000
2024-09-10,218.2840118408203,219.6426417511051,214.9320468059923,217.10388142289187,51591000
2024-09-11,220.81288146972656,221.23930705217748,216.08244775598524,219.62283934479092,44587100
2024-09-12,220.92193603515625,221.69546405563682,217.99641184157417,220.65417167969628,37455600
2024-09-13,220.6541748046875,222.18139254741286,220.06907298412548,221.72521710949164,36766600
2024-09-16,214.5254669189453,215.4179946756504,212.14536768072225,214.74362792854853,59357400
2024-09-17,214.99156188964844,215.10064996456288,212.72056577105593,213.96019610771708,45519300
2024-09-18,218.85919189453125,220.86243852013078,215.7353147340035,215.745241460142,59894900
2024-09-19,226.97132873535156,227.91345980340301,222.7665127356472,223.12352684243388,66781300
2024-09-20,226.30686950683594,231.15630188440372,225.73167932081682,228.06218997691118,318679900
2024-09-23,224.59124755859375,227.54652178723228,223.9367191660146,225.4540253555904,54146000
2024-09-24,225.48377990722656,227.44736512534206,223.85738561877668,226.75316007712865,43556100
2024-09-25,224.4920654296875,225.40443143928672,222.16156973744518,223.06400902085235,42308700
2024-09-26,225.6325225830078,226.604388370512,223.54002631267903,225.41434646896755,36636700
2024-09-27,225.9002685546875,227.6159275297645,225.4143432340109,226.5647236129495,34026000
2024-09-30,231.06707763671875,231.06707763671875,227.74486252768645,228.13162655878588,54541900
2024-10-01,224.33343505859375,227.74488511973175,221.88392424124012,227.61597385138083,63285000
2024-10-02,224.89869689941406,225.4837987967651,221.16989422947793,224.01608068964856,32880600
2024-10-03,223.79788208007812,224.928424248049,221.46738631978812,223.27228007150777,34044200
2024-10-04,224.9185028076172,226.1085447535635,222.27065455992025,226.00936828631617,37245100
2024-10-07,219.8509063720703,223.81772316941647,219.49389225502094,222.63759275105315,39505400
2024-10-08,223.8970489501953,224.10529834651464,221.39795026893304,222.4392426471427,31855700
2024-10-09,227.6357879638672,227.84405251552317,222.96486939830248,223.36154504729694,33591100
2024-10-10,227.13992309570312,227.59611368544336,225.28544108575701,225.89038125247495,28183500
2024-10-11,225.6623077392578,227.5068782710055,225.45404318616428,227.39779019694814,31759200
2024-10-14,229.38116455078125,229.80759005626183,226.703566469934,226.80272780199272,39882100
2024-10-15,231.91000366210938,235.51980588469206,230.44227073800852,231.6719892368544,64751400
2024-10-16,229.85719299316406,230.19436878170097,227.93328446814013,229.67869350471682,34082200
2024-10-17,230.22413635253906,231.91004568892726,228.6076687095473,231.49351658619665,32993800
2024-10-18,233.0504608154297,234.22066437649204,232.0686683201459,234.22066437649204,46431500
2024-10-21,234.51820373535156,234.88514457730523,232.5050454306036,232.5050454306036,36254500
2024-10-22,233.9033660888672,234.2603802258017,230.67041566655348,231.94970749678197,38846600
2024-10-23,228.8456573486328,233.18932661738793,225.87054472777703,232.13812257917175,52287000
2024-10-24,228.65725708007812,228.9051831435476,226.51517225997247,228.0721400698136,31109500
2024-10-25,229.49026489257812,231.28524701350278,227.665532857223,227.83412074973037,38802300
2024-10-28,231.46376037597656,232.78272881287972,230.62082086290692,231.38443735420992,36087100
2024-10-29,231.73150634765625,232.38603471678388,230.39271482775456,231.1662428522856,35417200
2024-10-30,228.19113159179688,231.53316974412917,227.64569128136466,230.68030356750913,47070900
2024-10-31,224.03590393066406,227.92338265648337,223.50037517792762,227.43744214117888,64370100
2024-11-01,221.06077575683594,223.4805363045207,218.44267740554844,219.1368672842602,65276700
2024-11-04,220.16824340820312,220.94177147156717,217.88733586004025,219.15671602208408,44944500
2024-11-05,221.5962677001953,222.0921197268828,219.30543375805163,219.9599620650078,28111300
2024-11-06,220.87237548828125,224.19459083458287,219.35506917081855,220.76328741365683,54561100
2024-11-07,225.59288024902344,225.9895710313294,222.70703236030374,222.7665321945981,42137700
2024-11-08,225.3248291015625,227.01257809039103,224.77878865400953,225.53330763226646,38328800
2024-11-11,222.61447143554688,224.07388164377818,219.90414468405433,223.37892800863307,42005600
2024-11-12,222.61447143554688,223.96467356190874,221.75074442821315,222.9321731823864,40398300
2024-11-13,223.498046875,225.01702229393592,221.15504963584843,222.39604361529624,48566200
2024-11-14,226.5757293701172,227.2210402122622,223.3789275067786,223.3987876531247,44923900
2024-11-15,223.3789520263672,225.2851172657963,222.65421566813873,224.76885944610046,47923700
2024-11-18,226.37718200683594,228.08479108540536,223.54770942404784,223.62713486361545,44633700
2024-11-19,226.63528442382812,228.5017442258817,225.02696106605572,225.34464764897942,36211800
2024-11-20,227.35009765625,228.2733899080337,224.2625040209905,226.4168677573381,35169600
2024-11-21,226.87356567382812,228.50174921258224,224.08381355701644,227.2309725554499,42108300
2024-11-22,228.21383666992188,229.05771868234922,226.4168797117104,226.4168797117104,38168300
2024-11-25,231.19224548339844,231.56951255942457,228.08480637706975,229.79241557012372,90152800
2024-11-26,233.36647033691406,233.87280565588551,231.64893863936055,231.64893863936055,45986200
2024-11-27,233.2373809814453,233.99191506726265,232.12545514826604,232.78070364946953,33498400
2024-11-29,235.62008666992188,236.0966241243161,232.28429419145726,233.1182385238603,28481400
2024-12-02,237.8638153076172,239.0551666028684,235.45133007089746,235.5605381566453,48137100
2024-12-03,240.90174865722656,241.01095673492534,237.17876666593097,238.0822139315433,38861000
2024-12-04,241.25917053222656,242.35125137710352,239.51185632927692,241.12017980186528,44383900
2024-12-05,241.2889862060547,242.77817929899135,240.38555390946996,242.23215395066566,40033900
2024-12-06,241.09039306640625,242.86750503393802,240.33587413565135,241.15989600483465,36870600
2024-12-09,244.97222900390625,245.45870413211114,240.0082527322972,240.08767817050534,44649200
2024-12-10,245.98489379882812,246.42172615122828,243.5723933612922,245.11122909402775,36914800
2024-12-11,244.71414184570312,248.9930875652187,244.48578799816374,246.17355228515189,45205800
2024-12-12,246.1735076904297,246.9478867446912,243.90992066775823,245.11120954102955,32777500
2024-12-13,246.34230041503906,247.4939314395242,244.46591792091505,246.03453629863122,33155300
2024-12-16,249.2313232421875,249.56888515433104,245.86574781090837,246.2033097230519,51694800
2024-12-17,251.65374755859375,252.00123197197036,247.98040799068028,248.27824960945253,51356400
2024-12-18,246.26287841796875,252.4479889260113,245.95511429725673,250.34326772719038,56774100
2024-12-19,247.99029541015625,250.18437937092787,245.30975151809525,245.7168011678756,60882300
2024-12-20,252.65646362304688,253.16278373693368,243.9198625662762,246.25292226826556,147495300
2024-12-23,253.4308319091797,253.8080837794399,251.6239373953799,252.9344343151273,40858800
2024-12-24,256.3397521972656,256.34965954757746,253.45069916161225,253.64927033575188,23234700
2024-12-26,257.15380859375,258.2260444048055,255.77383898408218,256.32980188696064,27237100
2024-12-27,253.74853515625,256.836144148833,251.2367643772991,255.97238682838486,42355300
2024-12-30,250.38296508789062,251.67360197393796,248.9434149702759,250.4127477342041,35557500
2024-12-31,248.6157989501953,251.4551941340452,247.63292614272083,250.6212497119267,39480700
